Smiles,DockingScore_1Reward,QEDReward,Reward,DockingScore_1Property,QEDProperty,Epoch
C1=CC2c3ccccc3NC(C3(C4CCC(c5ccccc5)C4C45CC6CC(CC(C6)C4)C5)NCCCC3CN3CNC4CCCNC43)C2C1,8.4,0.23598210102261563,8.635982101022616,-8.4,0.23598210102261563,200
O=C(CCC1CCCCC1)NC1CCN(C2CC(N3CCOCC3)CNN2)C1(C12CC3CC(CC(C3)C1)C2)C12CC3CC(CC(C3)C1)C2,8.3,0.2866559953120276,8.586655995312029,-8.3,0.2866559953120276,200
O=C(CC1CCNCC1)N1CCCC1C1NNCN1CC1CCNCC1(C12CC3CC(CC(C3)C1)C2)C12CC3CC(CC(C3)C1)C2,8.8,0.31373291919961716,9.113732919199618,-8.8,0.31373291919961716,200
O=C1NC(c2ccccc2)NC2C1CCNC2(c1ccc2c(c1)C1C=CCC1CN2)C1CCC(c2ccccc2)C1C1CCCCC1,9.9,0.21880500844723655,10.118805008447238,-9.9,0.21880500844723655,200
O=C(NCC1CCCN1)C1c2ccccc2C(=O)N(C2C=CC=CC2)C12CCCC2(C12CC3CC(CC(C3)C1)C2)C12CC3CC(CC(C3)C1)C2,7.9,0.31944472655240963,8.21944472655241,-7.9,0.31944472655240963,200
O=C(CCS(=O)(=O)C1=CC=CC2NCCC2C1)N1CCCN2NC(c3ccccc3)CC2C1(C12CC3CC(CC(C3)C1)C2)C12CC3CC(CC(C3)C1)C2,8.8,0.30509303801394183,9.105093038013942,-8.8,0.30509303801394183,200
O=C1CCCC1CCNC(=O)C1NC(c2ccccc2)N2C1CCCCC2(C12CC3CC(CC(C3)C1)C2)C12CC3CC(CC(C3)C1)C2,9.5,0.31868991465626784,9.818689914656268,-9.5,0.31868991465626784,200
c1ccc(C2CCCC(C3NCCCC3CN3CNC4CCCNC43)C2C2CCCC2C23CC4CC(CC(C4)C2)C3)cc1,9.9,0.3327634401761926,10.232763440176193,-9.9,0.3327634401761926,200
O=C1CCCC1CCNC(=O)C1NC(c2ccccc2)N2C1CCCCC2(C1CCCC1C1CCCCC1C12CC3CC(CC(C3)C1)C2)C12CC3CC(CC(C3)C1)C2,8.5,0.26166605789745184,8.761666057897452,-8.5,0.26166605789745184,200
O=C(NC1=CCC2NC(=O)C3CCCN3C(=O)C2C1)C1=CCC(N2CNNN2)CC1(C12CC3CC(CC(C3)C1)C2)C12CC3CC(CC(C3)C1)C2,10.2,0.29539846150085575,10.495398461500855,-10.2,0.29539846150085575,200
O=C1NC(c2ccccc2)NC2C1CCNC2(C1CCN(C23CC4CC(CC(C4)C2)C3)CC1C1CCCC1)C12CC3CC(CC(C3)C1)C2,9.3,0.31034020108909566,9.610340201089096,-9.3,0.31034020108909566,200
C1=CC2c3cc(C4C(c5ccccc5)CCCC4C4(C5CCCC5)NCCCC4CN4CNC5CCCNC54)ccc3NCC2C1,10.1,0.255711500112327,10.355711500112326,-10.1,0.255711500112327,200
O=C(CC1(N2CC=CC2)CCOCC1)NC1NNC(C2CCCCC2)S1(c1ccccc1-c1ccccc1C12CC3CC(CC(C3)C1)C2)C1CCCC1,7.8,0.224368439636697,8.024368439636698,-7.8,0.224368439636697,200
C1=CC2c3cc(C4(C5CCCC(C6CCCCC6)C5C5Nc6ccccc6C6C=CCC65)C=CCC(N5CCCC5)C4)ccc3NCC2C1,9.1,0.3145814982092126,9.414581498209213,-9.1,0.3145814982092126,200
O=C(NC1=CCC2NC(=O)C3CCCN3C(=O)C2C1)C1=CCC(N2CNNN2)CC1(C1CCCC(C2CCCC2)C1c1ccccc1)C12CC3CC(CC(C3)C1)C2,8.7,0.21923621318560102,8.9192362131856,-8.7,0.21923621318560102,200
O=C1NC(=O)C2NCC(=O)C2(N2CCOCC2(C2C(C34CC5CC(CC(C5)C3)C4)CCC2C23CC4CC(CC(C4)C2)C3)C23CC4CC(CC(C4)C2)C3)N1,8.7,0.3027647659455588,9.002764765945559,-8.7,0.3027647659455588,200
C1=CC(C2C(c3ccccc3)CCCC2C23CC4CC(CC(C4)C2)C3)(C23CC4CC(CC(C4)C2)C3)CC(C2=CCC(N3CCOCC3)NN2)C1,8.5,0.2946746863772823,8.794674686377283,-8.5,0.2946746863772823,200
O=C1CC2C(CCCC2(C2CCCC(C34CC5CC(CC(C5)C3)C4)C2c2ccc3c(c2)C2C=CCC2CN3)C2Nc3ccccc3C3C=CCC32)NN1,9.8,0.23901918832153504,10.039019188321536,-9.8,0.23901918832153504,200
O=C(COc1ccccc1)N1CC(C2NCON2)C2(CCOCC2)C1(C12CC3CC(CC(C3)C1)C2)C12CC3CC(CC(C3)C1)C2,7.9,0.4154570246660937,8.315457024666093,-7.9,0.4154570246660937,200
C1=CC(c2ccc(-c3ccccc3)cc2C2CCCCC2)(C2CCCC2)NC(CN2CCC(CCC3NC(C4CCOCC4)NO3)CC2)C1,8.7,0.22162111871194104,8.92162111871194,-8.7,0.22162111871194104,200
c1ccc(C2CCCCC2C2(C3CCCC3C34CC5CC(CC(C5)C3)C4)NCCCC2CN2CNC3CCCNC32)cc1,8.7,0.3288498526949976,9.028849852694997,-8.7,0.3288498526949976,200
C1=CC(C2C(c3ccccc3)CCCC2C23CC4CC(CC(C4)C2)C3)(C23CC4CC(CC(C4)C2)C3)CC(N2CCCC2)C1,9.4,0.31469231033929485,9.714692310339295,-9.4,0.31469231033929485,200
CN(Cc1cccc(C2CCCC2)c1)S1(C23CC4CC(CC(C4)C2)C3)C=CC=C1C(=O)NC1CCCC1C(=O)N1CCc2ccccc2C1,9.1,0.3041632937057887,9.404163293705789,-9.1,0.3041632937057887,200
O=S(=O)(c1ccccc1)N1CC(C2NC(Cc3ccccc3)NO2)C1(C1CCCCC1C1CCCCC1C1CCCC1)C12CC3CC(CC(C3)C1)C2,8.0,0.2701131948382039,8.270113194838205,-8.0,0.2701131948382039,200
O=C(C1CCOC1)N1CCC(OC2NOC(C3CNCCN3)N2)CC1(C1C(c2ccccc2)CCCC1C12CC3CC(CC(C3)C1)C2)C12CC3CC(CC(C3)C1)C2,8.7,0.2318877321648665,8.931887732164865,-8.7,0.2318877321648665,200
O=C(COc1ccccc1)N1CC(C2NCON2)C2(CCOCC2)C1(C12CC3CC(CC(C3)C1)C2)C12CC3CC(CC(C3)C1)C2,7.9,0.4154570246660937,8.315457024666093,-7.9,0.4154570246660937,200
O=C(CC1(N2CC=CC2)CCOCC1)NC1NNC(C2CCCCC2)S1(C1Nc2ccccc2C2C=CCC21)C1C(c2ccccc2)CCCC1C1CCCC1,8.5,0.1904348466424362,8.690434846642436,-8.5,0.1904348466424362,200
O=C1CCCC1CCNC(=O)C1NC(c2ccccc2)N2C1CCCCC2(C12CC3CC(CC(C3)C1)C2)C12CC3CC(CC(C3)C1)C2,9.5,0.31868991465626784,9.818689914656268,-9.5,0.31868991465626784,200
O=C1Nc2ccccc2OCC1CC(=O)N1CCN(C2CCCCN2)CC1(C12CC3CC(CC(C3)C1)C2)C12CC3CC(CC(C3)C1)C2,10.1,0.38780737191673637,10.487807371916736,-10.1,0.38780737191673637,200
O=S(=O)(c1ccccc1)N1CC(C2NC(Cc3ccccc3)NO2)C1(c1ccc2c(c1)OCO2)C12CC3CC(CC(C3)C1)C2,7.6,0.3803952866199503,7.98039528661995,-7.6,0.3803952866199503,200
O=C(C1CCOC1)N1CCCC(CCCN2CCCO2)C1(C12CC3CC(CC(C3)C1)C2)C12CC3CC(CC(C3)C1)C2,8.3,0.3391656493450831,8.639165649345085,-8.3,0.3391656493450831,200
C1=CC(C2CCCCC2)(C2CCCC(C3CCCCC3)C2c2ccccc2)NC(CN2CCC(CCC3NC(C4CCOCC4)NO3)CC2)C1,7.8,0.21430922859230345,8.014309228592303,-7.8,0.21430922859230345,200
O=C(C1CNN(C2CC(c3ncno3)CCN2)C1)N1CCCC1(C1CCCC(c2ccccc2)C1)C1CCCC1N1CCCCC1,7.8,0.4274514023947657,8.227451402394765,-7.8,0.4274514023947657,200
O=C1Nc2ccccc2OCC1CC(=O)N1CCN(C2CCCCN2)CC1(C1C(c2ccccc2)CCC1c1ccccc1)C12CC3CC(CC(C3)C1)C2,9.5,0.25703726393903337,9.757037263939033,-9.5,0.25703726393903337,200
O=C1Nc2ccccc2OCC1CC(=O)N1CCN(C2CCCCN2)CC1(C12CC3CC(CC(C3)C1)C2)C12CC3CC(CC(C3)C1)C2,10.1,0.38780737191673637,10.487807371916736,-10.1,0.38780737191673637,200
C1=CC2c3ccccc3NC(C3CCC(N4CCC5(C6CCCCC6)CC=CCC45)C3C3Nc4ccccc4C4C=CCC43)C2C1,10.3,0.3372039347582824,10.637203934758283,-10.3,0.3372039347582824,200
O=C(CCS(=O)(=O)C1=CC=CC2NCCC2C1)N1CCCN2NC(c3ccccc3)CC2C1(C1C(C23CC4CC(CC(C4)C2)C3)CCC1C12CC3CC(CC(C3)C1)C2)C12CC3CC(CC(C3)C1)C2,6.9,0.2567210275906932,7.156721027590693,-6.9,0.2567210275906932,200
O=C1Nc2ccccc2OCC1CC(=O)N1CCN(C2CCCCN2)CC1(C12CC3CC(CC(C3)C1)C2)C12CC3CC(CC(C3)C1)C2,10.1,0.38780737191673637,10.487807371916736,-10.1,0.38780737191673637,200
O=C1N(CC2CC2)NC2N1CCCCC2(C1C(C2CCCC2)CCCC1C12CC3CC(CC(C3)C1)C2)C12CC3CC(CC(C3)C1)C2,9.0,0.31820607764996467,9.318206077649965,-9.0,0.31820607764996467,200
C1=CC2c3cc(C4(C5CCCC5C5CCCC5C56CC7CC(CC(C7)C5)C6)C=CCC(N5CCCC5)C4)ccc3NCC2C1,10.1,0.3434223436802862,10.443422343680286,-10.1,0.3434223436802862,200
O=C(CCS(=O)(=O)C1=CC=CC2NCCC2C1)N1CCCN2NC(c3ccccc3)CC2C1(C1CCCC1C1CCCCC1c1ccccc1)C12CC3CC(CC(C3)C1)C2,9.4,0.26233643858667793,9.662336438586678,-9.4,0.26233643858667793,200
O=C1N(CC2CC2)NC2N1CCCCC2(C12CC3CC(CC(C3)C1)C2)C12CC3CC(CC(C3)C1)C2,8.4,0.4970849064029367,8.897084906402936,-8.4,0.4970849064029367,200
O=C(CC1(N2CC=CC2)CCOCC1)NC1NNC(C2CCCCC2)S1(c1ccccc1)C1C(C23CC4CC(CC(C4)C2)C3)CCC1C12CC3CC(CC(C3)C1)C2,7.8,0.21750260087736836,8.017502600877368,-7.8,0.21750260087736836,200
O=C1N(CC2CC2)NC2N1CCCCC2(C12CC3CC(CC(C3)C1)C2)C12CC3CC(CC(C3)C1)C2,8.4,0.4970849064029367,8.897084906402936,-8.4,0.4970849064029367,200
O=C(C1CCOC1)N1CCC(OC2NOC(C3CNCCN3)N2)CC1(C12CC3CC(CC(C3)C1)C2)C12CC3CC(CC(C3)C1)C2,9.2,0.3574354217229237,9.557435421722923,-9.2,0.3574354217229237,200
C1=CC2c3cc(C4CCCC(c5ccccc5)C4N4CCC5(C6CCCC6)CC=CCC45)ccc3NCC2C1,8.9,0.40690725695419566,9.306907256954196,-8.9,0.40690725695419566,200
C1=CC2c3ccccc3NC(C3CCCC(C4(C5CCCC5C56CC7CC(CC(C7)C5)C6)C5CNCC4CNC5)C3)C2C1,9.2,0.31639021598949263,9.516390215989492,-9.2,0.31639021598949263,200
O=C(COc1ccccc1)N1CC(C2NCON2)C2(CCOCC2)C1(C12CC3CC(CC(C3)C1)C2)C12CC3CC(CC(C3)C1)C2,7.9,0.4154570246660937,8.315457024666093,-7.9,0.4154570246660937,200
O=C(NC1CCCC1C(=O)N1CCc2ccccc2C1)C1=CC=CS1(C12CC3CC(CC(C3)C1)C2)C12CC3CC(CC(C3)C1)C2,7.9,0.3609014926949979,8.260901492694998,-7.9,0.3609014926949979,200
O=C(NCC1CCCO1)C1CCN(C2CNC(N3CCNCC3)NC2)CC1(c1ccc2c(c1)C1C=CCC1CN2)C1CCCCC1C1CCC(C2CCCCC2)C1,7.1,0.1901126099668721,7.290112609966871,-7.1,0.1901126099668721,200
C1=CC(C2CCCCC2C(c2ccc3c(c2)C2C=CCC2CN3)C2Nc3ccccc3C3C=CCC32)CC(C2=CCC(N3CCOCC3)NN2)C1,9.7,0.22953807400262688,9.929538074002625,-9.7,0.22953807400262688,200
O=C(C1CCOC1)N1CCC(OC2NOC(C3CNCCN3)N2)CC1(c1ccccc1-c1ccc(-c2ccccc2)cc1)C12CC3CC(CC(C3)C1)C2,7.6,0.23353790919914422,7.833537909199144,-7.6,0.23353790919914422,200
C1=CC2c3ccccc3NC(C3C(C4CCCCC4)CCC3N3CCC4(C5Nc6ccccc6C6C=CCC65)CC=CCC34)C2C1,9.7,0.3372039347582824,10.037203934758281,-9.7,0.3372039347582824,200
O=C1NN(NCCN2CCNC2(C23CC4CC(CC(C4)C2)C3)C23CC4CC(CC(C4)C2)C3)C1CC1CC1,8.3,0.4629792433400359,8.762979243340036,-8.3,0.4629792433400359,200
O=C1CCCC1CCNC(=O)C1NC(c2ccccc2)N2C1CCCCC2(C12CC3CC(CC(C3)C1)C2)C12CC3CC(CC(C3)C1)C2,9.5,0.31868991465626784,9.818689914656268,-9.5,0.31868991465626784,200
O=C(NC1=CCC2NC(=O)C3CCCN3C(=O)C2C1)C1=CCC(N2CNNN2)CC1(C12CC3CC(CC(C3)C1)C2)C12CC3CC(CC(C3)C1)C2,10.2,0.29539846150085575,10.495398461500855,-10.2,0.29539846150085575,200
C1=CC2c3ccccc3NC(N3CCC4(C5CCC(C67CC8CC(CC(C8)C6)C7)C5N5CCCC5)CC=CCC34)C2C1,9.2,0.3724900240380873,9.572490024038087,-9.2,0.3724900240380873,200
O=C(CCNC1C(c2ccccc2)NC2CNCCN21)N1CCSCC1(C12CC3CC(CC(C3)C1)C2)C12CC3CC(CC(C3)C1)C2,8.7,0.35915437694811664,9.059154376948117,-8.7,0.35915437694811664,200
C1=CC(C2CCCC2C2CCCC2C2Nc3ccccc3C3C=CCC32)(C23CC4CC(CC(C4)C2)C3)CC(C2=CCC(N3CCOCC3)NN2)C1,9.5,0.26045086055062544,9.760450860550625,-9.5,0.26045086055062544,200
C1=CC(C23CC4CC(CC(C4)C2)C3)(C23CC4CC(CC(C4)C2)C3)CC(CN2CCNc3ccccc32)C1,8.3,0.42171694040086444,8.721716940400865,-8.3,0.42171694040086444,200
O=C1Nc2ccccc2OCC1CC(=O)N1CCN(C2CCCCN2)CC1(c1ccc(C2CCC(c3ccccc3)C2)cc1)C12CC3CC(CC(C3)C1)C2,6.4,0.25592454085509403,6.655924540855095,-6.4,0.25592454085509403,200
C1=CC2c3ccccc3NC(C3(C4CCCC4c4ccccc4C45CC6CC(CC(C6)C4)C5)C4CNCC3CNC4)C2C1,9.7,0.32948996342268555,10.029489963422686,-9.7,0.32948996342268555,200
O=C(NC1=CCC2NC(=O)C3CCCN3C(=O)C2C1)C1=CCC(N2CNNN2)CC1(C12CC3CC(CC(C3)C1)C2)C12CC3CC(CC(C3)C1)C2,10.2,0.29539846150085575,10.495398461500855,-10.2,0.29539846150085575,200
O=C1NN(NCCN2CCNC2(c2cccc(C3CCCC3C3CCCC3)c2)C23CC4CC(CC(C4)C2)C3)C1CC1CC1,6.9,0.3119629481490769,7.211962948149077,-6.9,0.3119629481490769,200
O=C(NC1CCCC1C(=O)N1CCc2ccccc2C1)C1=CC=CS1(C1CCC(C23CC4CC(CC(C4)C2)C3)C1C12CC3CC(CC(C3)C1)C2)C12CC3CC(CC(C3)C1)C2,9.3,0.2976758021563949,9.597675802156395,-9.3,0.2976758021563949,200
C1=CC(C2CCCC2c2ccc(-c3ccccc3)cc2)(C23CC4CC(CC(C4)C2)C3)NC(CN2CCC(CCC3NC(C4CCOCC4)NO3)CC2)C1,7.2,0.21375147445994191,7.413751474459942,-7.2,0.21375147445994191,200
C1CNC2C(C1)NCN2CC1CCCNC1(C12CC3CC(CC(C3)C1)C2)C12CC3CC(CC(C3)C1)C2,8.8,0.5106956728064469,9.310695672806448,-8.8,0.5106956728064469,200
O=C1NC(c2ccccc2)NC2C1CCNC2(C12CC3CC(CC(C3)C1)C2)C12CC3CC(CC(C3)C1)C2,10.1,0.5107972357014259,10.610797235701426,-10.1,0.5107972357014259,200
O=C(NCC1CCCO1)C1CCN(C2CNC(N3CCNCC3)NC2)CC1(C12CC3CC(CC(C3)C1)C2)C12CC3CC(CC(C3)C1)C2,8.9,0.334949243252445,9.234949243252446,-8.9,0.334949243252445,200
C1=CC2c3ccccc3NC(C3CCC(C45CC6CC(CC(C6)C4)C5)C3C34CC=CCC3N(C35CC6CC(CC(C6)C3)C5)CC4)C2C1,9.9,0.3338807647755097,10.23388076477551,-9.9,0.3338807647755097,200
C1=CC(c2ccccc2C=Cc2ccccc2)(C23CC4CC(CC(C4)C2)C3)CC(CN2CCNc3ccccc32)C1,9.2,0.24759211387141145,9.44759211387141,-9.2,0.24759211387141145,200
O=C(C1CCOC1)N1CCCC(CCCN2CCCO2)C1(C12CC3CC(CC(C3)C1)C2)C12CC3CC(CC(C3)C1)C2,8.3,0.3391656493450831,8.639165649345085,-8.3,0.3391656493450831,200
O=C(CCNC1C(c2ccccc2)NC2CNCCN21)N1CCSCC1(C12CC3CC(CC(C3)C1)C2)C12CC3CC(CC(C3)C1)C2,8.7,0.35915437694811664,9.059154376948117,-8.7,0.35915437694811664,200
O=C(NC1CCCC1C(=O)N1CCc2ccccc2C1)C1=CC=CS1(C12CC3CC(CC(C3)C1)C2)C12CC3CC(CC(C3)C1)C2,7.9,0.3609014926949979,8.260901492694998,-7.9,0.3609014926949979,200
O=C(CCN1CCCN1)N1CCCC1CCC1NCCN1CC1CC1(C12CC3CC(CC(C3)C1)C2)C12CC3CC(CC(C3)C1)C2,7.2,0.3137690842276132,7.513769084227613,-7.2,0.3137690842276132,200
C1=CC(C2CCCCC2C2CCCC2C2Nc3ccccc3C3C=CCC32)(C23CC4CC(CC(C4)C2)C3)CC(C2=CCC(N3CCOCC3)NN2)C1,9.4,0.25803065530207914,9.65803065530208,-9.4,0.25803065530207914,200
C1CNC2C(C1)NCN2CC1CCCNC1(C1CCC(C23CC4CC(CC(C4)C2)C3)C1C12CC3CC(CC(C3)C1)C2)C12CC3CC(CC(C3)C1)C2,8.8,0.2597758440347044,9.059775844034705,-8.8,0.2597758440347044,200
O=C(COc1ccccc1)N1CC(C2NCON2)C2(CCOCC2)C1(C12CC3CC(CC(C3)C1)C2)C12CC3CC(CC(C3)C1)C2,7.9,0.4154570246660937,8.315457024666093,-7.9,0.4154570246660937,200
O=C(C1CCOC1)N1CCCC(CCCN2CCCO2)C1(C1C(c2ccc3c(c2)C2C=CCC2CN3)CCC1C12CC3CC(CC(C3)C1)C2)C12CC3CC(CC(C3)C1)C2,8.4,0.2521778044669662,8.652177804466966,-8.4,0.2521778044669662,200
C1=CC(C2CCCCC2)(C2CCC(C34CC5CC(CC(C5)C3)C4)C2C23CC4CC(CC(C4)C2)C3)CC(C2=CCC(N3CCOCC3)NN2)C1,8.0,0.2767791889896936,8.276779188989694,-8.0,0.2767791889896936,200
O=C(C1CNN(C2CC(c3ncno3)CCN2)C1)N1CCCC1(Nc1ccccc1C12CC3CC(CC(C3)C1)C2)C1CCCC1c1ccccc1,7.2,0.23828354533317606,7.438283545333176,-7.2,0.23828354533317606,200
O=C(c1ccccc1)N1CCN=C1N1CCN(c2ccccc2)CC1(C12CC3CC(CC(C3)C1)C2)C12CC3CC(CC(C3)C1)C2,9.7,0.3640642779647494,10.064064277964748,-9.7,0.3640642779647494,200
O=C(NCC1CCCN1)C1c2ccccc2C(=O)N(C2C=CC=CC2)C12CCCC2(C1CCCC(C2CCCCC2)C1C12CC3CC(CC(C3)C1)C2)C12CC3CC(CC(C3)C1)C2,7.6,0.27415886976573806,7.874158869765738,-7.6,0.27415886976573806,200
O=C(CCN1CCCN1)N1CCCC1CCC1NCCN1CC1CC1(C12CC3CC(CC(C3)C1)C2)C12CC3CC(CC(C3)C1)C2,7.2,0.3137690842276132,7.513769084227613,-7.2,0.3137690842276132,200
O=C(CC1(N2CC=CC2)CCOCC1)NC1NNC(C2CCCCC2)S1(c1cccc(-c2ccccc2)c1)C1CCCC1C1CCCCC1,7.0,0.23142143596473072,7.231421435964731,-7.0,0.23142143596473072,200
C1=CC(C2CCCC(C34CC5CC(CC(C5)C3)C4)C2C23CC4CC(CC(C4)C2)C3)(C23CC4CC(CC(C4)C2)C3)CC(C2=CCC(N3CCOCC3)NN2)C1,9.1,0.2666273567187245,9.366627356718723,-9.1,0.2666273567187245,200
O=C(CCS(=O)(=O)C1=CC=CC2NCCC2C1)N1CCCN2NC(c3ccccc3)CC2C1(C1C(C23CC4CC(CC(C4)C2)C3)CCC1C12CC3CC(CC(C3)C1)C2)C12CC3CC(CC(C3)C1)C2,6.9,0.2567210275906932,7.156721027590693,-6.9,0.2567210275906932,200
O=C(COc1ccccc1)N1CC(C2NCON2)C2(CCOCC2)C1(C1C(C23CC4CC(CC(C4)C2)C3)CCCC1C12CC3CC(CC(C3)C1)C2)C12CC3CC(CC(C3)C1)C2,8.0,0.2720023040754431,8.272002304075443,-8.0,0.2720023040754431,200
O=C(CCS(=O)(=O)C1=CC=CC2NCCC2C1)N1CCCN2NC(c3ccccc3)CC2C1(C12CC3CC(CC(C3)C1)C2)C12CC3CC(CC(C3)C1)C2,8.8,0.30509303801394183,9.105093038013942,-8.8,0.30509303801394183,200
O=C1NC(=O)C2NCC(=O)C2(N2CCOCC2(c2ccc3c(c2)C2C=CCC2CN3)C2C(C34CC5CC(CC(C5)C3)C4)CCC2C23CC4CC(CC(C4)C2)C3)N1,9.6,0.2556772191218797,9.85567721912188,-9.6,0.2556772191218797,200
O=C(c1ccccc1)N1CCN=C1N1CCN(c2ccccc2)CC1(Nc1ccccc1C1CCCC1C12CC3CC(CC(C3)C1)C2)C12CC3CC(CC(C3)C1)C2,8.0,0.2605501479788144,8.260550147978815,-8.0,0.2605501479788144,200
O=C(c1ccccc1)N1CCN=C1N1CCN(c2ccccc2)CC1(C12CC3CC(CC(C3)C1)C2)C12CC3CC(CC(C3)C1)C2,9.7,0.3640642779647494,10.064064277964748,-9.7,0.3640642779647494,200
O=C(C1CNN(C2CC(c3ncno3)CCN2)C1)N1CCCC1(C1C(c2ccccc2)CCCC1C1CCCC1)C12CC3CC(CC(C3)C1)C2,7.1,0.31835699410013196,7.418356994100131,-7.1,0.31835699410013196,200
C1=CC2c3cc(C4CCC(C5(C6Nc7ccccc7C7C=CCC76)C6CNCC5CNC6)C4c4ccccc4)ccc3NCC2C1,9.9,0.23022601933937373,10.130226019339375,-9.9,0.23022601933937373,200
C1=CC(c2ccccc2C23CC4CC(CC(C4)C2)C3)(C2CCCCC2C23CC4CC(CC(C4)C2)C3)CC(C2=CCC(N3CCOCC3)NN2)C1,8.2,0.2948184737518332,8.494818473751833,-8.2,0.2948184737518332,200
C1=CC2c3ccccc3NC(C3CCCC(C45CC=CCC4N(C4Nc6ccccc6C6C=CCC64)CC5)C3C3CCCCC3)C2C1,11.7,0.3311957501866001,12.0311957501866,-11.7,0.3311957501866001,200
O=C(CCNC1C(c2ccccc2)NC2CNCCN21)N1CCSCC1(C12CC3CC(CC(C3)C1)C2)C12CC3CC(CC(C3)C1)C2,8.7,0.35915437694811664,9.059154376948117,-8.7,0.35915437694811664,200
C1=CC(C23CC4CC(CC(C4)C2)C3)(C23CC4CC(CC(C4)C2)C3)CC(CN2CCNc3ccccc32)C1,8.3,0.42171694040086444,8.721716940400865,-8.3,0.42171694040086444,200
O=C(CCC1CCCCC1)NC1CCN(C2CC(N3CCOCC3)CNN2)C1(C1C(C23CC4CC(CC(C4)C2)C3)CCC1C12CC3CC(CC(C3)C1)C2)C12CC3CC(CC(C3)C1)C2,8.0,0.2033826339780247,8.203382633978025,-8.0,0.2033826339780247,200
O=C1NN(NCCN2CCNC2(C23CC4CC(CC(C4)C2)C3)C23CC4CC(CC(C4)C2)C3)C1CC1CC1,8.3,0.4629792433400359,8.762979243340036,-8.3,0.4629792433400359,200
O=C1Nc2ccccc2OCC1CC(=O)N1CCN(C2CCCCN2)CC1(C12CC3CC(CC(C3)C1)C2)C12CC3CC(CC(C3)C1)C2,10.1,0.38780737191673637,10.487807371916736,-10.1,0.38780737191673637,200
O=C(C1CNN(C2CC(c3ncno3)CCN2)C1)N1CCCC1(C12CC3CC(CC(C3)C1)C2)C12CC3CC(CC(C3)C1)C2,8.5,0.4954787406140679,8.995478740614068,-8.5,0.4954787406140679,200
O=C1Nc2ccccc2OCC1CC(=O)N1CCN(C2CCCCN2)CC1(c1ccc2c(c1)C1C=CCC1C(C1CCCC1C1CCCCC1)N2)C12CC3CC(CC(C3)C1)C2,8.3,0.2413682237324368,8.541368223732437,-8.3,0.2413682237324368,200
O=C1N(CC2CC2)NC2N1CCCCC2(c1ccnc2c(-c3ccccc3)cccc12)C1CCOC1C12CC3CC(CC(C3)C1)C2,7.9,0.30574442072402314,8.205744420724024,-7.9,0.30574442072402314,200
O=C(CC1CCNCC1)N1CCCC1C1NNCN1CC1CCNCC1(C12CC3CC(CC(C3)C1)C2)C12CC3CC(CC(C3)C1)C2,8.8,0.31373291919961716,9.113732919199618,-8.8,0.31373291919961716,200
O=C(C1CCOC1)N1CCCC(CCCN2CCCO2)C1(C1C(C2Nc3ccccc3C3C=CCC32)CCCC1C12CC3CC(CC(C3)C1)C2)C12CC3CC(CC(C3)C1)C2,7.4,0.25171801161546836,7.651718011615468,-7.4,0.25171801161546836,200
C1=CC2c3cc(C4CCCCC4C4(C5CCCC5C56CC7CC(CC(C7)C5)C6)C5CNCC4CNC5)ccc3NCC2C1,9.2,0.31551723932735476,9.515517239327353,-9.2,0.31551723932735476,200
O=C(NC1CCCC1C(=O)N1CCc2ccccc2C1)C1=CC=CS1(c1ccccc1)C1CC(c2cccc(C3CCCC3)c2)CC1O,7.8,0.2692397053131103,8.06923970531311,-7.8,0.2692397053131103,200
O=C(CCC1CCCCC1)NC1CCN(C2CC(N3CCOCC3)CNN2)C1(C12CC3CC(CC(C3)C1)C2)C12CC3CC(CC(C3)C1)C2,8.3,0.2866559953120276,8.586655995312029,-8.3,0.2866559953120276,200
O=C(CC1(N2CC=CC2)CCOCC1)NC1NNC(C2CCCCC2)S1(C1C(c2ccccc2)CCCC1c1ccccc1)C12CC3CC(CC(C3)C1)C2,8.3,0.22344037102095327,8.523440371020953,-8.3,0.22344037102095327,200
O=C(c1ccccc1)N1CCN=C1N1CCN(c2ccccc2)CC1(C12CC3CC(CC(C3)C1)C2)C12CC3CC(CC(C3)C1)C2,9.7,0.3640642779647494,10.064064277964748,-9.7,0.3640642779647494,200
C1=CC2c3ccccc3NC(C3CCCC(C4CCCC(C56CC=CCC5NCC6)C4C4Nc5ccccc5C5C=CCC54)C3)C2C1,10.0,0.2961408273597198,10.29614082735972,-10.0,0.2961408273597198,200
O=C(C1CCOC1)N1CCCC(CCCN2CCCO2)C1(C12CC3CC(CC(C3)C1)C2)C12CC3CC(CC(C3)C1)C2,8.3,0.3391656493450831,8.639165649345085,-8.3,0.3391656493450831,200
O=C(NC12CC3CC(CC(C3)C1)C2)NC1(C23CC4CC(CC(C4)C2)C3)CN(c2ccccc2)CCN1C1=NCCN1C(=O)c1ccccc1,7.8,0.38395486189341066,8.18395486189341,-7.8,0.38395486189341066,200
O=C(NC1CCCC1C(=O)N1CCc2ccccc2C1)C1=CC=CS1(C12CC3CC(CC(C3)C1)C2)C12CC3CC(CC(C3)C1)C2,7.9,0.3609014926949979,8.260901492694998,-7.9,0.3609014926949979,200
C1=CC(C2CCC(c3ccccc3)C2c2ccccc2)(C2Nc3ccccc3C3C=CCC32)CC(C2=CCC(N3CCOCC3)NN2)C1,8.5,0.23832937874031374,8.738329378740314,-8.5,0.23832937874031374,200
O=C1NC(=O)C2NCC(=O)C2(N2CCOCC2(C2CCCC2)C2CCC(c3ccc4c(c3)C3C=CCC3CN4)C2C23CC4CC(CC(C4)C2)C3)N1,9.3,0.30447936969394024,9.60447936969394,-9.3,0.30447936969394024,200
C1=CC2c3ccccc3NC(C3CCCC3C3CCCC3C3(C45CC6CC(CC(C6)C4)C5)NCCCC3CN3CNC4CCCNC43)C2C1,9.3,0.23365444764580517,9.533654447645805,-9.3,0.23365444764580517,200
O=C(NC1CCCC1C(=O)N1CCc2ccccc2C1)C1=CC=CS1(C12CC3CC(CC(C3)C1)C2)C12CC3CC(CC(C3)C1)C2,7.9,0.3609014926949979,8.260901492694998,-7.9,0.3609014926949979,200
O=C(CC1(N2CC=CC2)CCOCC1)NC1NNC(C2CCCCC2)S1(C1CCC(C23CC4CC(CC(C4)C2)C3)C1C1CCCC1)C12CC3CC(CC(C3)C1)C2,8.4,0.20337825813673194,8.603378258136733,-8.4,0.20337825813673194,200
C1=CC(C2CCCCC2c2ccccc2C23CC4CC(CC(C4)C2)C3)(C23CC4CC(CC(C4)C2)C3)CC(CN2CCNc3ccccc32)C1,8.8,0.3118873612344305,9.111887361234432,-8.8,0.3118873612344305,200
C1=CC(C2CCCCC2c2ccc3c(c2)C2C=CCC2CN3)(C2CCCCC2C23CC4CC(CC(C4)C2)C3)CC(CN2CCNc3ccccc32)C1,7.8,0.29464526305066313,8.094645263050664,-7.8,0.29464526305066313,200
N#CC1(C(=O)C(=O)C2CCCC2C2CCCC2)C2CC(c3ccccc3)NN2CCCN1C(=O)CCS(=O)(=O)C1=CC=CC2NCCC2C1,7.2,0.3664034271935945,7.5664034271935945,-7.2,0.3664034271935945,200
O=C(CCN1CCCN1)N1CCCC1CCC1NCCN1CC1CC1(c1cc(C2CCCCC2)ccc1-c1ccccc1)C12CC3CC(CC(C3)C1)C2,6.9,0.2308859112548881,7.130885911254889,-6.9,0.2308859112548881,200
C1=CC(C2CCCCC2)(C2CCC(c3ccccc3)C2c2ccccc2)NC(CN2CCC(CCC3NC(C4CCOCC4)NO3)CC2)C1,7.9,0.22440214659684857,8.124402146596848,-7.9,0.22440214659684857,200
C1=CC(C2C(C3CCCCC3)CCC2C23CC4CC(CC(C4)C2)C3)(C23CC4CC(CC(C4)C2)C3)CC(CN2CCNc3ccccc32)C1,9.2,0.3094316361074081,9.509431636107408,-9.2,0.3094316361074081,200
O=C(COc1ccccc1)N1CC(C2NCON2)C2(CCOCC2)C1(C1C(C2CCCCC2)CCCC1C12CC3CC(CC(C3)C1)C2)C12CC3CC(CC(C3)C1)C2,7.4,0.2741712820283999,7.6741712820284,-7.4,0.2741712820283999,200
O=C1CCCC1CCNC(=O)C1NC(c2ccccc2)N2C1CCCCC2(C12CC3CC(CC(C3)C1)C2)C12CC3CC(CC(C3)C1)C2,9.5,0.31868991465626784,9.818689914656268,-9.5,0.31868991465626784,200
C1=CC2c3cc(C4CCC(C56CC=CCC5N(C5CCCCC5)CC6)C4C4Nc5ccccc5C5C=CCC54)ccc3NCC2C1,9.9,0.33714499185603025,10.23714499185603,-9.9,0.33714499185603025,200
C1=CC2c3ccccc3NC(C3CCC(C45CC6CC(CC(C6)C4)C5)C3C3(C45CC6CC(CC(C6)C4)C5)NCCCC3CN3CNC4CCCNC43)C2C1,8.5,0.22066996618401316,8.720669966184014,-8.5,0.22066996618401316,200
O=C(C1CNN(C2CC(c3ncno3)CCN2)C1)N1CCCC1(C1CCCC1)C1CCC(C2CCCC2)C1C12CC3CC(CC(C3)C1)C2,8.3,0.3297784000464413,8.629778400046442,-8.3,0.3297784000464413,200
O=C(NC1CCCC1C(=O)N1CCc2ccccc2C1)C1=CC=CS1(C1CCCCC1c1ccccc1C12CC3CC(CC(C3)C1)C2)C12CC3CC(CC(C3)C1)C2,7.8,0.3040897455525057,8.104089745552505,-7.8,0.3040897455525057,200
O=C(c1ccccc1)N1CCN=C1N1CCN(c2ccccc2)CC1(C12CC3CC(CC(C3)C1)C2)C12CC3CC(CC(C3)C1)C2,9.7,0.3640642779647494,10.064064277964748,-9.7,0.3640642779647494,200
C1=CC(c2ccc(C34CC5CC(CC(C5)C3)C4)c(C3CCCC3)c2)(C23CC4CC(CC(C4)C2)C3)CC(CN2CCNc3ccccc32)C1,8.6,0.3161227755200207,8.916122775520021,-8.6,0.3161227755200207,200
O=C(CCNC1C(c2ccccc2)NC2CNCCN21)N1CCSCC1(C12CC3CC(CC(C3)C1)C2)C12CC3CC(CC(C3)C1)C2,8.7,0.35915437694811664,9.059154376948117,-8.7,0.35915437694811664,200
O=C(c1ccccc1)N1CCN=C1N1CCN(c2ccccc2)CC1(c1c[nH]c2ccccc12)C1C(C2CCCCC2)CCC1C12CC3CC(CC(C3)C1)C2,8.9,0.21474034882582396,9.114740348825825,-8.9,0.21474034882582396,200
O=C(NC1CCCC1C(=O)N1CCc2ccccc2C1)C1=CC=CS1(C12CC3CC(CC(C3)C1)C2)C12CC3CC(CC(C3)C1)C2,7.9,0.3609014926949979,8.260901492694998,-7.9,0.3609014926949979,200
C1=CC2c3ccccc3NC(C3C(C45CC6CC(CC(C6)C4)C5)CCCC3C3(C4Nc5ccccc5C5C=CCC54)C=CCC(N4CCCC4)C3)C2C1,9.7,0.3033467452893152,10.003346745289315,-9.7,0.3033467452893152,200
O=C1CCCC1CCNC(=O)C1NC(c2ccccc2)N2C1CCCCC2(C1CCCCC1C1CCCCC1c1ccccc1)C1Nc2ccccc2C2C=CCC21,8.3,0.18876256824744286,8.488762568247443,-8.3,0.18876256824744286,200
O=C(CCC1CCCCC1)NC1CCN(C2CC(N3CCOCC3)CNN2)C1(C12CC3CC(CC(C3)C1)C2)C12CC3CC(CC(C3)C1)C2,8.3,0.2866559953120276,8.586655995312029,-8.3,0.2866559953120276,200
C1=CC(C2CCCN(c3ccccc3)C2)(C2CCCCC2C2Nc3ccccc3C3C=CCC32)CC(C2=CCC(N3CCOCC3)NN2)C1,10.1,0.2748455420165453,10.374845542016544,-10.1,0.2748455420165453,200
C1=CC(C2CCCCC2C2CCCCC2c2ccccc2)(C2Nc3ccccc3C3C=CCC32)NC(CN2CCC(CCC3NC(C4CCOCC4)NO3)CC2)C1,7.1,0.1796862233110383,7.279686223311038,-7.1,0.1796862233110383,200
O=C(CCN1CCCN1)N1CCCC1CCC1NCCN1CC1CC1(c1ccccc1C1CCCCC1)C1CCOC1c1ccc2cc[nH]c2c1,7.2,0.19288804699735657,7.392888046997356,-7.2,0.19288804699735657,200
O=C(c1ccccc1)N1CCN=C1N1CCN(c2ccccc2)CC1(C1C(c2ccccc2)CCC1C12CC3CC(CC(C3)C1)C2)C12CC3CC(CC(C3)C1)C2,7.1,0.25220309391911555,7.352203093919115,-7.1,0.25220309391911555,200
O=C(CCS(=O)(=O)C1=CC=CC2NCCC2C1)N1CCCN2NC(c3ccccc3)CC2C1(C12CC3CC(CC(C3)C1)C2)C12CC3CC(CC(C3)C1)C2,8.8,0.30509303801394183,9.105093038013942,-8.8,0.30509303801394183,200
O=C(CCN1CCCN1)N1CCCC1CCC1NCCN1CC1CC1(c1ccc2c(c1)C1C=CCC1CN2)C1CCC(C2CCCCC2)C1C1CCCCC1,7.8,0.18668360031563855,7.986683600315638,-7.8,0.18668360031563855,200
O=C(C1CNN(C2CC(c3ncno3)CCN2)C1)N1CCCC1(c1ccccc1C1CCCC1C1CCCCC1)C12CC3CC(CC(C3)C1)C2,8.5,0.31341511581472214,8.813415115814722,-8.5,0.31341511581472214,200
O=C(CC1(N2CC=CC2)CCOCC1)NC1NNC(C2CCCCC2)[SH]1C1CCC(c2ccccc2C2CCCCC2)C1C12CC3CC(CC(C3)C1)C2,8.2,0.15036342065871316,8.350363420658713,-8.2,0.15036342065871316,200
O=C(C1CCOC1)N1CCCC(CCCN2CCCO2)C1(C12CC3CC(CC(C3)C1)C2)C12CC3CC(CC(C3)C1)C2,8.3,0.3391656493450831,8.639165649345085,-8.3,0.3391656493450831,200
C1=CC2c3cc(C45CC=CCC4N(C46CC7CC(CC(C7)C4)C6)CC5)ccc3NC(C3CCCCC3c3ccccc3)C2C1,9.2,0.3599622858560847,9.559962285856084,-9.2,0.3599622858560847,200
C=CC1(C2CCCC2[NH+](C2CCCC2)C23CC4CC(CC(C4)C2)C3)CN(c2ccccc2)CCN1C1=NCCN1C(=O)c1ccccc1,7.5,0.364179451699755,7.864179451699755,-7.5,0.364179451699755,200
O=C(CC1CCNCC1)N1CCCC1C1NNCN1CC1CCNCC1(C12CC3CC(CC(C3)C1)C2)C12CC3CC(CC(C3)C1)C2,8.8,0.31373291919961716,9.113732919199618,-8.8,0.31373291919961716,200
O=C(NCC1CCCN1)C1c2ccccc2C(=O)N(C2C=CC=CC2)C12CCCC2(C12CC3CC(CC(C3)C1)C2)C12CC3CC(CC(C3)C1)C2,7.9,0.31944472655240963,8.21944472655241,-7.9,0.31944472655240963,200
O=C(C1CNN(C2CC(c3ncno3)CCN2)C1)N1CCCC1(C12CC3CC(CC(C3)C1)C2)C12CC3CC(CC(C3)C1)C2,8.5,0.4954787406140679,8.995478740614068,-8.5,0.4954787406140679,200
COCS1(C23CC4CC(CC(C4)C2)C3)C(NC(=O)CC2(N3CC=CC3)CCOCC2)NNC1C1CCCCC1,6.6,0.37736034915208333,6.977360349152083,-6.6,0.37736034915208333,200
O=S(=O)(c1ccccc1)N1CC(C2NC(Cc3ccccc3)NO2)C1(C12CC3CC(CC(C3)C1)C2)C12CC3CC(CC(C3)C1)C2,8.7,0.3670434294833953,9.067043429483395,-8.7,0.3670434294833953,200
C1=CC(C2CCCC2C2CCCC2c2cccc(C34CC5CC(CC(C5)C3)C4)c2)NC(CN2CCC(CCC3NC(C4CCOCC4)NO3)CC2)C1,7.2,0.21217494229495196,7.4121749422949526,-7.2,0.21217494229495196,200
O=C1NN(NCCN2CCNC2(c2ccc(C3CCCCC3c3ccccc3)cc2)C23CC4CC(CC(C4)C2)C3)C1CC1CC1,6.7,0.29103180064666784,6.991031800646668,-6.7,0.29103180064666784,200
O=C(COc1ccccc1)N1CC(C2NCON2)C2(CCOCC2)C1(C12CC3CC(CC(C3)C1)C2)C12CC3CC(CC(C3)C1)C2,7.9,0.4154570246660937,8.315457024666093,-7.9,0.4154570246660937,200
O=C(NCC1CCCN1)C1c2ccccc2C(=O)N(C2C=CC=CC2)C12CCCC2(C12CC3CC(CC(C3)C1)C2)C12CC3CC(CC(C3)C1)C2,7.9,0.31944472655240963,8.21944472655241,-7.9,0.31944472655240963,200
O=C(Nc1ccccc1)N1CC(CC2NCNN2)C1(Cc1ccccc1)C1CCCCC1c1ccccc1C12CC3CC(CC(C3)C1)C2,9.9,0.20125185773026902,10.101251857730269,-9.9,0.20125185773026902,200
C1CC(C23CC4CC(CC(C4)C2)C3)C(C2(C34CC5CC(CC(C5)C3)C4)C3CNCC2CNC3)C(C23CC4CC(CC(C4)C2)C3)C1,9.5,0.3317840395732172,9.831784039573217,-9.5,0.3317840395732172,200
C1=CC(c2ccccc2C2CCCC2C23CC4CC(CC(C4)C2)C3)(C23CC4CC(CC(C4)C2)C3)CC(CN2CCNc3ccccc32)C1,9.0,0.3161239837288525,9.316123983728852,-9.0,0.3161239837288525,200
C1CC(C23CC4CC(CC(C4)C2)C3)C(C2(C34CC5CC(CC(C5)C3)C4)C3CNCC2CNC3)C(C23CC4CC(CC(C4)C2)C3)C1,9.5,0.3317840395732172,9.831784039573217,-9.5,0.3317840395732172,200
O=C(CCNC1C(c2ccccc2)NC2CNCCN21)N1CCSCC1(C12CC3CC(CC(C3)C1)C2)C12CC3CC(CC(C3)C1)C2,8.7,0.35915437694811664,9.059154376948117,-8.7,0.35915437694811664,200
C1=CC(C2CCN(c3ccccc3)CC2)(C2CCCCC2C2Nc3ccccc3C3C=CCC32)CC(C2NCCN3CCNC23)C1,9.4,0.31496062543886605,9.714960625438867,-9.4,0.31496062543886605,200
O=C1CCCC1CCNC(=O)C1NC(c2ccccc2)N2C1CCCCC2(C12CC3CC(CC(C3)C1)C2)C12CC3CC(CC(C3)C1)C2,9.5,0.31868991465626784,9.818689914656268,-9.5,0.31868991465626784,200
O=C1N(CC2CC2)NC2N1CCCCC2(C12CC3CC(CC(C3)C1)C2)C12CC3CC(CC(C3)C1)C2,8.4,0.4970849064029367,8.897084906402936,-8.4,0.4970849064029367,200
O=C(C1CNN(C2CC(c3ncno3)CCN2)C1)N1CCCC1(C1C(c2ccccc2)CCCC1C12CC3CC(CC(C3)C1)C2)C12CC3CC(CC(C3)C1)C2,7.9,0.2950852624501987,8.195085262450199,-7.9,0.2950852624501987,200
Cn1ncc2c1CC(C1(C3CCCCC3c3ccccc3N3CCOCC3)C=CCC(CN3CCNc4ccccc43)C1)CC2,9.7,0.3007972367601996,10.0007972367602,-9.7,0.3007972367601996,200
O=C1NC(=O)C2NCC(=O)C2(N2CCOCC2C2Nc3ccc(C4CCCCC4C4CCCCC4c4ccc5c(c4)C4C=CCC4CN5)cc3C3C=CCC32)N1,8.5,0.22721986597370775,8.727219865973709,-8.5,0.22721986597370775,200
O=C1CCCC1CCNC(=O)C1NC(c2ccccc2)N2C1CCCCC2(C12CC3CC(CC(C3)C1)C2)C12CC3CC(CC(C3)C1)C2,9.5,0.31868991465626784,9.818689914656268,-9.5,0.31868991465626784,200
O=C1NC(c2ccccc2)NC2C1CCNC2(C12CC3CC(CC(C3)C1)C2)C12CC3CC(CC(C3)C1)C2,10.1,0.5107972357014259,10.610797235701426,-10.1,0.5107972357014259,200
O=C(CC1CCNCC1)N1CCCC1C1NNCN1CC1CCNCC1(C12CC3CC(CC(C3)C1)C2)C12CC3CC(CC(C3)C1)C2,8.8,0.31373291919961716,9.113732919199618,-8.8,0.31373291919961716,200
C1=CC(c2cccc(C3CCCC3c3ccccc3)c2)(C23CC4CC(CC(C4)C2)C3)CC(CN2CCNc3ccccc32)C1,8.8,0.2909845219632223,9.090984521963223,-8.8,0.2909845219632223,200
C1=CC(c2ccccc2)(C2CCCC2C2CCCCC2C2Nc3ccccc3C3C=CCC32)CC(C2=CCC(N3CCOCC3)NN2)C1,8.5,0.27638229735639475,8.776382297356395,-8.5,0.27638229735639475,200
O=C(COc1ccccc1)N1CC(C2NCON2)C2(CCOCC2)C1(C12CC3CC(CC(C3)C1)C2)C12CC3CC(CC(C3)C1)C2,7.9,0.4154570246660937,8.315457024666093,-7.9,0.4154570246660937,200
O=C1NC(c2ccccc2)NC2C1CCNC2C1C(N=CC23CC4CC(CC(C4)C2)C3)CCC1C12CC3CC(CC(C3)C1)C2,9.1,0.3346568063511895,9.434656806351189,-9.1,0.3346568063511895,200
C1=CC(C2CCCC(C3CCCC3c3ccccc3)C2C23CC4CC(CC(C4)C2)C3)CC(C2=CCC(N3CCOCC3)NN2)C1,8.3,0.317516288979583,8.617516288979584,-8.3,0.317516288979583,200
O=C(COc1ccccc1)N1CC(C2NCON2)C2(CCOCC2)C1(C12CC3CC(CC(C3)C1)C2)C12CC3CC(CC(C3)C1)C2,7.9,0.4154570246660937,8.315457024666093,-7.9,0.4154570246660937,200
C1=CC(c2cccc(C3CCCNC3)c2)(c2ccccc2C2CCCC2)NC(CN2CCC(CCC3NC(C4CCOCC4)NO3)CC2)C1,8.5,0.21128237728434882,8.711282377284348,-8.5,0.21128237728434882,200
O=C(NC1CCCC1C(=O)N1CCc2ccccc2C1)C1=CC=CS1(C1CCC(C2CCCCC2)C1C1CCCCC1)C12CC3CC(CC(C3)C1)C2,8.6,0.3046366286241621,8.904636628624162,-8.6,0.3046366286241621,200
CC(C)(NC1(C23CC4CC(CC(C4)C2)C3)C2CC(c3ccccc3)NN2CCCN1C(=O)CCS(=O)(=O)C1=CC=CC2NCCC2C1)C12CC3CC(CC(C3)C1)C2,8.7,0.23655464385428482,8.936554643854285,-8.7,0.23655464385428482,200
O=C1N(CC2CC2)NC2N1CCCCC2(C1CCC(c2ccccc2)C1c1ccccc1)C12CC3CC(CC(C3)C1)C2,8.0,0.38349650097440185,8.383496500974402,-8.0,0.38349650097440185,200
O=C1Nc2ccccc2OCC1CC(=O)N1CCN(C2CCCCN2)CC1(C12CC3CC(CC(C3)C1)C2)C12CC3CC(CC(C3)C1)C2,10.1,0.38780737191673637,10.487807371916736,-10.1,0.38780737191673637,200
C1CNC2C(C1)NCN2CC1CCCNC1(C12CC3CC(CC(C3)C1)C2)C12CC3CC(CC(C3)C1)C2,8.8,0.5106956728064469,9.310695672806448,-8.8,0.5106956728064469,200
O=C1NN(NCCN2CCNC2(C2CCCC(c3ccc(C4CCCC4)cc3)C2)C23CC4CC(CC(C4)C2)C3)C1CC1CC1,8.8,0.28843289449365034,9.088432894493652,-8.8,0.28843289449365034,200
O=C(NC1CCCC1C(=O)N1CCc2ccccc2C1)C1=CC=CS1(C12CC3CC(CC(C3)C1)C2)C12CC3CC(CC(C3)C1)C2,7.9,0.3609014926949979,8.260901492694998,-7.9,0.3609014926949979,200
O=C(c1ccccc1)N1CCN=C1N1CCN(c2ccccc2)CC1(C12CC3CC(CC(C3)C1)C2)C12CC3CC(CC(C3)C1)C2,9.7,0.3640642779647494,10.064064277964748,-9.7,0.3640642779647494,200
O=S(=O)(c1ccccc1)N1CC(C2NC(Cc3ccccc3)NO2)C1(C1CCCC1C1CCCC(C2CCCC2)C1)C12CC3CC(CC(C3)C1)C2,7.4,0.27255465888056185,7.672554658880562,-7.4,0.27255465888056185,200
O=C(NC1CCCC1C(=O)N1CCc2ccccc2C1)C1=CC=CS1(N1CCOCC1)C12CC3CC(CC(C3)C1)C2,8.1,0.5186245723549294,8.618624572354928,-8.1,0.5186245723549294,200
O=C(c1ccccc1)N1CCN=C1N1CCN(c2ccccc2)CC1(c1ccc(C2CCCC2c2ccccc2)cc1)C12CC3CC(CC(C3)C1)C2,6.2,0.20269237772075616,6.402692377720756,-6.2,0.20269237772075616,200
O=C(CCN1CCCN1)N1CCCC1CCC1NCCN1CC1CC1(C1CCC(C2CCCCC2)C1c1ccc2c(c1)C1C=CCC1CN2)C12CC3CC(CC(C3)C1)C2,9.6,0.18342179620567958,9.78342179620568,-9.6,0.18342179620567958,200
O=C(CC1CCNCC1)N1CCCC1C1NNCN1CC1CCNCC1(C12CC3CC(CC(C3)C1)C2)C12CC3CC(CC(C3)C1)C2,8.8,0.31373291919961716,9.113732919199618,-8.8,0.31373291919961716,200
O=C(NC1CCCC1C(=O)N1CCc2ccccc2C1)C1=CC=CS1(C12CC3CC(CC(C3)C1)C2)C12CC3CC(CC(C3)C1)C2,7.9,0.3609014926949979,8.260901492694998,-7.9,0.3609014926949979,200
C1=CC2c3ccccc3NC(C3CCCC(c4ccccc4)C3N3CCC4(C56CC7CC(CC(C7)C5)C6)CC=CCC34)C2C1,9.1,0.35997829787492874,9.459978297874928,-9.1,0.35997829787492874,200
O=C(CCNC1C(c2ccccc2)NC2CNCCN21)N1CCSCC1(C12CC3CC(CC(C3)C1)C2)C12CC3CC(CC(C3)C1)C2,8.7,0.35915437694811664,9.059154376948117,-8.7,0.35915437694811664,200
O=C1NN(NCCN2CCNC2(C2C(C34CC5CC(CC(C5)C3)C4)CCCC2C23CC4CC(CC(C4)C2)C3)C23CC4CC(CC(C4)C2)C3)C1CC1CC1,8.4,0.21196181770379077,8.611961817703792,-8.4,0.21196181770379077,200
C1=CC(C2CCC(C34CC5CC(CC(C5)C3)C4)C2C2Nc3ccccc3C3C=CCC32)(C23CC4CC(CC(C4)C2)C3)CC(C2=CCC(N3CCOCC3)NN2)C1,8.9,0.25266698173480134,9.152666981734802,-8.9,0.25266698173480134,200
O=C1NN(NCCN2CCNC2(C(=O)CC2CCC(C3CCCCC3)C2)c2ccc3c(c2)C2C=CCC2CN3)C1CC1CC1,6.5,0.2714360181231103,6.771436018123111,-6.5,0.2714360181231103,200
O=C(CCNC1C(c2ccccc2)NC2CNCCN21)N1CCSCC1(C12CC3CC(CC(C3)C1)C2)C12CC3CC(CC(C3)C1)C2,8.7,0.35915437694811664,9.059154376948117,-8.7,0.35915437694811664,200
O=C(CCS(=O)(=O)C1=CC=CC2NCCC2C1)N1CCCN2NC(c3ccccc3)CC2C1(C1C(c2cccc3c2OCO3)CCC1C12CC3CC(CC(C3)C1)C2)C12CC3CC(CC(C3)C1)C2,6.2,0.2567157418981338,6.456715741898134,-6.2,0.2567157418981338,200
C1=CC2c3ccccc3NC(C3CCCC3C3CCCC3C3(C4Nc5ccccc5C5C=CCC54)C=CCC(N4CCCC4)C3)C2C1,10.2,0.32399170042903364,10.523991700429033,-10.2,0.32399170042903364,200
O=C(NCC12CC3CC(CC(C3)C1)C2)C1CCCC1C1(C23CC4CC(CC(C4)C2)C3)CN(c2ccccc2)CCN1C1=NCCN1C(=O)c1ccccc1,7.7,0.31394511850883,8.01394511850883,-7.7,0.31394511850883,200
O=C(Nc1ccccc1)N1CC(CC2NCNN2)C1(C12CC3CC(CC(C3)C1)C2)C12CC3CC(CC(C3)C1)C2,8.9,0.39546599194809046,9.29546599194809,-8.9,0.39546599194809046,200
O=C(C1CNN(C2CC(c3ncno3)CCN2)C1)N1CCCC1(c1ccc(C2CCCCC2)c(C2CCCC2)c1)C12CC3CC(CC(C3)C1)C2,8.4,0.30956124618638237,8.709561246186382,-8.4,0.30956124618638237,200
O=C(CC1CCNCC1)N1CCCC1C1NNCN1CC1CCNCC1(C12CC3CC(CC(C3)C1)C2)C12CC3CC(CC(C3)C1)C2,8.8,0.31373291919961716,9.113732919199618,-8.8,0.31373291919961716,200
O=C1NC(c2ccccc2)NC2C1CCNC2(C12CC3CC(CC(C3)C1)C2)C12CC3CC(CC(C3)C1)C2,10.1,0.5107972357014259,10.610797235701426,-10.1,0.5107972357014259,200
O=C(CCN1CCCN1)N1CCCC1CCC1NCCN1CC1CC1(C12CC3CC(CC(C3)C1)C2)C12CC3CC(CC(C3)C1)C2,7.2,0.3137690842276132,7.513769084227613,-7.2,0.3137690842276132,200
O=C(CCN1CCCN1)N1CCCC1CCC1NCCN1CC1CC1(c1ccccc1-c1ccccc1-c1ccccc1)C12CC3CC(CC(C3)C1)C2,7.8,0.19905742511899893,7.999057425118998,-7.8,0.19905742511899893,200
O=C(NC1CCCC1C(=O)N1CCc2ccccc2C1)C1=CC=CS1(C12CC3CC(CC(C3)C1)C2)C12CC3CC(CC(C3)C1)C2,7.9,0.3609014926949979,8.260901492694998,-7.9,0.3609014926949979,200
O=C(CC1(N2CC=CC2)CCOCC1)NC1NNC(C2CCCCC2)S1(c1ccc(-c2ccccc2)c(C23CC4CC(CC(C4)C2)C3)c1)C12CC3CC(CC(C3)C1)C2,5.8,0.22054613905073528,6.020546139050735,-5.8,0.22054613905073528,200
O=C1CCCC1CCNC(=O)C1NC(c2ccccc2)N2C1CCCCC2(C12CC3CC(CC(C3)C1)C2)C12CC3CC(CC(C3)C1)C2,9.5,0.31868991465626784,9.818689914656268,-9.5,0.31868991465626784,200
O=C(c1ccccc1)N1CCN=C1N1CCN(c2ccccc2)CC1(C12CC3CC(CC(C3)C1)C2)C12CC3CC(CC(C3)C1)C2,9.7,0.3640642779647494,10.064064277964748,-9.7,0.3640642779647494,200
O=C(NC1CCCC1C(=O)N1CCc2ccccc2C1)C1=CC=CS1(C12CC3CC(CC(C3)C1)C2)C12CC3CC(CC(C3)C1)C2,7.9,0.3609014926949979,8.260901492694998,-7.9,0.3609014926949979,200
O=C1NC(=O)C2NCC(=O)C2(N2CCOCC2(C2CCCC2)C2CCC(C3Nc4ccccc4C4C=CCC43)C2C2Nc3ccccc3C3C=CCC32)N1,10.4,0.2641452251590163,10.664145225159016,-10.4,0.2641452251590163,200
O=C1Nc2ccccc2OCC1CC(=O)N1CCN(C2CCCCN2)CC1(C12CC3CC(CC(C3)C1)C2)C12CC3CC(CC(C3)C1)C2,10.1,0.38780737191673637,10.487807371916736,-10.1,0.38780737191673637,200
C1=CC2c3cc(C4CCCCC4C4(C5CCCC(C67CC8CC(CC(C8)C6)C7)C5)C=CCC(N5CCCC5)C4)ccc3NCC2C1,8.5,0.33033029120918916,8.830330291209188,-8.5,0.33033029120918916,200
O=C(CCN1CCCN1)N1CCCC1CCC1NCCN1CC1CC1(C12CC3CC(CC(C3)C1)C2)C12CC3CC(CC(C3)C1)C2,7.2,0.3137690842276132,7.513769084227613,-7.2,0.3137690842276132,200
O=C1CCCC1CCNC(=O)C1NC(c2ccccc2)N2C1CCCCC2(C1COc2cc(C34CC5CC(CC(C5)C3)C4)c(-c3ccccc3)cc2O1)C12CC3CC(CC(C3)C1)C2,6.9,0.22331963099086555,7.123319630990866,-6.9,0.22331963099086555,200
O=C(NCC1CCCN1)C1c2ccccc2C(=O)N(C2C=CC=CC2)C12CCCC2(C12CC3CC(CC(C3)C1)C2)C12CC3CC(CC(C3)C1)C2,7.9,0.31944472655240963,8.21944472655241,-7.9,0.31944472655240963,200
O=C1CCCC1CCNC(=O)C1NC(c2ccccc2)N2C1CCCCC2(C12CC3CC(CC(C3)C1)C2)C12CC3CC(CC(C3)C1)C2,9.5,0.31868991465626784,9.818689914656268,-9.5,0.31868991465626784,200
C1=CC(C23CC4CC(CC(C4)C2)C3)(C23CC4CC(CC(C4)C2)C3)CC(CN2CCNc3ccccc32)C1,8.3,0.42171694040086444,8.721716940400865,-8.3,0.42171694040086444,200
O=C(c1ccccc1)N1CCN=C1N1CCN(c2ccccc2)CC1(C12CC3CC(CC(C3)C1)C2)C12CC3CC(CC(C3)C1)C2,9.7,0.3640642779647494,10.064064277964748,-9.7,0.3640642779647494,200
O=C1CCCC1CCNC(=O)C1NC(c2ccccc2)N2C1CCCCC2(c1cccc(C2CCCCC2C2CCCCC2)c1)C12CC3CC(CC(C3)C1)C2,9.1,0.2684905291407619,9.368490529140761,-9.1,0.2684905291407619,200
O=S(=O)(c1ccccc1)N1CC(C2NC(Cc3ccccc3)NO2)C1(C1CCCC(C2CC2)C1C12CC3CC(CC(C3)C1)C2)N1CCCC1,8.1,0.3037486675891498,8.403748667589149,-8.1,0.3037486675891498,200
O=C(NC1=CCC2NC(=O)C3CCCN3C(=O)C2C1)C1=CCC(N2CNNN2)CC1(C12CC3CC(CC(C3)C1)C2)C12CC3CC(CC(C3)C1)C2,10.2,0.29539846150085575,10.495398461500855,-10.2,0.29539846150085575,200
O=C(CC1CCNCC1)N1CCCC1C1NNCN1CC1CCNCC1(C1CCCC1)C1C(C2CCCCC2)CCCC1C12CC3CC(CC(C3)C1)C2,7.7,0.1953582179135716,7.8953582179135715,-7.7,0.1953582179135716,200
O=C(Nc1ccccc1)N1CC(CC2NCNN2)C1(C12CC3CC(CC(C3)C1)C2)C12CC3CC(CC(C3)C1)C2,8.9,0.39546599194809046,9.29546599194809,-8.9,0.39546599194809046,200
O=C(NC1=CCC2NC(=O)C3CCCN3C(=O)C2C1)C1=CCC(N2CNNN2)CC1(C12CC3CC(CC(C3)C1)C2)C12CC3CC(CC(C3)C1)C2,10.2,0.29539846150085575,10.495398461500855,-10.2,0.29539846150085575,200
O=C(CCS(=O)(=O)C1=CC=CC2NCCC2C1)N1CCCN2NC(c3ccccc3)CC2C1(C12CC3CC(CC(C3)C1)C2)C12CC3CC(CC(C3)C1)C2,8.8,0.30509303801394183,9.105093038013942,-8.8,0.30509303801394183,200
O=C(NC1CCCC1C(=O)N1CCc2ccccc2C1)C1=CC=CS1(C12CC3CC(CC(C3)C1)C2)C12CC3CC(CC(C3)C1)C2,7.9,0.3609014926949979,8.260901492694998,-7.9,0.3609014926949979,200
C1=CC(c2ccccc2-c2ccccc2C2CCCCC2)(C23CC4CC(CC(C4)C2)C3)CC(CN2CCNc3ccccc32)C1,8.6,0.28481632139962815,8.884816321399628,-8.6,0.28481632139962815,200
C1=CC(C23CC4CC(CC(C4)C2)C3)(C23CC4CC(CC(C4)C2)C3)CC(C2=CCC(N3CCOCC3)NN2)C1,8.8,0.4225206875972792,9.22252068759728,-8.8,0.4225206875972792,200
C1=CC(C2CCCCC2c2ccccc2)(C2CCCCC2C2CCCCC2)NC(CN2CCC(CCC3NC(C4CCOCC4)NO3)CC2)C1,7.6,0.21430922859230345,7.814309228592303,-7.6,0.21430922859230345,200
C1=CC(C2CCCC(C3CCCC3c3ccc4c(c3)C3C=CCC3CN4)C2C2CCCC2)NC(CN2CCC(CCC3NC(C4CCOCC4)NO3)CC2)C1,7.8,0.17830454116844363,7.978304541168443,-7.8,0.17830454116844363,200
O=C(NC1CCCC1C(=O)N1CCc2ccccc2C1)C1=CC=CS1(C12CC3CC(CC(C3)C1)C2)C12CC3CC(CC(C3)C1)C2,7.9,0.3609014926949979,8.260901492694998,-7.9,0.3609014926949979,200
O=C1CCCC1CCNC(=O)C1NC(c2ccccc2)N2C1CCCCC2(C1CCCC1C1CCCCC1C1CCCCC1)C12CC3CC(CC(C3)C1)C2,7.9,0.2651196536887523,8.165119653688752,-7.9,0.2651196536887523,200
O=C(CCN1CCCN1)N1CCCC1CCC1NCCN1CC1CC1(C12CC3CC(CC(C3)C1)C2)C12CC3CC(CC(C3)C1)C2,7.2,0.3137690842276132,7.513769084227613,-7.2,0.3137690842276132,200
C1=CC(C2CCCCC2c2ccccc2)(C2CCCCC2C23CC4CC(CC(C4)C2)C3)CC(C2NCCN3CCNC23)C1,8.6,0.34383031595981,8.94383031595981,-8.6,0.34383031595981,200
C1=CC(C2CCC(C34CC5CC(CC(C5)C3)C4)C2C23CC4CC(CC(C4)C2)C3)(C23CC4CC(CC(C4)C2)C3)CC(C2=CCC(N3CCOCC3)NN2)C1,9.8,0.2681444150638129,10.068144415063813,-9.8,0.2681444150638129,200
O=C(CCN1CCCN1)N1CCCC1CCC1NCCN1CC1CC1(C1C(c2ccccc2)CCCC1C12CC3CC(CC(C3)C1)C2)C12CC3CC(CC(C3)C1)C2,7.0,0.22197317438557598,7.221973174385576,-7.0,0.22197317438557598,200
O=C(NCC1CCCO1)C1CCN(C2CNC(N3CCNCC3)NC2)CC1(C1CCCCC1)C1CCCC(C23CC4CC(CC(C4)C2)C3)C1C12CC3CC(CC(C3)C1)C2,7.6,0.19367409680712988,7.79367409680713,-7.6,0.19367409680712988,200
C1=CC2c3cc(N4CCC5(C6CCCCC6C6CCCCC6C6Nc7ccccc7C7C=CCC76)CC=CCC45)ccc3NCC2C1,9.9,0.3311607250564497,10.23116072505645,-9.9,0.3311607250564497,200
O=C(CC1(N2CC=CC2)CCOCC1)NC1NNC(C2CCCCC2)S1(C1C(C23CC4CC(CC(C4)C2)C3)CCCC1C12CC3CC(CC(C3)C1)C2)C12CC3CC(CC(C3)C1)C2,8.4,0.201564206640834,8.601564206640834,-8.4,0.201564206640834,200
O=C(CCN1CCCN1)N1CCCC1CCC1NCCN1CC1CC1C1CCCC(C23CC4CC(CC(C4)C2)C3)C1c1ccc(-c2ccccc2)cc1,6.1,0.2315366795236441,6.331536679523643,-6.1,0.2315366795236441,200
O=C(CCN1CCCN1)N1CCCC1CCC1NCCN1CC1CC1C1CCCC(C23CC4CC(CC(C4)C2)C3)C1C1CCCC1c1ccccc1,6.9,0.2301822953813134,7.130182295381314,-6.9,0.2301822953813134,200
O=C(CC1(N2CC=CC2)CCOCC1)NC1NNC(C2CCCCC2)S1(C1CCCC1c1ccc2c(c1)OCCO2)C1CCCCC1C1CCCC1,7.9,0.22295127154178,8.12295127154178,-7.9,0.22295127154178,200
O=C(CCN1CCCN1)N1CCCC1CCC1NCCN1CC1CC1(c1ccc2c(c1)C1C=CCC1C(C1CCCC1c1ccccc1)N2)C1CCCCC1,8.1,0.19090185300460685,8.290901853004607,-8.1,0.19090185300460685,200
O=C1N(CC2CC2)NC2N1CCCCC2(C12CC3CC(CC(C3)C1)C2)C12CC3CC(CC(C3)C1)C2,8.4,0.4970849064029367,8.897084906402936,-8.4,0.4970849064029367,200
O=C1N(CC2CC2)NC2N1CCCCC2(Nc1ccccc1-c1ccccc1C1CCCC1)C12CC3CC(CC(C3)C1)C2,8.5,0.3461113280154836,8.846111328015484,-8.5,0.3461113280154836,200
C1=CC(C2CCCC2C2OCCC2c2ccccc2-c2ccccc2)NC(CN2CCC(CCC3NC(C4CCOCC4)NO3)CC2)C1,7.3,0.2489303624428547,7.548930362442855,-7.3,0.2489303624428547,200
O=C(CCC1CCCCC1)NC1CCN(C2CC(N3CCOCC3)CNN2)C1(c1cccc(-c2ccc(C34CC5CC(CC(C5)C3)C4)cc2)c1)C12CC3CC(CC(C3)C1)C2,7.2,0.22245274888864303,7.422452748888643,-7.2,0.22245274888864303,200
O=C(CC1(N2CC=CC2)CCOCC1)NC1NNC(C2CCCCC2)S1(C1Nc2ccccc2C2C=CCC21)C1C(c2ccccc2)CCC1C12CC3CC(CC(C3)C1)C2,7.8,0.1887933331723238,7.988793333172324,-7.8,0.1887933331723238,200
O=C(CCN1CCCN1)N1CCCC1CCC1NCCN1CC1CC1(C=Cc1ccc2c(c1)C1C=CCC1CN2)C1CCCC1c1ccccc1,7.6,0.20947914289358394,7.809479142893584,-7.6,0.20947914289358394,200
C1=CC(C2CCCCC2)(C2CCCC2C2CCCC2C23CC4CC(CC(C4)C2)C3)NC(CN2CCC(CCC3NC(C4CCOCC4)NO3)CC2)C1,8.8,0.19647106687889723,8.996471066878899,-8.8,0.19647106687889723,200
O=C1CCCC1CCNC(=O)C1NC(c2ccccc2)N2C1CCCCC2(c1ccccc1-c1ccccc1C12CC3CC(CC(C3)C1)C2)C1CCCCC1,9.0,0.2295915761865649,9.229591576186564,-9.0,0.2295915761865649,200
O=C(C1CNN(C2CC(c3ncno3)CCN2)C1)N1CCCC1(c1ccnc2ccccc12)C1C(C2CCCCC2)CCCC1C1CCCC1,9.2,0.2714127860917344,9.471412786091733,-9.2,0.2714127860917344,200
O=C(NC1CCCC1C(=O)N1CCc2ccccc2C1)C1=CC=CS1(NC1CC1)c1ccc2c(c1)OCO2,7.9,0.5728666436257918,8.472866643625792,-7.9,0.5728666436257918,200
O=C1N(CC2CC2)NC2N1CCCCC2(C12CC3CC(CC(C3)C1)C2)C12CC3CC(CC(C3)C1)C2,8.4,0.4970849064029367,8.897084906402936,-8.4,0.4970849064029367,200
O=C(C1CCOC1)N1CCCC(CCCN2CCCO2)C1(C12CC3CC(CC(C3)C1)C2)C12CC3CC(CC(C3)C1)C2,8.3,0.3391656493450831,8.639165649345085,-8.3,0.3391656493450831,200
O=C(CCS(=O)(=O)C1=CC=CC2NCCC2C1)N1CCCN2NC(c3ccccc3)CC2C1(C12CC3CC(CC(C3)C1)C2)C12CC3CC(CC(C3)C1)C2,8.8,0.30509303801394183,9.105093038013942,-8.8,0.30509303801394183,200
O=C1NN(NCCN2CCNC2(C2CC(O)C(C34CC5CC(CC(C5)C3)C4)C2)C2CCCCC2c2ccccc2)C1CC1CC1,7.1,0.2904986342295278,7.390498634229528,-7.1,0.2904986342295278,200
O=C(CCC1CCCCC1)NC1CCN(C2CC(N3CCOCC3)CNN2)C1(C12CC3CC(CC(C3)C1)C2)C12CC3CC(CC(C3)C1)C2,8.3,0.2866559953120276,8.586655995312029,-8.3,0.2866559953120276,200
C1=CC(c2ccccc2N2CCC(C34CC5CC(CC(C5)C3)C4)CC2)(C23CC4CC(CC(C4)C2)C3)NC(CN2CCC(CCC3NC(C4CCOCC4)NO3)CC2)C1,6.9,0.20460807635209577,7.104608076352096,-6.9,0.20460807635209577,200
O=C(c1ccccc1)N1CCN=C1N1CCN(c2ccccc2)CC1(N(C1CCCCC1)S(=O)(=O)C1CCCC1)C12CC3CC(CC(C3)C1)C2,9.8,0.3076720416517398,10.10767204165174,-9.8,0.3076720416517398,200
C1=CC2c3cc(C4CCCCC4C4(C5CCCC5C56CC7CC(CC(C7)C5)C6)C5CNCC4CNC5)ccc3NCC2C1,9.2,0.31551723932735476,9.515517239327353,-9.2,0.31551723932735476,200
O=C(CCS(=O)(=O)C1=CC=CC2NCCC2C1)N1CCCN2NC(c3ccccc3)CC2C1(C12CC3CC(CC(C3)C1)C2)C12CC3CC(CC(C3)C1)C2,8.8,0.30509303801394183,9.105093038013942,-8.8,0.30509303801394183,200
C1=CC(C2CCCC(C34CC5CC(CC(C5)C3)C4)C2C23CC4CC(CC(C4)C2)C3)(C23CC4CC(CC(C4)C2)C3)CC(C2NCCN3CCNC23)C1,10.3,0.28131095695888075,10.581310956958882,-10.3,0.28131095695888075,200
C1=CC2c3ccccc3NC(C3CCCC(C45CC=CCC4N(C46CC7CC(CC(C7)C4)C6)CC5)C3C3CCCCC3)C2C1,9.0,0.3510722562190357,9.351072256219036,-9.0,0.3510722562190357,200
O=C(COc1ccccc1)N1CC(C2NCON2)C2(CCOCC2)C1(C12CC3CC(CC(C3)C1)C2)C12CC3CC(CC(C3)C1)C2,7.9,0.4154570246660937,8.315457024666093,-7.9,0.4154570246660937,200
C1=CC(C2CCC(C3CCCCC3)C2C23CC4CC(CC(C4)C2)C3)(C23CC4CC(CC(C4)C2)C3)NC(CN2CCC(CCC3NC(C4CCOCC4)NO3)CC2)C1,7.2,0.19206379997259687,7.392063799972597,-7.2,0.19206379997259687,200
O=C1NC(=O)C2NCC(=O)C2(N2CCOCC2(C2C(C3Nc4ccccc4C4C=CCC43)CCC2C23CC4CC(CC(C4)C2)C3)C23CC4CC(CC(C4)C2)C3)N1,9.7,0.25880750851114537,9.958807508511144,-9.7,0.25880750851114537,200
O=C1Nc2ccccc2OCC1CC(=O)N1CCN(C2CCCCN2)CC1(C12CC3CC(CC(C3)C1)C2)C12CC3CC(CC(C3)C1)C2,10.1,0.38780737191673637,10.487807371916736,-10.1,0.38780737191673637,200
C1=CC(c2ccc3c(c2)C2C=CCC2CN3)(C2CCCC2C2CCCC2c2ccccc2)CC(CN2CCNc3ccccc32)C1,9.5,0.27247447687372195,9.772474476873722,-9.5,0.27247447687372195,200
O=C(NC1=CCC2NC(=O)C3CCCN3C(=O)C2C1)C1=CCC(N2CNNN2)CC1(C1C(C2CCCCC2)CCC1C12CC3CC(CC(C3)C1)C2)C12CC3CC(CC(C3)C1)C2,9.0,0.18163985625051882,9.181639856250518,-9.0,0.18163985625051882,200
O=C(CC1CCNCC1)N1CCCC1C1NNCN1CC1CCNCC1(C12CC3CC(CC(C3)C1)C2)C12CC3CC(CC(C3)C1)C2,8.8,0.31373291919961716,9.113732919199618,-8.8,0.31373291919961716,200
O=C1NC(=O)C2NCC(=O)C2(N2CCOCC2(c2ccc3c(c2)C2C=CCC2CN3)C2CCCC(c3ccccc3)C2C23CC4CC(CC(C4)C2)C3)N1,9.4,0.2902796746686023,9.690279674668602,-9.4,0.2902796746686023,200
O=C(CCN1CCCN1)N1CCCC1CCC1NCCN1CC1CC1(C1CCC(C23CC4CC(CC(C4)C2)C3)C1c1ccccc1)C12CC3CC(CC(C3)C1)C2,7.5,0.22317631413247196,7.723176314132472,-7.5,0.22317631413247196,200
O=C(CCN1CCCN1)N1CCCC1CCC1NCCN1CC1CC1(C12CC3CC(CC(C3)C1)C2)C12CC3CC(CC(C3)C1)C2,7.2,0.3137690842276132,7.513769084227613,-7.2,0.3137690842276132,200
C1=CC(c2ccc(-c3ccccc3)cc2)(C2CCCC2C2CCCCC2)CC(C2=CCC(N3CCOCC3)NN2)C1,7.6,0.36270870528525045,7.96270870528525,-7.6,0.36270870528525045,200
O=C(NC1CCCC1C(=O)N1CCc2ccccc2C1)C1=CC=CS1(C1CCCCC1C1CCCC1c1ccccc1)C12CC3CC(CC(C3)C1)C2,8.9,0.3102186193485766,9.210218619348577,-8.9,0.3102186193485766,200
C1=CC2c3ccccc3NC(C3CCC(C4(C5CCCCC5C5Nc6ccccc6C6C=CCC65)C5CNCC4CNC5)C3)C2C1,11.3,0.2642506120436391,11.56425061204364,-11.3,0.2642506120436391,200
O=C(CCC1CCCCC1)NC1CCN(C2CC(N3CCOCC3)CNN2)C1(C12CC3CC(CC(C3)C1)C2)C12CC3CC(CC(C3)C1)C2,8.3,0.2866559953120276,8.586655995312029,-8.3,0.2866559953120276,200
C1CNC2C(C1)NCN2CC1CCCNC1(C1CCC(C23CC4CC(CC(C4)C2)C3)C1C12CC3CC(CC(C3)C1)C2)C12CC3CC(CC(C3)C1)C2,8.8,0.2597758440347044,9.059775844034705,-8.8,0.2597758440347044,200
O=C1CCCC1CCNC(=O)C1NC(c2ccccc2)N2C1CCCCC2(C1CCCCC1C12CC3CC(CC(C3)C1)C2)C1CCCCC1C12CC3CC(CC(C3)C1)C2,9.4,0.2610937130520138,9.661093713052015,-9.4,0.2610937130520138,200
O=C(c1ccccc1)N1CCN=C1N1CCN(c2ccccc2)CC1(C1C(C23CC4CC(CC(C4)C2)C3)CCC1C12CC3CC(CC(C3)C1)C2)C12CC3CC(CC(C3)C1)C2,9.8,0.2919506256286349,10.091950625628636,-9.8,0.2919506256286349,200
C1=CC2c3cc(C4CCCCC4c4ccccc4N4CCC5(C6Nc7ccccc7C7C=CCC76)CC=CCC45)ccc3NCC2C1,9.5,0.28465836600728744,9.784658366007287,-9.5,0.28465836600728744,200
C1=CC(C2CCC(c3ccccc3)C2C23CC4CC(CC(C4)C2)C3)(C23CC4CC(CC(C4)C2)C3)CC(C2=CCC(N3CCOCC3)NN2)C1,9.1,0.2982613713070185,9.398261371307019,-9.1,0.2982613713070185,200
C1=CC2c3cc(C4CCC(C56CC7CC(CC(C7)C5)C6)C4N4CCC5(C67CC8CC(CC(C8)C6)C7)CC=CCC45)ccc3NCC2C1,8.5,0.33386328391301245,8.833863283913013,-8.5,0.33386328391301245,200
C1=CC2c3cc(C4C(c5ccccc5)CCCC4C45CC=CCC4N(C4Nc6ccccc6C6C=CCC64)CC5)ccc3NCC2C1,9.1,0.28474149597373205,9.384741495973731,-9.1,0.28474149597373205,200
O=C(CCS(=O)(=O)C1=CC=CC2NCCC2C1)N1CCCN2NC(c3ccccc3)CC2C1(C1CCCC1C1CCCC1C1CCCCC1)C12CC3CC(CC(C3)C1)C2,7.0,0.25852703237923347,7.2585270323792335,-7.0,0.25852703237923347,200
O=C(CCC1CCCCC1)NC1CCN(C2CC(N3CCOCC3)CNN2)C1(C12CC3CC(CC(C3)C1)C2)C12CC3CC(CC(C3)C1)C2,8.3,0.2866559953120276,8.586655995312029,-8.3,0.2866559953120276,200
C1=CC(C2CCCC(C34CC5CC(CC(C5)C3)C4)C2C23CC4CC(CC(C4)C2)C3)(C23CC4CC(CC(C4)C2)C3)CC(CN2CCNc3ccccc32)C1,9.4,0.2954645287776601,9.695464528777661,-9.4,0.2954645287776601,200
C1CNC2C(C1)NCN2CC1CCCNC1(C1CCCC(C23CC4CC(CC(C4)C2)C3)C1C12CC3CC(CC(C3)C1)C2)C12CC3CC(CC(C3)C1)C2,11.4,0.2573534556909685,11.657353455690968,-11.4,0.2573534556909685,200
O=C(c1ccccc1)N1CCN=C1N1CCN(c2ccccc2)CC1(C12CC3CC(CC(C3)C1)C2)C12CC3CC(CC(C3)C1)C2,9.7,0.3640642779647494,10.064064277964748,-9.7,0.3640642779647494,200
O=C(NC1CCCC1C(=O)N1CCc2ccccc2C1)C1=CC=CS1(C12CC3CC(CC(C3)C1)C2)C12CC3CC(CC(C3)C1)C2,7.9,0.3609014926949979,8.260901492694998,-7.9,0.3609014926949979,200
O=C(CC1CCNCC1)N1CCCC1C1NNCN1CC1CCNCC1(C1CCC(C2CCCCC2)C1c1ccccc1)C12CC3CC(CC(C3)C1)C2,8.0,0.215125222304774,8.215125222304774,-8.0,0.215125222304774,200
O=C(CC1(N2CC=CC2)CCOCC1)NC1NNC(C2CCCCC2)S1(C12CC3CC(CC(C3)C1)C2)C12CC3CC(CC(C3)C1)C2,7.8,0.2604079368634842,8.060407936863484,-7.8,0.2604079368634842,200
O=C1NC(c2ccccc2)NC2C1CCNC2(C1CCCC(C23CC4CC(CC(C4)C2)C3)C1C12CC3CC(CC(C3)C1)C2)C12CC3CC(CC(C3)C1)C2,9.6,0.2846988884037695,9.884698888403769,-9.6,0.2846988884037695,200
C1=CC(C2CCC(C34CC5CC(CC(C5)C3)C4)C2C23CC4CC(CC(C4)C2)C3)(C23CC4CC(CC(C4)C2)C3)CC(C2NCCN3CCNC23)C1,8.9,0.2841305448146569,9.184130544814657,-8.9,0.2841305448146569,200
O=C(Nc1ccccc1)N1CC(CC2NCNN2)C1(C1CCCC(c2ccccc2)C1C12CC3CC(CC(C3)C1)C2)C12CC3CC(CC(C3)C1)C2,7.7,0.23485635160787047,7.934856351607871,-7.7,0.23485635160787047,200
O=C(C1CNN(C2CC(c3ncno3)CCN2)C1)N1CCCC1(C1CCCCC1C1CCCN(C23CC4CC(CC(C4)C2)C3)C1)C12CC3CC(CC(C3)C1)C2,8.5,0.29887189581350787,8.798871895813507,-8.5,0.29887189581350787,200
O=C1CC2C(CCCC2(c2ccc3c(c2)C2C=CCC2CN3)C2CCCCC2C2CCCCC2c2ccccc2)NN1,9.0,0.33064891125384427,9.330648911253844,-9.0,0.33064891125384427,200
O=C(CCNC1C(c2ccccc2)NC2CNCCN21)N1CCSCC1(C12CC3CC(CC(C3)C1)C2)C12CC3CC(CC(C3)C1)C2,8.7,0.35915437694811664,9.059154376948117,-8.7,0.35915437694811664,200
O=C(CCN1CCCN1)N1CCCC1CCC1NCCN1CC1CC1(C12CC3CC(CC(C3)C1)C2)C12CC3CC(CC(C3)C1)C2,7.2,0.3137690842276132,7.513769084227613,-7.2,0.3137690842276132,200
c1ccc(C2CCC(C3(C45CC6CC(CC(C6)C4)C5)NCCCC3CN3CNC4CCCNC43)C2C23CC4CC(CC(C4)C2)C3)cc1,9.1,0.29690812955736545,9.396908129557366,-9.1,0.29690812955736545,200
O=C(NCC1CCCO1)C1CCN(C2CNC(N3CCNCC3)NC2)CC1(C12CC3CC(CC(C3)C1)C2)C12CC3CC(CC(C3)C1)C2,8.9,0.334949243252445,9.234949243252446,-8.9,0.334949243252445,200
O=C(NCC1CCCO1)C1CCN(C2CNC(N3CCNCC3)NC2)CC1(c1ccccc1)C1C(c2ccccc2)CCCC1C12CC3CC(CC(C3)C1)C2,7.5,0.26205588894366355,7.762055888943664,-7.5,0.26205588894366355,200
C1=CC(C2CCN(C34CC5CC(CC(C5)C3)C4)CC2C23CC4CC(CC(C4)C2)C3)(C23CC4CC(CC(C4)C2)C3)CC(CN2CCNc3ccccc32)C1,8.3,0.29618521472963605,8.596185214729637,-8.3,0.29618521472963605,200
O=C1CC2C(CCCC2(C2CCC(C3CCNCC3)C2C23CC4CC(CC(C4)C2)C3)C2Nc3ccccc3C3C=CCC32)NN1,9.8,0.27365489476564137,10.073654894765642,-9.8,0.27365489476564137,200
O=C(c1ccccc1)N1CCN=C1N1CCN(c2ccccc2)CC1(Oc1cccc(C23CC4CC(CC(C4)C2)C3)c1)C12CC3CC(CC(C3)C1)C2,8.6,0.2590146668193206,8.85901466681932,-8.6,0.2590146668193206,200
O=C(c1ccccc1)N1CCN=C1N1CCN(c2ccccc2)CC1(C12CC3CC(CC(C3)C1)C2)C12CC3CC(CC(C3)C1)C2,9.7,0.3640642779647494,10.064064277964748,-9.7,0.3640642779647494,200
O=C(CCN1CCCN1)N1CCCC1CCC1NCCN1CC1CC1(C1CCCC1C1CCCCC1C1CCCCC1)C1Nc2ccccc2C2C=CCC21,7.6,0.18637463912439584,7.7863746391243955,-7.6,0.18637463912439584,200
O=C(CCC1CCCCC1)NC1CCN(C2CC(N3CCOCC3)CNN2)C1(C1CCCC(c2ccccc2)C1C12CC3CC(CC(C3)C1)C2)C12CC3CC(CC(C3)C1)C2,9.2,0.21883038999148863,9.418830389991488,-9.2,0.21883038999148863,200
O=C(COc1ccccc1)N1CC(C2NCON2)C2(CCOCC2)C1(C12CC3CC(CC(C3)C1)C2)C12CC3CC(CC(C3)C1)C2,7.9,0.4154570246660937,8.315457024666093,-7.9,0.4154570246660937,200
O=C1NC(=O)C2NCC(=O)C2(N2CCOCC2(C2CCCC(C34CC5CC(CC(C5)C3)C4)C2C2Nc3ccccc3C3C=CCC32)C2Nc3ccccc3C3C=CCC32)N1,8.0,0.21208860692212483,8.212088606922125,-8.0,0.21208860692212483,200
O=C(CCS(=O)(=O)C1=CC=CC2NCCC2C1)N1CCCN2NC(c3ccccc3)CC2C1(C12CC3CC(CC(C3)C1)C2)C12CC3CC(CC(C3)C1)C2,8.8,0.30509303801394183,9.105093038013942,-8.8,0.30509303801394183,200
O=C(NC1CCCC1C(=O)N1CCc2ccccc2C1)C1=CC=CS1(C12CC3CC(CC(C3)C1)C2)C12CC3CC(CC(C3)C1)C2,7.9,0.3609014926949979,8.260901492694998,-7.9,0.3609014926949979,200
O=C(NC1CCCC1C(=O)N1CCc2ccccc2C1)C1=CC=CS1(c1cc(C2CCCC2)on1)C1CCCC1c1nccs1,8.2,0.28730635046514513,8.487306350465145,-8.2,0.28730635046514513,200
O=S(=O)(c1ccccc1)N1CC(C2NC(Cc3ccccc3)NO2)C1(C12CC3CC(CC(C3)C1)C2)C12CC3CC(CC(C3)C1)C2,8.7,0.3670434294833953,9.067043429483395,-8.7,0.3670434294833953,200
O=C(NCC1CCCO1)C1CCN(C2CNC(N3CCNCC3)NC2)CC1(C12CC3CC(CC(C3)C1)C2)C12CC3CC(CC(C3)C1)C2,8.9,0.334949243252445,9.234949243252446,-8.9,0.334949243252445,200
O=S(=O)(c1ccccc1)N1CC(C2NC(Cc3ccccc3)NO2)C1(C12CC3CC(CC(C3)C1)C2)C12CC3CC(CC(C3)C1)C2,8.7,0.3670434294833953,9.067043429483395,-8.7,0.3670434294833953,200
O=C(COc1ccccc1)N1CC(C2NCON2)C2(CCOCC2)C1(C12CC3CC(CC(C3)C1)C2)C12CC3CC(CC(C3)C1)C2,7.9,0.4154570246660937,8.315457024666093,-7.9,0.4154570246660937,200
O=C1NC(c2ccccc2)NC2C1CCNC2(C1CCCCC1)C1C(C23CC4CC(CC(C4)C2)C3)CCCC1C12CC3CC(CC(C3)C1)C2,8.6,0.29458921675248934,8.89458921675249,-8.6,0.29458921675248934,200
O=C1NC(=O)C2NCC(=O)C2(N2CCOCC2(C2CCCCC2c2ccc3c(c2)C2C=CCC2CN3)C2CCCC2C23CC4CC(CC(C4)C2)C3)N1,10.6,0.28550738331941855,10.885507383319418,-10.6,0.28550738331941855,200
C1=CC(C2C(C3CCCC3)CCC2C2Nc3ccccc3C3C=CCC32)(C23CC4CC(CC(C4)C2)C3)CC(C2=CCC(N3CCOCC3)NN2)C1,8.0,0.26045086055062544,8.260450860550625,-8.0,0.26045086055062544,200
O=C(CC1CCNCC1)N1CCCC1C1NNCN1CC1CCNCC1(C12CC3CC(CC(C3)C1)C2)C12CC3CC(CC(C3)C1)C2,8.8,0.31373291919961716,9.113732919199618,-8.8,0.31373291919961716,200
O=C(NC1=CCC2NC(=O)C3CCCN3C(=O)C2C1)C1=CCC(N2CNNN2)CC1(C12CC3CC(CC(C3)C1)C2)C12CC3CC(CC(C3)C1)C2,10.2,0.29539846150085575,10.495398461500855,-10.2,0.29539846150085575,200
C1=CC(C2Nc3ccccc3C3C=CCC32)(C2C(c3ccccc3)CCCC2C23CC4CC(CC(C4)C2)C3)CC(C2=CCC(N3CCOCC3)NN2)C1,9.6,0.2609838441221207,9.86098384412212,-9.6,0.2609838441221207,200
C1=CC2c3cc(C4C(C5Nc6ccccc6C6C=CCC65)CCCC4C4(C5Nc6ccccc6C6C=CCC65)C=CCC(N5CCCC5)C4)ccc3NCC2C1,8.3,0.22786258177761973,8.52786258177762,-8.3,0.22786258177761973,200
O=C(NCC1CCCN1)C1c2ccccc2C(=O)N(C2C=CC=CC2)C12CCCC2(C12CC3CC(CC(C3)C1)C2)C12CC3CC(CC(C3)C1)C2,7.9,0.31944472655240963,8.21944472655241,-7.9,0.31944472655240963,200
C1=CC(C2CCCCC2c2ccc3c(c2)C2C=CCC2CN3)(C2CCCCC2C2CCCC2)NC(CN2CCC(CCC3NC(C4CCOCC4)NO3)CC2)C1,9.2,0.1771849674338903,9.37718496743389,-9.2,0.1771849674338903,200
O=C(C1CCOC1)N1CCC(OC2NOC(C3CNCCN3)N2)CC1(C1C(C23CC4CC(CC(C4)C2)C3)CCC1C12CC3CC(CC(C3)C1)C2)C12CC3CC(CC(C3)C1)C2,9.4,0.20203511476632605,9.602035114766327,-9.4,0.20203511476632605,200
NNC1(C2CCCC(C34CC5CC(CC(C5)C3)C4)C2C23CC4CC(CC(C4)C2)C3)C2CC(c3ccccc3)NN2CCCN1C(=O)CCS(=O)(=O)C1=CC=CC2NCCC2C1,7.5,0.1470535084141062,7.647053508414106,-7.5,0.1470535084141062,200
O=C1Nc2ccccc2OCC1CC(=O)N1CCN(C2CCCCN2)CC1(C1C(c2ccccc2)CCC1c1ccccc1)C12CC3CC(CC(C3)C1)C2,9.5,0.25703726393903337,9.757037263939033,-9.5,0.25703726393903337,200
O=C(CCC1CCCCC1)NC1CCN(C2CC(N3CCOCC3)CNN2)C1(C12CC3CC(CC(C3)C1)C2)C12CC3CC(CC(C3)C1)C2,8.3,0.2866559953120276,8.586655995312029,-8.3,0.2866559953120276,200
O=C(CC1CCNCC1)N1CCCC1C1NNCN1CC1CCNCC1(C12CC3CC(CC(C3)C1)C2)C12CC3CC(CC(C3)C1)C2,8.8,0.31373291919961716,9.113732919199618,-8.8,0.31373291919961716,200
O=C(CCC1CCCCC1)NC1CCN(C2CC(N3CCOCC3)CNN2)C1(C12CC3CC(CC(C3)C1)C2)C12CC3CC(CC(C3)C1)C2,8.3,0.2866559953120276,8.586655995312029,-8.3,0.2866559953120276,200
O=C(CCS(=O)(=O)C1=CC=CC2NCCC2C1)N1CCCN2NC(c3ccccc3)CC2C1(C12CC3CC(CC(C3)C1)C2)C12CC3CC(CC(C3)C1)C2,8.8,0.30509303801394183,9.105093038013942,-8.8,0.30509303801394183,200
O=C(Nc1ccccc1)N1CC(CC2NCNN2)C1(C12CC3CC(CC(C3)C1)C2)C12CC3CC(CC(C3)C1)C2,8.9,0.39546599194809046,9.29546599194809,-8.9,0.39546599194809046,200
O=C(NCC1CCCCC1C1C=CCC(CN2CCC(CCC3NC(C4CCOCC4)NO3)CC2)N1)c1ccccc1C1CCCC1,7.3,0.22397105093818365,7.523971050938184,-7.3,0.22397105093818365,200
NC(=O)NC1CCC(C2CCCC2C2(C34CC5CC(CC(C5)C3)C4)CCCN2C(=O)C2CNN(C3CC(c4ncno4)CCN3)C2)C1,7.9,0.3460619588998646,8.246061958899865,-7.9,0.3460619588998646,200
O=C1CCCC1CCNC(=O)C1NC(c2ccccc2)N2C1CCCCC2(C1CCC(c2ccccc2)C1C12CC3CC(CC(C3)C1)C2)C12CC3CC(CC(C3)C1)C2,6.8,0.2660173907870944,7.066017390787094,-6.8,0.2660173907870944,200
O=C(NC1CCCC1C(=O)N1CCc2ccccc2C1)C1=CC=CS1(C1Nc2ccc(C3CCCCC3C3CCCCC3)cc2C2C=CCC21)C12CC3CC(CC(C3)C1)C2,6.0,0.2735034877423301,6.27350348774233,-6.0,0.2735034877423301,200
O=C(CCC1CCCCC1)NC1CCN(C2CC(N3CCOCC3)CNN2)C1(C12CC3CC(CC(C3)C1)C2)C12CC3CC(CC(C3)C1)C2,8.3,0.2866559953120276,8.586655995312029,-8.3,0.2866559953120276,200
C1=CC2c3ccccc3NC(C3C(C45CC6CC(CC(C6)C4)C5)CCCC3C3(C4Nc5ccccc5C5C=CCC54)C=CCC(N4CCCC4)C3)C2C1,9.7,0.3033467452893152,10.003346745289315,-9.7,0.3033467452893152,200
O=C1Nc2ccccc2OCC1CC(=O)N1CCN(C2CCCCN2)CC1(C1C(C2CCCCC2)CCCC1C12CC3CC(CC(C3)C1)C2)C12CC3CC(CC(C3)C1)C2,8.0,0.28729803075225824,8.287298030752257,-8.0,0.28729803075225824,200
C1=CC2c3ccccc3NC(C3CCCC(C45CC6CC(CC(C6)C4)C5)C3C3(C4Nc5ccccc5C5C=CCC54)C4CNCC3CNC4)C2C1,9.2,0.2437503701549779,9.443750370154977,-9.2,0.2437503701549779,200
O=C(NC1=CCC2NC(=O)C3CCCN3C(=O)C2C1)C1=CCC(N2CNNN2)CC1(C12CC3CC(CC(C3)C1)C2)C12CC3CC(CC(C3)C1)C2,10.2,0.29539846150085575,10.495398461500855,-10.2,0.29539846150085575,200
C1=CC(c2ccccc2C2CCCC2c2ccccc2)(C23CC4CC(CC(C4)C2)C3)NC(CN2CCC(CCC3NC(C4CCOCC4)NO3)CC2)C1,8.1,0.213831995798296,8.313831995798296,-8.1,0.213831995798296,200
O=C(C1CCOC1)N1CCC(OC2NOC(C3CNCCN3)N2)CC1(C1CCC(c2ccccc2)C1C12CC3CC(CC(C3)C1)C2)C12CC3CC(CC(C3)C1)C2,10.5,0.24493810578620734,10.744938105786208,-10.5,0.24493810578620734,200
O=C(CC1CCNCC1)N1CCCC1C1NNCN1CC1CCNCC1(c1ccccc1)c1c[nH]c2cc(C3CCCC3C34CC5CC(CC(C5)C3)C4)ccc12,8.1,0.15844921648201946,8.258449216482019,-8.1,0.15844921648201946,200
C1=CC(c2cc(-c3ccccc3)ccc2-c2ccccc2)(C23CC4CC(CC(C4)C2)C3)NC(CN2CCC(CCC3NC(C4CCOCC4)NO3)CC2)C1,9.4,0.18149530868027758,9.581495308680278,-9.4,0.18149530868027758,200
O=C(NCC1CCCO1)C1CCN(C2CNC(N3CCNCC3)NC2)CC1(C12CC3CC(CC(C3)C1)C2)C12CC3CC(CC(C3)C1)C2,8.9,0.334949243252445,9.234949243252446,-8.9,0.334949243252445,200
O=C(C1CCOC1)N1CCC(OC2NOC(C3CNCCN3)N2)CC1(C12CC3CC(CC(C3)C1)C2)C12CC3CC(CC(C3)C1)C2,9.2,0.3574354217229237,9.557435421722923,-9.2,0.3574354217229237,200
O=C(C1CNN(C2CC(c3ncno3)CCN2)C1)N1CCCC1(C1CCCC1)C1CCCC1C1CCCCC1c1ccccc1,7.7,0.3818762514468185,8.081876251446818,-7.7,0.3818762514468185,200
O=C(NC1CCCC1C(=O)N1CCc2ccccc2C1)C1=CC=CS1(C12CC3CC(CC(C3)C1)C2)C12CC3CC(CC(C3)C1)C2,7.9,0.3609014926949979,8.260901492694998,-7.9,0.3609014926949979,200
O=C(CCS(=O)(=O)C1=CC=CC2NCCC2C1)N1CCCN2NC(c3ccccc3)CC2C1(C12CC3CC(CC(C3)C1)C2)C12CC3CC(CC(C3)C1)C2,8.8,0.30509303801394183,9.105093038013942,-8.8,0.30509303801394183,200
C1CNC2C(C1)NCN2CC1CCCNC1(C1CCC(C23CC4CC(CC(C4)C2)C3)C1C12CC3CC(CC(C3)C1)C2)C12CC3CC(CC(C3)C1)C2,8.8,0.2597758440347044,9.059775844034705,-8.8,0.2597758440347044,200
C1=CC2c3ccccc3NC(C3C(C4CCCCC4)CCC3C3(C4Nc5ccccc5C5C=CCC54)C4CNCC3CNC4)C2C1,9.2,0.2642506120436391,9.464250612043639,-9.2,0.2642506120436391,200
C1=CC2c3cc(C4(C5CCCC5C5CCCCC5C56CC7CC(CC(C7)C5)C6)C=CCC(C5NCCN6CCNC56)C4)ccc3NCC2C1,10.0,0.2767944938855698,10.27679449388557,-10.0,0.2767944938855698,200
O=C(COc1ccccc1)N1CC(C2NCON2)C2(CCOCC2)C1(C12CC3CC(CC(C3)C1)C2)C12CC3CC(CC(C3)C1)C2,7.9,0.4154570246660937,8.315457024666093,-7.9,0.4154570246660937,200
C1CCC(C2(C3CCCCC3C34CC5CC(CC(C5)C3)C4)C3CNCC2CNC3)C(C23CC4CC(CC(C4)C2)C3)C1,9.1,0.36161873325195026,9.46161873325195,-9.1,0.36161873325195026,200
C1=CC(C2CCCC(C34CC5CC(CC(C5)C3)C4)C2C23CC4CC(CC(C4)C2)C3)(C2Nc3ccccc3C3C=CCC32)CC(CN2CCNc3ccccc32)C1,10.7,0.28823378693761464,10.988233786937615,-10.7,0.28823378693761464,200
O=C(c1ccccc1)N1CCN=C1N1CCN(c2ccccc2)CC1(C12CC3CC(CC(C3)C1)C2)C12CC3CC(CC(C3)C1)C2,9.7,0.3640642779647494,10.064064277964748,-9.7,0.3640642779647494,200
O=C1N(CC2CC2)NC2N1CCCCC2(C12CC3CC(CC(C3)C1)C2)C12CC3CC(CC(C3)C1)C2,8.4,0.4970849064029367,8.897084906402936,-8.4,0.4970849064029367,200
O=C(CC1CCNCC1)N1CCCC1C1NNCN1CC1CCNCC1(c1ccc(C2CCCC2)c(C23CC4CC(CC(C4)C2)C3)c1)C12CC3CC(CC(C3)C1)C2,6.8,0.20435580749047397,7.004355807490474,-6.8,0.20435580749047397,200
O=C(CCS(=O)(=O)C1=CC=CC2NCCC2C1)N1CCCN2NC(c3ccccc3)CC2C1(C12CC3CC(CC(C3)C1)C2)C12CC3CC(CC(C3)C1)C2,8.8,0.30509303801394183,9.105093038013942,-8.8,0.30509303801394183,200
O=C1NC(c2ccccc2)NC2C1CCNC2(c1cc2c(cc1-c1ccccc1)OCCO2)C1CCCCC1C12CC3CC(CC(C3)C1)C2,9.1,0.2620067292104405,9.36200672921044,-9.1,0.2620067292104405,200
c1ccc(C2CCCC(C3(C45CC6CC(CC(C6)C4)C5)NCCCC3CN3CNC4CCCNC43)C2C23CC4CC(CC(C4)C2)C3)cc1,10.8,0.2898073646181668,11.089807364618167,-10.8,0.2898073646181668,200
C1=CC2c3ccccc3NC(C3CCCC(C4(C56CC7CC(CC(C7)C5)C6)C5CNCC4CNC5)C3C3Nc4ccccc4C4C=CCC43)C2C1,11.0,0.2437503701549779,11.243750370154977,-11.0,0.2437503701549779,200
O=C1NC(=O)C2NCC(=O)C2(N2CCOCC2(C2CCC(C34CC5CC(CC(C5)C3)C4)C2C23CC4CC(CC(C4)C2)C3)C2Nc3ccccc3C3C=CCC32)N1,9.1,0.2588075085111454,9.358807508511145,-9.1,0.2588075085111454,200
O=C(CCS(=O)(=O)C1=CC=CC2NCCC2C1)N1CCCN2NC(c3ccccc3)CC2C1(C12CC3CC(CC(C3)C1)C2)C12CC3CC(CC(C3)C1)C2,8.8,0.30509303801394183,9.105093038013942,-8.8,0.30509303801394183,200
C1=CC(C2CCC(C34CC5CC(CC(C5)C3)C4)C2C2CCCCC2)(C23CC4CC(CC(C4)C2)C3)CC(C2=CCC(N3CCOCC3)NN2)C1,7.9,0.2767791889896936,8.176779188989695,-7.9,0.2767791889896936,200
O=C(NCC1CCCO1)C1CCN(C2CNC(N3CCNCC3)NC2)CC1(C12CC3CC(CC(C3)C1)C2)C12CC3CC(CC(C3)C1)C2,8.9,0.334949243252445,9.234949243252446,-8.9,0.334949243252445,200
O=C(NCC1CCCO1)C1CCN(C2CNC(N3CCNCC3)NC2)CC1(C12CC3CC(CC(C3)C1)C2)C12CC3CC(CC(C3)C1)C2,8.9,0.334949243252445,9.234949243252446,-8.9,0.334949243252445,200
C1=CC2c3cc(N4CCC5(C6CCCCC6C6CCCCC6c6ccccc6)CC=CCC45)ccc3NCC2C1,9.5,0.3945110228670622,9.894511022867063,-9.5,0.3945110228670622,200
O=C(CCNC1C(c2ccccc2)NC2CNCCN21)N1CCSCC1(C12CC3CC(CC(C3)C1)C2)C12CC3CC(CC(C3)C1)C2,8.7,0.35915437694811664,9.059154376948117,-8.7,0.35915437694811664,200
O=C(CCNC1C(c2ccccc2)NC2CNCCN21)N1CCSCC1(C12CC3CC(CC(C3)C1)C2)C12CC3CC(CC(C3)C1)C2,8.7,0.35915437694811664,9.059154376948117,-8.7,0.35915437694811664,200
C1=CC(C2CCCC2C2CCCCC2C23CC4CC(CC(C4)C2)C3)(C23CC4CC(CC(C4)C2)C3)CC(C2=CCC(N3CCOCC3)NN2)C1,8.4,0.2767791889896936,8.676779188989695,-8.4,0.2767791889896936,200
C1=CC2c3ccccc3NC(C3(C4CCCC(C5CCCNC5)C4C45CC6CC(CC(C6)C4)C5)C=CCC(N4CCCC4)C3)C2C1,10.1,0.3219374757661089,10.421937475766109,-10.1,0.3219374757661089,200
C1=CC(c2ccc3c(c2)C2C=CCC2CN3)(C2CCCCC2C2CCCCC2c2ccccc2)CC(CN2CCNc3ccccc32)C1,8.7,0.26343109439362755,8.963431094393627,-8.7,0.26343109439362755,200
O=S(=O)(c1ccccc1)N1CC(C2NC(Cc3ccccc3)NO2)C1(C12CC3CC(CC(C3)C1)C2)C12CC3CC(CC(C3)C1)C2,8.7,0.3670434294833953,9.067043429483395,-8.7,0.3670434294833953,200
C1=CC(C2CCC(c3ccccc3)C2C23CC4CC(CC(C4)C2)C3)(C23CC4CC(CC(C4)C2)C3)CC(C2=CCC(N3CCOCC3)NN2)C1,9.1,0.2982613713070185,9.398261371307019,-9.1,0.2982613713070185,200
O=C(NC1=CCC2NC(=O)C3CCCN3C(=O)C2C1)C1=CCC(N2CNNN2)CC1(C12CC3CC(CC(C3)C1)C2)C12CC3CC(CC(C3)C1)C2,10.2,0.29539846150085575,10.495398461500855,-10.2,0.29539846150085575,200
O=C(c1ccccc1)N1CCN=C1N1CCN(c2ccccc2)CC1(C1C(C23CC4CC(CC(C4)C2)C3)CCCC1C12CC3CC(CC(C3)C1)C2)C12CC3CC(CC(C3)C1)C2,9.4,0.29145173954825127,9.691451739548251,-9.4,0.29145173954825127,200
O=C(COc1ccccc1)N1CC(C2NCON2)C2(CCOCC2)C1(C12CC3CC(CC(C3)C1)C2)C12CC3CC(CC(C3)C1)C2,7.9,0.4154570246660937,8.315457024666093,-7.9,0.4154570246660937,200
O=C(Nc1ccccc1)N1CC(CC2NCNN2)C1(C12CC3CC(CC(C3)C1)C2)C12CC3CC(CC(C3)C1)C2,8.9,0.39546599194809046,9.29546599194809,-8.9,0.39546599194809046,200
O=C(C1CNN(C2CC(c3ncno3)CCN2)C1)N1CCCC1(Oc1cccc(C2CCCC2)c1)C1CCCCC1c1ccccc1,7.9,0.2957993398457057,8.195799339845706,-7.9,0.2957993398457057,200
O=C(c1ccccc1)N1CCN=C1N1CCN(c2ccccc2)CC1(c1ccc(C2CCCC2)cc1C1CCCCC1)C12CC3CC(CC(C3)C1)C2,8.2,0.2579192508671554,8.457919250867155,-8.2,0.2579192508671554,200
C1=CC(C2C(c3ccccc3)CCC2C23CC4CC(CC(C4)C2)C3)(C23CC4CC(CC(C4)C2)C3)CC(C2=CCC(N3CCOCC3)NN2)C1,8.8,0.2982613713070185,9.09826137130702,-8.8,0.2982613713070185,200
O=C(NCC1CCCO1)C1CCN(C2CNC(N3CCNCC3)NC2)CC1(C12CC3CC(CC(C3)C1)C2)C12CC3CC(CC(C3)C1)C2,8.9,0.334949243252445,9.234949243252446,-8.9,0.334949243252445,200
C1=CC(C2C(c3ccccc3)CCCC2C23CC4CC(CC(C4)C2)C3)(C23CC4CC(CC(C4)C2)C3)CC(C2=CCC(N3CCOCC3)NN2)C1,8.5,0.2946746863772823,8.794674686377283,-8.5,0.2946746863772823,200
O=C1NC(=O)C2NCC(=O)C2(N2CCOCC2(c2ccccc2-c2ccc3c(c2)C2C=CCC2CN3)C2CCCCC2c2ccccc2)N1,9.2,0.28553011994855443,9.485530119948553,-9.2,0.28553011994855443,200
C1=CC(C2CCCCC2c2cc3c(c(-c4ccccc4)c2)OCO3)(C23CC4CC(CC(C4)C2)C3)NC(CN2CCC(CCC3NC(C4CCOCC4)NO3)CC2)C1,8.0,0.20685258794853836,8.20685258794854,-8.0,0.20685258794853836,200
O=C(CC1(N2CC=CC2)CCOCC1)NC1NNC(C2CCCCC2)S1(c1ccc(C23CC4CC(CC(C4)C2)C3)cc1)C1CCCCC1c1ccccc1,8.4,0.22327585882139822,8.6232758588214,-8.4,0.22327585882139822,200
O=C1NC(=O)C2NCC(=O)C2(N2CCOCC2(C2Nc3ccccc3C3C=CCC32)C2C(C3Nc4ccccc4C4C=CCC43)CCC2C23CC4CC(CC(C4)C2)C3)N1,10.5,0.2238528648207302,10.72385286482073,-10.5,0.2238528648207302,200
C1=CC(C2CCCCC2C2Nc3ccccc3C3C=CCC32)(C2CCCC2C23CC4CC(CC(C4)C2)C3)CC(C2=CCC(N3CCOCC3)NN2)C1,8.2,0.25803065530207914,8.458030655302078,-8.2,0.25803065530207914,200
O=C(NC1=CCC2NC(=O)C3CCCN3C(=O)C2C1)C1=CCC(N2CNNN2)CC1(C12CC3CC(CC(C3)C1)C2)C12CC3CC(CC(C3)C1)C2,10.2,0.29539846150085575,10.495398461500855,-10.2,0.29539846150085575,200
O=C(c1ccccc1)N1CCN=C1N1CCN(c2ccccc2)CC1(C12CC3CC(CC(C3)C1)C2)C12CC3CC(CC(C3)C1)C2,9.7,0.3640642779647494,10.064064277964748,-9.7,0.3640642779647494,200
O=C1CC2C(CCCC2C2CCCCC2C(=Nc2ccc3c(c2)C2C=CCC2CN3)c2ccccc2)NN1,9.2,0.3258742046804952,9.525874204680495,-9.2,0.3258742046804952,200
Cn1ncc2c1CC(S1(C3CCCC3C3CCCC3)C=CC=C1C(=O)NC1CCCC1C(=O)N1CCc3ccccc3C1)CC2C12CC3CC(CC(C3)C1)C2,7.2,0.30602319640471387,7.506023196404714,-7.2,0.30602319640471387,200
O=C(COc1ccccc1)N1CC(C2NCON2)C2(CCOCC2)C1(C12CC3CC(CC(C3)C1)C2)C12CC3CC(CC(C3)C1)C2,7.9,0.4154570246660937,8.315457024666093,-7.9,0.4154570246660937,200
O=C1NC(=O)C2NCC(=O)C2(N2CCOCC2(C2CCCC2OC23CC4CC(CC(C4)C2)C3)C23CC4CC(CC(C4)C2)C3)N1,10.3,0.4397288812670724,10.739728881267073,-10.3,0.4397288812670724,200
O=C(NCC1CCCN1)C1c2ccccc2C(=O)N(C2C=CC=CC2)C12CCCC2(C12CC3CC(CC(C3)C1)C2)C12CC3CC(CC(C3)C1)C2,7.9,0.31944472655240963,8.21944472655241,-7.9,0.31944472655240963,200
CN(CC1CCCC1C12CC3CC(CC(C3)C1)C2)C1(C23CC4CC(CC(C4)C2)C3)NCCC2C(=O)NC(c3ccccc3)NC21,9.6,0.3295362617974549,9.929536261797455,-9.6,0.3295362617974549,200
O=C(C1CNN(C2CC(c3ncno3)CCN2)C1)N1CCCC1(C12CC3CC(CC(C3)C1)C2)C12CC3CC(CC(C3)C1)C2,8.5,0.4954787406140679,8.995478740614068,-8.5,0.4954787406140679,200
C1=CC(C2CCCCC2C2CCOC2C23CC4CC(CC(C4)C2)C3)(C23CC4CC(CC(C4)C2)C3)CC(CN2CCNc3ccccc32)C1,9.1,0.3107722890113847,9.410772289011385,-9.1,0.3107722890113847,200
O=C(NC1CCCC1C(=O)N1CCc2ccccc2C1)C1=CC=CS1(C12CC3CC(CC(C3)C1)C2)C12CC3CC(CC(C3)C1)C2,7.9,0.3609014926949979,8.260901492694998,-7.9,0.3609014926949979,200
O=C1CC2C(CCCC2(C2CCC(c3ccccc3)C2C23CC4CC(CC(C4)C2)C3)C2Nc3ccccc3C3C=CCC32)NN1,9.3,0.3088952437581838,9.608895243758184,-9.3,0.3088952437581838,200
O=C(CC1CCNCC1)N1CCCC1C1NNCN1CC1CCNCC1(c1ccc(C2CCCC2)cc1C12CC3CC(CC(C3)C1)C2)C12CC3CC(CC(C3)C1)C2,8.3,0.20435580749047397,8.504355807490475,-8.3,0.20435580749047397,200
O=C(COc1ccccc1)N1CC(C2NCON2)C2(CCOCC2)C1(c1ccnc(C23CC4CC(CC(C4)C2)C3)c1)C12CC3CC(CC(C3)C1)C2,7.7,0.3342073562676757,8.034207356267675,-7.7,0.3342073562676757,200
O=C(C1CCOC1)N1CCCC(CCCN2CCCO2)C1(C1C(c2ccccc2)CCC1C12CC3CC(CC(C3)C1)C2)C12CC3CC(CC(C3)C1)C2,7.5,0.25636606011466395,7.756366060114664,-7.5,0.25636606011466395,200
O=C(NCC1CCCN1)C1c2ccccc2C(=O)N(C2C=CC=CC2)C12CCCC2(C12CC3CC(CC(C3)C1)C2)C12CC3CC(CC(C3)C1)C2,7.9,0.31944472655240963,8.21944472655241,-7.9,0.31944472655240963,200
C1=CC2c3cc(C4C(C56CC7CC(CC(C7)C5)C6)CCC4C45CC=CCC4N(C4Nc6ccccc6C6C=CCC64)CC5)ccc3NCC2C1,9.4,0.3189206295272313,9.718920629527231,-9.4,0.3189206295272313,200
O=C(NC1CCCC1C(=O)N1CCc2ccccc2C1)C1=CC=CS1(C12CC3CC(CC(C3)C1)C2)C12CC3CC(CC(C3)C1)C2,7.9,0.3609014926949979,8.260901492694998,-7.9,0.3609014926949979,200
O=C(CCN1CCCN1)N1CCCC1CCC1NCCN1CC1CC1(C1CCCCC1)C1C(C2Nc3ccccc3C3C=CCC32)CCC1C12CC3CC(CC(C3)C1)C2,6.7,0.18349613307216872,6.883496133072169,-6.7,0.18349613307216872,200
O=C(CCN1CCCN1)N1CCCC1CCC1NCCN1CC1CC1(C1C(c2ccccc2)CCC1C12CC3CC(CC(C3)C1)C2)C12CC3CC(CC(C3)C1)C2,7.4,0.22317631413247305,7.623176314132474,-7.4,0.22317631413247305,200
c1ccc(-c2ccccc2-c2cc3c(c(C4(C56CC7CC(CC(C7)C5)C6)NCCCC4CN4CNC5CCCNC54)c2)OCO3)cc1,9.2,0.2702603277595575,9.470260327759556,-9.2,0.2702603277595575,200
O=C1CCCC1CCNC(=O)C1NC(c2ccccc2)N2C1CCCCC2(C12CC3CC(CC(C3)C1)C2)C12CC3CC(CC(C3)C1)C2,9.5,0.31868991465626784,9.818689914656268,-9.5,0.31868991465626784,200
O=C1N(CC2CC2)NC2N1CCCCC2(C12CC3CC(CC(C3)C1)C2)C12CC3CC(CC(C3)C1)C2,8.4,0.4970849064029367,8.897084906402936,-8.4,0.4970849064029367,200
O=C1NC(c2ccccc2)NC2C1CCNC2(C1CCCCC1c1ccc2c(c1)C1C=CCC1CN2)C1CCCC1C12CC3CC(CC(C3)C1)C2,7.4,0.23791989502067962,7.63791989502068,-7.4,0.23791989502067962,200
C1CNC2C(C1)NCN2CC1CCCNC1(C1CCCC1C1CCCCC1C12CC3CC(CC(C3)C1)C2)C12CC3CC(CC(C3)C1)C2,10.4,0.27257186308884235,10.672571863088843,-10.4,0.27257186308884235,200
C1=CC(C2CCCC2)(C2CCC(C3Nc4ccccc4C4C=CCC43)C2C23CC4CC(CC(C4)C2)C3)CC(C2NCCN3CCNC23)C1,9.8,0.2814426787405944,10.081442678740595,-9.8,0.2814426787405944,200
O=C(CCN1CCCN1)N1CCCC1CCC1NCCN1CC1CC1(C1CCC(C23CC4CC(CC(C4)C2)C3)C1C12CC3CC(CC(C3)C1)C2)C12CC3CC(CC(C3)C1)C2,7.1,0.20556194943480077,7.3055619494348,-7.1,0.20556194943480077,200
C1=CC2c3ccccc3NC(C3CCCC3C3CCCC3C3(C45CC6CC(CC(C6)C4)C5)C4CNCC3CNC4)C2C1,8.2,0.3288759581093424,8.528875958109342,-8.2,0.3288759581093424,200
O=C1NN(NCCN2CCNC2C2CCCC(C3CCCC3c3ccccc3)C2C23CC4CC(CC(C4)C2)C3)C1CC1CC1,8.9,0.3048691671790303,9.20486916717903,-8.9,0.3048691671790303,200
O=C1NN(NCCN2CCNC2(C2CC2)C2CCCC(C3CCCCC3)C2C23CC4CC(CC(C4)C2)C3)C1CC1CC1,7.5,0.3042996911659926,7.804299691165992,-7.5,0.3042996911659926,200
O=C1NC(c2ccccc2)NC2C1CCNC2(C1CCCCC1C1CCCCC1c1ccc2c(c1)C1C=CCC1CN2)C12CC3CC(CC(C3)C1)C2,9.2,0.2353551539429845,9.435355153942984,-9.2,0.2353551539429845,200
O=C(CCS(=O)(=O)C1=CC=CC2NCCC2C1)N1CCCN2NC(c3ccccc3)CC2C1(C12CC3CC(CC(C3)C1)C2)C12CC3CC(CC(C3)C1)C2,8.8,0.30509303801394183,9.105093038013942,-8.8,0.30509303801394183,200
O=C(Nc1ccccc1)N1CC(CC2NCNN2)C1(C12CC3CC(CC(C3)C1)C2)C12CC3CC(CC(C3)C1)C2,8.9,0.39546599194809046,9.29546599194809,-8.9,0.39546599194809046,200
O=S(=O)(c1ccccc1)N1CC(C2NC(Cc3ccccc3)NO2)C1(c1ccccc1C1CCCCC1C12CC3CC(CC(C3)C1)C2)C12CC3CC(CC(C3)C1)C2,10.2,0.22622262949360972,10.426222629493608,-10.2,0.22622262949360972,200
O=C(NCC1CCCN1)C1c2ccccc2C(=O)N(C2C=CC=CC2)C12CCCC2(C1CCCC(C23CC4CC(CC(C4)C2)C3)C1C12CC3CC(CC(C3)C1)C2)C12CC3CC(CC(C3)C1)C2,9.1,0.2733464294598941,9.373346429459893,-9.1,0.2733464294598941,200
O=C(Nc1ccccc1)N1CC(CC2NCNN2)C1(C12CC3CC(CC(C3)C1)C2)C12CC3CC(CC(C3)C1)C2,8.9,0.39546599194809046,9.29546599194809,-8.9,0.39546599194809046,200
O=C1CCCC1CCNC(=O)C1NC(c2ccccc2)N2C1CCCCC2(C12CC3CC(CC(C3)C1)C2)C12CC3CC(CC(C3)C1)C2,9.5,0.31868991465626784,9.818689914656268,-9.5,0.31868991465626784,200
O=C(CC1CCNCC1)N1CCCC1C1NNCN1CC1CCNCC1(C12CC3CC(CC(C3)C1)C2)C12CC3CC(CC(C3)C1)C2,8.8,0.31373291919961716,9.113732919199618,-8.8,0.31373291919961716,200
O=C(COc1ccccc1)N1CC(C2NCON2)C2(CCOCC2)C1(C12CC3CC(CC(C3)C1)C2)C12CC3CC(CC(C3)C1)C2,7.9,0.4154570246660937,8.315457024666093,-7.9,0.4154570246660937,200
C1=CC(C2CCCC(C34CC5CC(CC(C5)C3)C4)C2)(C2CCCCC2C2Nc3ccccc3C3C=CCC32)CC(C2NCCN3CCNC23)C1,9.4,0.272680288275351,9.672680288275352,-9.4,0.272680288275351,200
O=C(C1CCOC1)N1CCC(OC2NOC(C3CNCCN3)N2)CC1(C12CC3CC(CC(C3)C1)C2)C12CC3CC(CC(C3)C1)C2,9.2,0.3574354217229237,9.557435421722923,-9.2,0.3574354217229237,200
O=C(c1ccccc1)N1CCN=C1N1CCN(c2ccccc2)CC1(C1C(C23CC4CC(CC(C4)C2)C3)CCCC1C12CC3CC(CC(C3)C1)C2)C12CC3CC(CC(C3)C1)C2,9.4,0.29145173954825127,9.691451739548251,-9.4,0.29145173954825127,200
C1=CCC2(C3CCCC3C3CCCCC3C34CC5CC(CC(C5)C3)C4)CCN(C34CC5CC(CC(C5)C3)C4)C2C1,9.4,0.3201362513573637,9.720136251357363,-9.4,0.3201362513573637,200
O=C(CC1CCNCC1)N1CCCC1C1NNCN1CC1CCNCC1(C12CC3CC(CC(C3)C1)C2)C12CC3CC(CC(C3)C1)C2,8.8,0.31373291919961716,9.113732919199618,-8.8,0.31373291919961716,200
C1=CC(C2CCCCC2)(C2C(c3ccc4c(c3)C3C=CCC3CN4)CCCC2C23CC4CC(CC(C4)C2)C3)CC(C2=CCC(N3CCOCC3)NN2)C1,9.4,0.25608676498169525,9.656086764981696,-9.4,0.25608676498169525,200
O=C(c1ccccc1)N1CCN=C1N1CCN(c2ccccc2)CC1(C1CCCC(C2CCCC2)C1C12CC3CC(CC(C3)C1)C2)C12CC3CC(CC(C3)C1)C2,9.2,0.2949863419933237,9.494986341993323,-9.2,0.2949863419933237,200
O=C(CC1(N2CC=CC2)CCOCC1)NC1NNC(C2CCCCC2)S1(c1ccc(-c2ccccc2)cc1)C1CCCCC1C12CC3CC(CC(C3)C1)C2,7.4,0.22310053057567406,7.623100530575674,-7.4,0.22310053057567406,200
C1=CC(c2cc(-c3ccccc3)ccn2)(C2CCCC2c2ccccc2)CC(C2=CCC(N3CCOCC3)NN2)C1,8.0,0.3423594266374247,8.342359426637424,-8.0,0.3423594266374247,200
O=S(=O)(c1ccccc1)N1CC(C2NC(Cc3ccccc3)NO2)C1(C12CC3CC(CC(C3)C1)C2)C12CC3CC(CC(C3)C1)C2,8.7,0.3670434294833953,9.067043429483395,-8.7,0.3670434294833953,200
C1=CC2c3ccccc3NC(C3CCC(C45CC=CCC4N(C4Nc6ccccc6C6C=CCC64)CC5)C3C34CC5CC(CC(C5)C3)C4)C2C1,11.3,0.31893367310173903,11.61893367310174,-11.3,0.31893367310173903,200
O=C(CCC1CCCCC1)NC1CCN(C2CC(N3CCOCC3)CNN2)C1(c1ccc(C2CCCC2C2CCCC2)cc1)C12CC3CC(CC(C3)C1)C2,6.5,0.22480198926742043,6.72480198926742,-6.5,0.22480198926742043,200
C1=CC(C2CCCCC2C2CCCCC2C23CC4CC(CC(C4)C2)C3)(C23CC4CC(CC(C4)C2)C3)CC(CN2CCNc3ccccc32)C1,9.6,0.3055228970949203,9.90552289709492,-9.6,0.3055228970949203,200
O=C(Nc1ccccc1)N1CC(CC2NCNN2)C1(C12CC3CC(CC(C3)C1)C2)C12CC3CC(CC(C3)C1)C2,8.9,0.39546599194809046,9.29546599194809,-8.9,0.39546599194809046,200
O=C(NC1=CCC2NC(=O)C3CCCN3C(=O)C2C1)C1=CCC(N2CNNN2)CC1(C12CC3CC(CC(C3)C1)C2)C12CC3CC(CC(C3)C1)C2,10.2,0.29539846150085575,10.495398461500855,-10.2,0.29539846150085575,200
O=C(C1CNN(C2CC(c3ncno3)CCN2)C1)N1CCCC1(C12CC3CC(CC(C3)C1)C2)C12CC3CC(CC(C3)C1)C2,8.5,0.4954787406140679,8.995478740614068,-8.5,0.4954787406140679,200
O=C(CC1CCNCC1)N1CCCC1C1NNCN1CC1CCNCC1(C12CC3CC(CC(C3)C1)C2)C12CC3CC(CC(C3)C1)C2,8.8,0.31373291919961716,9.113732919199618,-8.8,0.31373291919961716,200
O=C1NN(NCCN2CCNC2(C2CCCCC2C2CCCC2C2CCCC2)C23CC4CC(CC(C4)C2)C3)C1CC1CC1,7.8,0.28096689919294254,8.080966899192942,-7.8,0.28096689919294254,200
C1=CC2c3cc(C4CCCC(C5(C6Nc7ccccc7C7C=CCC76)C=CCC(C6NCCN7CCNC67)C5)C4c4ccccc4)ccc3NCC2C1,8.6,0.20047229827976223,8.800472298279763,-8.6,0.20047229827976223,200
C1=CC(C2CCCC(C34CC5CC(CC(C5)C3)C4)C2C23CC4CC(CC(C4)C2)C3)(C23CC4CC(CC(C4)C2)C3)CC(C2NCCN3CCNC23)C1,10.3,0.28131095695888075,10.581310956958882,-10.3,0.28131095695888075,200
O=C(Nc1ccccc1)N1CC(CC2NCNN2)C1(C12CC3CC(CC(C3)C1)C2)C12CC3CC(CC(C3)C1)C2,8.9,0.39546599194809046,9.29546599194809,-8.9,0.39546599194809046,200
O=C(NCC1CCCO1)C1CCN(C2CNC(N3CCNCC3)NC2)CC1(C1CCCC1C1CCCCC1c1ccccc1)C12CC3CC(CC(C3)C1)C2,7.2,0.2496264604199475,7.449626460419948,-7.2,0.2496264604199475,200
O=C1NC(=O)C2NCC(=O)C2(N2CCOCC2(c2ccc3c(c2)C2C=CCC2CN3)C2CCC(C3CCC(C4Nc5ccccc5C5C=CCC54)C3)C2)N1,8.7,0.2610907577491876,8.961090757749187,-8.7,0.2610907577491876,200
C1=CC2c3ccccc3NC(C3C(C45CC6CC(CC(C6)C4)C5)CCC3C3(c4ccccc4)NCCCC3CN3CNC4CCCNC43)C2C1,8.3,0.23607988778397004,8.53607988778397,-8.3,0.23607988778397004,200
C1CNC2C(C1)NCN2CC1CCCNC1(C1CCC(C23CC4CC(CC(C4)C2)C3)C1C12CC3CC(CC(C3)C1)C2)C12CC3CC(CC(C3)C1)C2,8.8,0.2597758440347044,9.059775844034705,-8.8,0.2597758440347044,200
C1=CC2c3ccccc3NC(C3C(C45CC6CC(CC(C6)C4)C5)CCCC3C3(C45CC6CC(CC(C6)C4)C5)C4CNCC3CNC4)C2C1,10.5,0.2861653418792022,10.786165341879203,-10.5,0.2861653418792022,200
O=C1N(CC2CC2)NC2N1CCCCC2(C12CC3CC(CC(C3)C1)C2)C12CC3CC(CC(C3)C1)C2,8.4,0.4970849064029367,8.897084906402936,-8.4,0.4970849064029367,200
C1=CC(C2C(C34CC5CC(CC(C5)C3)C4)CCCC2C23CC4CC(CC(C4)C2)C3)(C23CC4CC(CC(C4)C2)C3)CC(CN2CCNc3ccccc32)C1,10.4,0.2954645287776601,10.695464528777661,-10.4,0.2954645287776601,200
O=C(C1CCOC1)N1CCCC(CCCN2CCCO2)C1(C12CC3CC(CC(C3)C1)C2)C12CC3CC(CC(C3)C1)C2,8.3,0.3391656493450831,8.639165649345085,-8.3,0.3391656493450831,200
O=C(C1C=CCC1)C1CCC(C2(C34CC5CC(CC(C5)C3)C4)CCCCN3C(=O)N(CC4CC4)NC32)C1C12CC3CC(CC(C3)C1)C2,9.3,0.2835734011876189,9.58357340118762,-9.3,0.2835734011876189,200
O=C(COc1ccccc1)N1CC(C2NCON2)C2(CCOCC2)C1(C12CC3CC(CC(C3)C1)C2)C12CC3CC(CC(C3)C1)C2,7.9,0.4154570246660937,8.315457024666093,-7.9,0.4154570246660937,200
O=C(C1CCOC1)N1CCC(OC2NOC(C3CNCCN3)N2)CC1(C12CC3CC(CC(C3)C1)C2)C12CC3CC(CC(C3)C1)C2,9.2,0.3574354217229237,9.557435421722923,-9.2,0.3574354217229237,200
C1=CC(c2ccc3c(c2)C2C=CCC2CN3)(C2CCCC(C3CCCC3)C2C2CCCCC2)CC(CN2CCNc3ccccc32)C1,8.9,0.31140569786634903,9.211405697866349,-8.9,0.31140569786634903,200
O=C(Nc1ccccc1)N1CC(CC2NCNN2)C1(C1C(C2CCCCC2)CCCC1C12CC3CC(CC(C3)C1)C2)C12CC3CC(CC(C3)C1)C2,9.2,0.22993063335155464,9.429930633351553,-9.2,0.22993063335155464,200
C1=CC(C2CCCC(C34CC5CC(CC(C5)C3)C4)C2C2Nc3ccccc3C3C=CCC32)(C23CC4CC(CC(C4)C2)C3)CC(CN2CCNc3ccccc32)C1,11.7,0.28823378693761464,11.988233786937615,-11.7,0.28823378693761464,200
O=C(CC1CCNCC1)N1CCCC1C1NNCN1CC1CCNCC1(C12CC3CC(CC(C3)C1)C2)C12CC3CC(CC(C3)C1)C2,8.8,0.31373291919961716,9.113732919199618,-8.8,0.31373291919961716,200
O=C(Nc1ccccc1)N1CC(CC2NCNN2)C1(C12CC3CC(CC(C3)C1)C2)C12CC3CC(CC(C3)C1)C2,8.9,0.39546599194809046,9.29546599194809,-8.9,0.39546599194809046,200
O=C(NCC1CCCN1)C1c2ccccc2C(=O)N(C2C=CC=CC2)C12CCCC2(c1ccc(C23CC4CC(CC(C4)C2)C3)c(C23CC4CC(CC(C4)C2)C3)c1)C12CC3CC(CC(C3)C1)C2,8.7,0.27764029698487674,8.977640296984877,-8.7,0.27764029698487674,200
O=C1NC(=O)C2NCC(=O)C2(N2CCOCC2(C2CCC(C34CC5CC(CC(C5)C3)C4)C2C23CC4CC(CC(C4)C2)C3)C23CC4CC(CC(C4)C2)C3)N1,9.5,0.3027647659455588,9.80276476594556,-9.5,0.3027647659455588,200
C1=CC2c3ccccc3NC(C34CC=CCC3N(C3CCCC(C5CCCC5)C3C35CC6CC(CC(C6)C3)C5)CC4)C2C1,8.4,0.35898172626942565,8.758981726269425,-8.4,0.35898172626942565,200
O=C(NC1CCCC1C(=O)N1CCc2ccccc2C1)C1=CC=CS1(C(C(=O)C1CCCC1)C1CCCC1)C12CC3CC(CC(C3)C1)C2,7.5,0.30289015927020846,7.802890159270208,-7.5,0.30289015927020846,200
O=C(C1CNN(C2CC(c3ncno3)CCN2)C1)N1CCCC1(C12CC3CC(CC(C3)C1)C2)C12CC3CC(CC(C3)C1)C2,8.5,0.4954787406140679,8.995478740614068,-8.5,0.4954787406140679,200
O=C(c1ccccc1)N1CCN=C1N1CCN(c2ccccc2)CC1(C12CC3CC(CC(C3)C1)C2)C12CC3CC(CC(C3)C1)C2,9.7,0.3640642779647494,10.064064277964748,-9.7,0.3640642779647494,200
O=C(CC1CCNCC1)N1CCCC1C1NNCN1CC1CCNCC1(C12CC3CC(CC(C3)C1)C2)C12CC3CC(CC(C3)C1)C2,8.8,0.31373291919961716,9.113732919199618,-8.8,0.31373291919961716,200
O=C1N(CC2CC2)NC2N1CCCCC2(C12CC3CC(CC(C3)C1)C2)C12CC3CC(CC(C3)C1)C2,8.4,0.4970849064029367,8.897084906402936,-8.4,0.4970849064029367,200
O=C(CCC1CCCCC1)NC1CCN(C2CC(N3CCOCC3)CNN2)C1(C12CC3CC(CC(C3)C1)C2)C12CC3CC(CC(C3)C1)C2,8.3,0.2866559953120276,8.586655995312029,-8.3,0.2866559953120276,200
O=C(CCN1CCCN1)N1CCCC1CCC1NCCN1CC1CC1(C1CCC(C2CCCC2)C1C1Nc2ccccc2C2C=CCC21)C12CC3CC(CC(C3)C1)C2,7.7,0.18433759676016329,7.884337596760163,-7.7,0.18433759676016329,200
O=C(CCN1CCCN1)N1CCCC1CCC1NCCN1CC1CC1C1CCCCC1c1ccc(-c2ccc(C3CCCCC3)cc2)cc1,6.7,0.24144004150149498,6.941440041501495,-6.7,0.24144004150149498,200
O=C(c1ccccc1)N1CCN=C1N1CCN(c2ccccc2)CC1(C1CCCCC1C1CCCC1C12CC3CC(CC(C3)C1)C2)[NH+]1CCc2ccccc2C1,7.3,0.2772668418827917,7.577266841882792,-7.3,0.2772668418827917,200
O=S(=O)(c1ccccc1)N1CC(C2NC(Cc3ccccc3)NO2)C1(C12CC3CC(CC(C3)C1)C2)C12CC3CC(CC(C3)C1)C2,8.7,0.3670434294833953,9.067043429483395,-8.7,0.3670434294833953,200
O=C1N(CC2CC2)NC2N1CCCCC2(C12CC3CC(CC(C3)C1)C2)C12CC3CC(CC(C3)C1)C2,8.4,0.4970849064029367,8.897084906402936,-8.4,0.4970849064029367,200
O=C(NC1CCCC1C(=O)N1CCc2ccccc2C1)C1=CC=CS1(C12CC3CC(CC(C3)C1)C2)C12CC3CC(CC(C3)C1)C2,7.9,0.3609014926949979,8.260901492694998,-7.9,0.3609014926949979,200
C1CCC(C2CCCCC2C2(C3CCCCC3C34CC5CC(CC(C5)C3)C4)NCCCC2CN2CNC3CCCNC32)CC1,9.6,0.2867043439056121,9.886704343905611,-9.6,0.2867043439056121,200
C1=CC2c3ccccc3NC(C3C(C45CC6CC(CC(C6)C4)C5)CCCC3C3(C4CCCC4)C4CNCC3CNC4)C2C1,9.7,0.31639021598949263,10.016390215989492,-9.7,0.31639021598949263,200
C1=CC(C2CCCC2C2CCCC2C2CCCCC2)(C2Nc3ccccc3C3C=CCC32)CC(C2=CCC(N3CCOCC3)NN2)C1,8.5,0.27337393301147667,8.773373933011477,-8.5,0.27337393301147667,200
O=C1NN(NCCN2CCNC2(C2CCCCCC2)C2CCCC2c2ccc(-c3ccccc3)cc2)C1CC1CC1,7.3,0.32225451156506507,7.622254511565065,-7.3,0.32225451156506507,200
O=C1CC2C(CCCC2(C23CC4CC(CC(C4)C2)C3)C23CC4CC(CC(C4)C2)C3)NN1,9.8,0.60814511188451,10.408145111884512,-9.8,0.60814511188451,200
O=C(NC1(C23CC4CC(CC(C4)C2)C3)CSCCN1C(=O)CCNC1C(c2ccccc2)NC2CNCCN21)C(=O)C12CC3CC(CC(C3)C1)C2,9.0,0.2817869373033908,9.28178693730339,-9.0,0.2817869373033908,200
O=C1N(CC2CC2)NC2N1CCCCC2(C12CC3CC(CC(C3)C1)C2)C12CC3CC(CC(C3)C1)C2,8.4,0.4970849064029367,8.897084906402936,-8.4,0.4970849064029367,200
O=C1CCCC1CCNC(=O)C1NC(c2ccccc2)N2C1CCCCC2(c1ccc(-c2ccccc2-c2ccccc2)cc1)C12CC3CC(CC(C3)C1)C2,7.1,0.17998681218192034,7.27998681218192,-7.1,0.17998681218192034,200
O=C(NCC1CCCN1)C1c2ccccc2C(=O)N(C2C=CC=CC2)C12CCCC2(C12CC3CC(CC(C3)C1)C2)C12CC3CC(CC(C3)C1)C2,7.9,0.31944472655240963,8.21944472655241,-7.9,0.31944472655240963,200
O=C(C1CNN(C2CC(c3ncno3)CCN2)C1)N1CCCC1(c1cccc2c1OCO2)C1CCCCC1C1CCCC(c2ccccc2)C1,9.5,0.2965281008568569,9.796528100856857,-9.5,0.2965281008568569,200
O=C(NCC1CCCN1)C1c2ccccc2C(=O)N(C2C=CC=CC2)C12CCCC2(C12CC3CC(CC(C3)C1)C2)C12CC3CC(CC(C3)C1)C2,7.9,0.31944472655240963,8.21944472655241,-7.9,0.31944472655240963,200
O=C(C1CNN(C2CC(c3ncno3)CCN2)C1)N1CCCC1(C1CCCCC1)C1CCCC(C2CCCC2)C1C1CCCCC1,8.6,0.33268643447606233,8.932686434476063,-8.6,0.33268643447606233,200
O=C(COc1ccccc1)N1CC(C2NCON2)C2(CCOCC2)C1(c1cc2c(c(C34CC5CC(CC(C5)C3)C4)c1)OCO2)C12CC3CC(CC(C3)C1)C2,8.1,0.3134586711087193,8.41345867110872,-8.1,0.3134586711087193,200
CC(C)(OC12CC3CC(CC(C3)C1)C2)C1(C23CC4CC(CC(C4)C2)C3)CNCCC1CN1CNNC1C1CCCN1C(=O)CC1CCNCC1,8.0,0.24972329075427724,8.249723290754277,-8.0,0.24972329075427724,200
O=S(=O)(c1ccccc1)N1CC(C2NC(Cc3ccccc3)NO2)C1(C1CCCC(C2CCCCC2)C1C12CC3CC(CC(C3)C1)C2)C12CC3CC(CC(C3)C1)C2,7.4,0.2647915401129738,7.664791540112974,-7.4,0.2647915401129738,200
C1=CC2c3cc(C4CCCC(C5CCCCC5C56CC7CC(CC(C7)C5)C6)C4C4NCCCC4CN4CNC5CCCNC54)ccc3NCC2C1,9.3,0.2253639545197882,9.525363954519788,-9.3,0.2253639545197882,200
O=C1NC(=O)C2NCC(=O)C2(N2CCOCC2(C2CCCCC2c2ccc3c(c2)C2C=CCC2CN3)C2CCCC2c2ccc3c(c2)C2C=CCC2CN3)N1,8.9,0.24171637309062946,9.14171637309063,-8.9,0.24171637309062946,200
O=C1CC2C(CCCC2(C2CCC(C3Nc4ccccc4C4C=CCC43)C2C23CC4CC(CC(C4)C2)C3)C23CC4CC(CC(C4)C2)C3)NN1,11.4,0.2825002808868761,11.682500280886876,-11.4,0.2825002808868761,200
O=C1NC(=O)C2NCC(=O)C2(N2CCOCC2(C2CCC(C34CC5CC(CC(C5)C3)C4)C2C23CC4CC(CC(C4)C2)C3)C23CC4CC(CC(C4)C2)C3)N1,9.5,0.3027647659455588,9.80276476594556,-9.5,0.3027647659455588,200
C1=CC2c3ccccc3NC(C34CC=CCC3N(C3CCC(C5CCCCC5)C3C35CC6CC(CC(C6)C3)C5)CC4)C2C1,8.9,0.35898172626942565,9.258981726269425,-8.9,0.35898172626942565,200
O=C(NCC1CCCN1)C1c2ccccc2C(=O)N(C2C=CC=CC2)C12CCCC2(C12CC3CC(CC(C3)C1)C2)C12CC3CC(CC(C3)C1)C2,7.9,0.31944472655240963,8.21944472655241,-7.9,0.31944472655240963,200
O=C(CCN1CCCN1)N1CCCC1CCC1NCCN1CC1CC1(C1C(C23CC4CC(CC(C4)C2)C3)CCC1C12CC3CC(CC(C3)C1)C2)C12CC3CC(CC(C3)C1)C2,5.9,0.20556194943480077,6.105561949434801,-5.9,0.20556194943480077,200
C1=CC2c3ccccc3NC(C3C(c4ccccc4)CCCC3C3(C4Nc5ccccc5C5C=CCC54)C4CNCC3CNC4)C2C1,10.9,0.2234537375737579,11.123453737573758,-10.9,0.2234537375737579,200
O=C1N(CC2CC2)NC2N1CCCCC2(C12CC3CC(CC(C3)C1)C2)C12CC3CC(CC(C3)C1)C2,8.4,0.4970849064029367,8.897084906402936,-8.4,0.4970849064029367,200
O=C(CC1(N2CC=CC2)CCOCC1)NC1NNC(C2CCCCC2)S1(c1ccccc1-c1ccccc1)C1CCCC1c1ccc2c(c1)C1C=CCC1CN2,7.6,0.16277450176579342,7.762774501765793,-7.6,0.16277450176579342,200
C1=CC(c2ccc(N3CCCC(C4CCCC4)C3)cc2)(C23CC4CC(CC(C4)C2)C3)CC(CN2CCNc3ccccc32)C1,7.9,0.33868275406952925,8.23868275406953,-7.9,0.33868275406952925,200
O=C1CCCC1CCNC(=O)C1NC(c2ccccc2)N2C1CCCCC2(C12CC3CC(CC(C3)C1)C2)C12CC3CC(CC(C3)C1)C2,9.5,0.31868991465626784,9.818689914656268,-9.5,0.31868991465626784,200
O=C1CCCC1CCNC(=O)C1NC(c2ccccc2)N2C1CCCCC2(C12CC3CC(CC(C3)C1)C2)C12CC3CC(CC(C3)C1)C2,9.5,0.31868991465626784,9.818689914656268,-9.5,0.31868991465626784,200
C1=CC2c3ccccc3NC(C3CCC(C4(C5CCCCC5)C=CCC(N5CCCC5)C4)C3C3Nc4ccccc4C4C=CCC43)C2C1,9.2,0.3189268316153187,9.518926831615317,-9.2,0.3189268316153187,200
O=C(CC1(N2CC=CC2)CCOCC1)NC1NNC(C2CCCCC2)S1(C1C(c2ccccc2)CCCC1C12CC3CC(CC(C3)C1)C2)C12CC3CC(CC(C3)C1)C2,7.0,0.21702269981387293,7.217022699813873,-7.0,0.21702269981387293,200
O=C(CCN1CCCN1)N1CCCC1CCC1NCCN1CC1CC1(C12CC3CC(CC(C3)C1)C2)C12CC3CC(CC(C3)C1)C2,7.2,0.3137690842276132,7.513769084227613,-7.2,0.3137690842276132,200
O=C(CC1(N2CC=CC2)CCOCC1)NC1NNC(C2CCCCC2)S1(c1ccccc1)C1CCCCC1c1ccc(C2CCCC2)cc1,7.6,0.23152919565530541,7.831529195655305,-7.6,0.23152919565530541,200
O=S(=O)(c1ccccc1)N1CC(C2NC(Cc3ccccc3)NO2)C1C(C12CC3CC(CC(C3)C1)C2)(C12CC3CC(CC(C3)C1)C2)C12CC3CC(CC(C3)C1)C2,10.0,0.2659553650975554,10.265955365097556,-10.0,0.2659553650975554,200
O=C(CCS(=O)(=O)C1=CC=CC2NCCC2C1)N1CCCN2NC(c3ccccc3)CC2C1(C12CC3CC(CC(C3)C1)C2)C12CC3CC(CC(C3)C1)C2,8.8,0.30509303801394183,9.105093038013942,-8.8,0.30509303801394183,200
C1=CC(C2CCCC2C2Nc3ccccc3C3C=CCC32)(C2CCCC2C23CC4CC(CC(C4)C2)C3)CC(C2=CCC(N3CCOCC3)NN2)C1,9.7,0.26045086055062544,9.960450860550624,-9.7,0.26045086055062544,200
O=C(Nc1ccccc1)N1CC(CC2NCNN2)C1(C12CC3CC(CC(C3)C1)C2)C12CC3CC(CC(C3)C1)C2,8.9,0.39546599194809046,9.29546599194809,-8.9,0.39546599194809046,200
C1=CC(C2CCCC(c3ccccc3)C2C2CCCCC2)(C2Nc3ccccc3C3C=CCC32)CC(C2=CCC(N3CCOCC3)NN2)C1,8.5,0.270826704061518,8.770826704061518,-8.5,0.270826704061518,200
O=C(CCN1CCCN1)N1CCCC1CCC1NCCN1CC1CC1(C1CCCC(c2ccc(-c3ccccc3)cc2)C1)C12CC3CC(CC(C3)C1)C2,7.1,0.23097221643529264,7.330972216435292,-7.1,0.23097221643529264,200
C1=CC2c3ccccc3NC(C3(C4CCCC4C4CCCC4C45CC6CC(CC(C6)C4)C5)C4CNCC3CNC4)C2C1,10.3,0.3288759581093424,10.628875958109344,-10.3,0.3288759581093424,200
O=C(NC1CCCC1C(=O)N1CCc2ccccc2C1)C1=CC=CS1(C12CC3CC(CC(C3)C1)C2)C12CC3CC(CC(C3)C1)C2,7.9,0.3609014926949979,8.260901492694998,-7.9,0.3609014926949979,200
O=C(Nc1ccccc1)N1CC(CC2NCNN2)C1(C12CC3CC(CC(C3)C1)C2)C12CC3CC(CC(C3)C1)C2,8.9,0.39546599194809046,9.29546599194809,-8.9,0.39546599194809046,200
O=C(NC1=CCC2NC(=O)C3CCCN3C(=O)C2C1)C1=CCC(N2CNNN2)CC1(C12CC3CC(CC(C3)C1)C2)C12CC3CC(CC(C3)C1)C2,10.2,0.29539846150085575,10.495398461500855,-10.2,0.29539846150085575,200
O=C(CC1CCNCC1)N1CCCC1C1NNCN1CC1CCNCC1(C12CC3CC(CC(C3)C1)C2)C12CC3CC(CC(C3)C1)C2,8.8,0.31373291919961716,9.113732919199618,-8.8,0.31373291919961716,200
O=C(NC1=CCC2NC(=O)C3CCCN3C(=O)C2C1)C1=CCC(N2CNNN2)CC1(C12CC3CC(CC(C3)C1)C2)C12CC3CC(CC(C3)C1)C2,10.2,0.29539846150085575,10.495398461500855,-10.2,0.29539846150085575,200
O=C1CC2C(CCCC2(C2CCC(c3ccc4c(c3)C3C=CCC3CN4)C2C23CC4CC(CC(C4)C2)C3)C2Nc3ccccc3C3C=CCC32)NN1,10.1,0.24102022638202103,10.341020226382021,-10.1,0.24102022638202103,200
O=C1CCCC1CCNC(=O)C1NC(c2ccccc2)N2C1CCCCC2(c1cc(-c2ccccc2C2CCCCC2)co1)C12CC3CC(CC(C3)C1)C2,7.2,0.22960993413911454,7.429609934139115,-7.2,0.22960993413911454,200
C1=CC2c3cc(C4CCCCC4C4CCCCC4C4(C5CCCCC5)NCCCC4CN4CNC5CCCNC54)ccc3NCC2C1,7.3,0.23711188996625257,7.537111889966252,-7.3,0.23711188996625257,200
C1=CCC2(C34CC5CC(CC(C5)C3)C4)CCN(C34CC5CC(CC(C5)C3)C4)C2C1,8.5,0.48039854832139206,8.980398548321393,-8.5,0.48039854832139206,200
O=C(CC1CCNCC1)N1CCCC1C1NNCN1CC1CCNCC1(c1cc(-c2ccccc2)ccc1-c1ccccc1)C12CC3CC(CC(C3)C1)C2,7.6,0.18785523564558898,7.787855235645589,-7.6,0.18785523564558898,200
O=C(CCN1CCCN1)N1CCCC1CCC1NCCN1CC1CC1(C12CC3CC(CC(C3)C1)C2)C12CC3CC(CC(C3)C1)C2,7.2,0.3137690842276132,7.513769084227613,-7.2,0.3137690842276132,200
O=C(CCC1CCCCC1)NC1CCN(C2CC(N3CCOCC3)CNN2)C1(C12CC3CC(CC(C3)C1)C2)C12CC3CC(CC(C3)C1)C2,8.3,0.2866559953120276,8.586655995312029,-8.3,0.2866559953120276,200
O=C(CC1(N2CC=CC2)CCOCC1)NC1NNC(C2CCCCC2)S1(c1ccccc1)C1CCCCC1C1CCCC1c1ccc2c(c1)C1C=CCC1CN2,8.6,0.19041128666591697,8.790411286665917,-8.6,0.19041128666591697,200
O=C(COc1ccccc1)N1CC(C2NCON2)C2(CCOCC2)C1(C12CC3CC(CC(C3)C1)C2)C12CC3CC(CC(C3)C1)C2,7.9,0.4154570246660937,8.315457024666093,-7.9,0.4154570246660937,200
O=C1NC(=O)C2NCC(=O)C2(N2CCOCC2(C2CCC(C3Nc4ccccc4C4C=CCC43)C2c2ccccc2)C2Nc3ccccc3C3C=CCC32)N1,9.3,0.22540513517377442,9.525405135173775,-9.3,0.22540513517377442,200
C1=CC(C2CCC(c3ccccc3-c3ccccc3)C2C23CC4CC(CC(C4)C2)C3)NC(CN2CCC(CCC3NC(C4CCOCC4)NO3)CC2)C1,8.8,0.2140462900962732,9.014046290096275,-8.8,0.2140462900962732,200
C1=CC2c3ccccc3NC(C3(C4CCCC(C56CC7CC(CC(C7)C5)C6)C4c4ccccc4)C=CCC(N4CCCC4)C3)C2C1,9.2,0.33806751801172824,9.538067518011728,-9.2,0.33806751801172824,200
O=C(CCNC1C(c2ccccc2)NC2CNCCN21)N1CCSCC1(C12CC3CC(CC(C3)C1)C2)C12CC3CC(CC(C3)C1)C2,8.7,0.35915437694811664,9.059154376948117,-8.7,0.35915437694811664,200
O=C1N(CC2CC2)NC2N1CCCCC2(C1C(c2ccc3c(c2)C2C=CCC2CN3)CCCC1C12CC3CC(CC(C3)C1)C2)C12CC3CC(CC(C3)C1)C2,9.5,0.2868226670934159,9.786822667093416,-9.5,0.2868226670934159,200
O=C(CC1CCNCC1)N1CCCC1C1NNCN1CC1CCNCC1(C12CC3CC(CC(C3)C1)C2)C12CC3CC(CC(C3)C1)C2,8.8,0.31373291919961716,9.113732919199618,-8.8,0.31373291919961716,200
Nc1ccccc1C1CCCN(C2(C3CCCCC3C3CCCC3)C(C3NC(Cc4ccccc4)NO3)CN2S(=O)(=O)c2ccccc2)C1,8.2,0.22220985591483502,8.422209855914835,-8.2,0.22220985591483502,200
O=C(NC1=CCC2NC(=O)C3CCCN3C(=O)C2C1)C1=CCC(N2CNNN2)CC1(C12CC3CC(CC(C3)C1)C2)C12CC3CC(CC(C3)C1)C2,10.2,0.29539846150085575,10.495398461500855,-10.2,0.29539846150085575,200
O=S(=O)(c1ccccc1)N1CC(C2NC(Cc3ccccc3)NO2)C1(C12CC3CC(CC(C3)C1)C2)C12CC3CC(CC(C3)C1)C2,8.7,0.3670434294833953,9.067043429483395,-8.7,0.3670434294833953,200
C1=CC(c2ccccc2)([NH+](C2CCC(C3CCCCC3)C2)C23CC4CC(CC(C4)C2)C3)NC(CN2CCC(CCC3NC(C4CCOCC4)NO3)CC2)C1,8.2,0.18263629908225149,8.38263629908225,-8.2,0.18263629908225149,200
O=S(=O)(c1ccccc1)N1CC(C2NC(Cc3ccccc3)NO2)C1(C1CCCC(C23CC4CC(CC(C4)C2)C3)C1C12CC3CC(CC(C3)C1)C2)C12CC3CC(CC(C3)C1)C2,10.7,0.2631576427835826,10.963157642783582,-10.7,0.2631576427835826,200
CC(C)(Nc1ccccc1C12CC3CC(CC(C3)C1)C2)C1(C23CC4CC(CC(C4)C2)C3)CC(N2CNNN2)CC=C1C(=O)NC1=CCC2NC(=O)C3CCCN3C(=O)C2C1,8.8,0.18002820107892484,8.980028201078925,-8.8,0.18002820107892484,200
O=C(NC1CCCC1C(=O)N1CCc2ccccc2C1)C1=CC=CS1(c1cc(C2CCCC2C2CCCC2)co1)C12CC3CC(CC(C3)C1)C2,9.2,0.3144020583818151,9.514402058381814,-9.2,0.3144020583818151,200
C1=CC2c3cc(C4C(c5ccccc5)CCCC4C4(C56CC7CC(CC(C7)C5)C6)C=CCC(C5NCCN6CCNC56)C4)ccc3NCC2C1,9.5,0.27872802763213966,9.77872802763214,-9.5,0.27872802763213966,200
O=C1NN(NCCN2CCNC2(c2ccc(-c3ccccc3-c3ccccc3)cc2)C2CCCC2)C1CC1CC1,6.6,0.3294696515620116,6.929469651562012,-6.6,0.3294696515620116,200
C1=CC(C2CCCCC2)(C2C(c3ccc4c(c3)C3C=CCC3CN4)CCC2C2CCCCC2)CC(CN2CCNc3ccccc32)C1,7.7,0.31138749783461966,8.01138749783462,-7.7,0.31138749783461966,200
O=C(CC1CCNCC1)N1CCCC1C1NNCN1CC1CCNCC1(C12CC3CC(CC(C3)C1)C2)C12CC3CC(CC(C3)C1)C2,8.8,0.31373291919961716,9.113732919199618,-8.8,0.31373291919961716,200
C1=CC(C2CCCC2c2ccccc2C23CC4CC(CC(C4)C2)C3)([NH+]2CCc3ccccc3C2)CC(CN2CCNc3ccccc32)C1,10.2,0.2649458628252936,10.464945862825292,-10.2,0.2649458628252936,200
O=C1NC(c2ccccc2)NC2C1CCNC2(Nc1ccccc1C1CCCCC1C12CC3CC(CC(C3)C1)C2)C12CC3CC(CC(C3)C1)C2,8.2,0.24762209098403432,8.447622090984034,-8.2,0.24762209098403432,200
O=C(C1CNN(C2CC(c3ncno3)CCN2)C1)N1CCCC1(C1CCCCC1C1CCCC1)C1CCCC1C12CC3CC(CC(C3)C1)C2,7.5,0.3147600391728877,7.814760039172888,-7.5,0.3147600391728877,200
O=C(CC1(N2CC=CC2)CCOCC1)NC1NNC(C2CCCCC2)S1(C1CCCCC1)C1CCC(C23CC4CC(CC(C4)C2)C3)C1C12CC3CC(CC(C3)C1)C2,8.0,0.20284337109246373,8.202843371092463,-8.0,0.20284337109246373,200
C1=CC2c3ccccc3NC(N3CCC4(C5CCCC(C67CC8CC(CC(C8)C6)C7)C5c5ccccc5)CC=CCC34)C2C1,8.4,0.35986654583523314,8.759866545835234,-8.4,0.35986654583523314,200
C1=CC2c3cc(C4C(C5CCCC5)CCC4C4(C5CCCC5)C5CNCC4CNC5)ccc3NCC2C1,8.4,0.4041346425613384,8.804134642561339,-8.4,0.4041346425613384,200
C1=CC(C23CC4CC(CC(C4)C2)C3)(C23CC4CC(CC(C4)C2)C3)CC(CN2CCNc3ccccc32)C1,8.3,0.42171694040086444,8.721716940400865,-8.3,0.42171694040086444,200
O=C(NC1=CCC2NC(=O)C3CCCN3C(=O)C2C1)C1=CCC(N2CNNN2)CC1(C12CC3CC(CC(C3)C1)C2)C12CC3CC(CC(C3)C1)C2,10.2,0.29539846150085575,10.495398461500855,-10.2,0.29539846150085575,200
O=C(COc1ccccc1)N1CC(C2NCON2)C2(CCOCC2)C1(C12CC3CC(CC(C3)C1)C2)C12CC3CC(CC(C3)C1)C2,7.9,0.4154570246660937,8.315457024666093,-7.9,0.4154570246660937,200
O=C(NC1=CCC2NC(=O)C3CCCN3C(=O)C2C1)C1=CCC(N2CNNN2)CC1(C12CC3CC(CC(C3)C1)C2)C12CC3CC(CC(C3)C1)C2,10.2,0.29539846150085575,10.495398461500855,-10.2,0.29539846150085575,200
O=C(NC1=CCC2NC(=O)C3CCCN3C(=O)C2C1)C1=CCC(N2CNNN2)CC1(C1CCCC(C2CCCC2)C1C12CC3CC(CC(C3)C1)C2)C12CC3CC(CC(C3)C1)C2,10.4,0.18163985625051882,10.581639856250519,-10.4,0.18163985625051882,200
O=C(NC1CCCC1C(=O)N1CCc2ccccc2C1)C1=CC=CS1(C12CC3CC(CC(C3)C1)C2)C12CC3CC(CC(C3)C1)C2,7.9,0.3609014926949979,8.260901492694998,-7.9,0.3609014926949979,200
C1=CC(C2CCCCC2C2CCCC2C23CC4CC(CC(C4)C2)C3)(C23CC4CC(CC(C4)C2)C3)CC(CN2CCNc3ccccc32)C1,8.5,0.3094316361074081,8.809431636107409,-8.5,0.3094316361074081,200
O=C(c1ccccc1)N1CCN=C1N1CCN(c2ccccc2)CC1(C12CC3CC(CC(C3)C1)C2)C12CC3CC(CC(C3)C1)C2,9.7,0.3640642779647494,10.064064277964748,-9.7,0.3640642779647494,200
O=C(COc1ccccc1)N1CC(C2NCON2)C2(CCOCC2)C1(C12CC3CC(CC(C3)C1)C2)C12CC3CC(CC(C3)C1)C2,7.9,0.4154570246660937,8.315457024666093,-7.9,0.4154570246660937,200
O=C(NC1CCCC1C(=O)N1CCc2ccccc2C1)C1=CC=CS1(C12CC3CC(CC(C3)C1)C2)C12CC3CC(CC(C3)C1)C2,7.9,0.3609014926949979,8.260901492694998,-7.9,0.3609014926949979,200
O=C1CCCC1CCNC(=O)C1NC(c2ccccc2)N2C1CCCCC2(C12CC3CC(CC(C3)C1)C2)C12CC3CC(CC(C3)C1)C2,9.5,0.31868991465626784,9.818689914656268,-9.5,0.31868991465626784,200
O=C(CCS(=O)(=O)C1=CC=CC2NCCC2C1)N1CCCN2NC(c3ccccc3)CC2C1(C1CCCCC1SC1CCCCC1)C12CC3CC(CC(C3)C1)C2,9.0,0.2587631766573442,9.258763176657345,-9.0,0.2587631766573442,200
C1=CCC2(C34CC5CC(CC(C5)C3)C4)CCN(C34CC5CC(CC(C5)C3)C4)C2C1,8.5,0.48039854832139206,8.980398548321393,-8.5,0.48039854832139206,200
O=C(NCC1CCCO1)C1CCN(C2CNC(N3CCNCC3)NC2)CC1(c1cccc(C23CC4CC(CC(C4)C2)C3)c1)C1CCCC1C1CCCC1,7.6,0.27298542235436046,7.87298542235436,-7.6,0.27298542235436046,200
C1=CC(C2CCCCC2C2CCCCC2C23CC4CC(CC(C4)C2)C3)(C2Nc3ccccc3C3C=CCC32)CC(CN2CCNc3ccccc32)C1,8.7,0.2946464580659758,8.994646458065976,-8.7,0.2946464580659758,200
O=C(CCS(=O)(=O)C1=CC=CC2NCCC2C1)N1CCCN2NC(c3ccccc3)CC2C1(C12CC3CC(CC(C3)C1)C2)C12CC3CC(CC(C3)C1)C2,8.8,0.30509303801394183,9.105093038013942,-8.8,0.30509303801394183,200
C1=CC(c2ccc(C3CCCCC3)cc2)(C2CCCCC2c2ccccc2)NC(CN2CCC(CCC3NC(C4CCOCC4)NO3)CC2)C1,7.6,0.21895980091040404,7.818959800910403,-7.6,0.21895980091040404,200
C1=CC2c3cc(C4CCC(C5(C6CCCCC6)C6CNCC5CNC6)C4c4ccc5c(c4)C4C=CCC4CN5)ccc3NCC2C1,10.3,0.26276290874270714,10.562762908742707,-10.3,0.26276290874270714,200
O=C(c1ccccc1)N1CCN=C1N1CCN(c2ccccc2)CC1(c1ccccc1Nc1ccc2c(c1)OCO2)C12CC3CC(CC(C3)C1)C2,8.8,0.2235729296082633,9.023572929608264,-8.8,0.2235729296082633,200
O=C(c1ccccc1)N1CCN=C1N1CCN(c2ccccc2)CC1(C12CC3CC(CC(C3)C1)C2)C12CC3CC(CC(C3)C1)C2,9.7,0.3640642779647494,10.064064277964748,-9.7,0.3640642779647494,200
O=C(NCC1CCCN1)C1c2ccccc2C(=O)N(C2C=CC=CC2)C12CCCC2(C12CC3CC(CC(C3)C1)C2)C12CC3CC(CC(C3)C1)C2,7.9,0.31944472655240963,8.21944472655241,-7.9,0.31944472655240963,200
O=C1N(CC2CC2)NC2N1CCCCC2(C12CC3CC(CC(C3)C1)C2)C12CC3CC(CC(C3)C1)C2,8.4,0.4970849064029367,8.897084906402936,-8.4,0.4970849064029367,200
C1=CCC2C(C1)CCN2C=CC1C(C2Nc3ccccc3C3C=CCC32)CCC1C12CC3CC(CC(C3)C1)C2,9.2,0.40012920378123296,9.600129203781233,-9.2,0.40012920378123296,200
C1=CC(C2CCC(C3CCCCC3c3ccccc3)C2C2CCCC2)NC(CN2CCC(CCC3NC(C4CCOCC4)NO3)CC2)C1,7.8,0.22348718833858738,8.023487188338587,-7.8,0.22348718833858738,200
O=C(COc1ccccc1)N1CC(C2NCON2)C2(CCOCC2)C1(C12CC3CC(CC(C3)C1)C2)C12CC3CC(CC(C3)C1)C2,7.9,0.4154570246660937,8.315457024666093,-7.9,0.4154570246660937,200
C1=CC(C23CC4CC(CC(C4)C2)C3)(C23CC4CC(CC(C4)C2)C3)CC(C2=CCC(N3CCOCC3)NN2)C1,8.8,0.4225206875972792,9.22252068759728,-8.8,0.4225206875972792,200
C1=CC(c2ccc3c(c2)OCO3)(C2CCCC2c2ccccc2C2CCCCC2)NC(CN2CCC(CCC3NC(C4CCOCC4)NO3)CC2)C1,7.4,0.2154996102823775,7.615499610282378,-7.4,0.2154996102823775,200
O=C1NC(c2ccccc2)NC2C1CCNC2(C12CC3CC(CC(C3)C1)C2)C12CC3CC(CC(C3)C1)C2,10.1,0.5107972357014259,10.610797235701426,-10.1,0.5107972357014259,200
O=C(CCN1CCCN1)N1CCCC1CCC1NCCN1CC1CC1(c1ccccc1)C1CCCCC1C(c1ccccc1)C1COc2ccccc2O1,5.7,0.19686276270808412,5.896862762708084,-5.7,0.19686276270808412,200
O=C(CCN1CCCN1)N1CCCC1CCC1NCCN1CC1CC1(C=Nc1ccccc1-c1ccc2c(c1)OCO2)C12CC3CC(CC(C3)C1)C2,7.3,0.24070491628725996,7.54070491628726,-7.3,0.24070491628725996,200
O=C(C1CCOC1)N1CCC(OC2NOC(C3CNCCN3)N2)CC1(C12CC3CC(CC(C3)C1)C2)C12CC3CC(CC(C3)C1)C2,9.2,0.3574354217229237,9.557435421722923,-9.2,0.3574354217229237,200
O=C(CC1(N2CC=CC2)CCOCC1)NC1NNC(C2CCCCC2)S1(C1CCCC1c1ccc(C2CCCC2)cc1)C1Nc2ccccc2C2C=CCC21,6.8,0.19113692235361945,6.991136922353619,-6.8,0.19113692235361945,200
O=C1NC(=O)C2NCC(=O)C2(N2CCOCC2(C2CCCC2c2ccc3c(c2)C2C=CCC2CN3)C2CCCCC2C23CC4CC(CC(C4)C2)C3)N1,10.5,0.28550738331941855,10.785507383319418,-10.5,0.28550738331941855,200
O=C(CCNC1C(c2ccccc2)NC2CNCCN21)N1CCSCC1(C1CCCC1C1CCCCC1C1CCCCC1)C12CC3CC(CC(C3)C1)C2,9.4,0.23749227699487827,9.637492276994879,-9.4,0.23749227699487827,200
C1=CC2c3ccccc3NC(C3(C4CCCC(C56CC7CC(CC(C7)C5)C6)C4C45CC6CC(CC(C6)C4)C5)C4CNCC3CNC4)C2C1,9.6,0.2861653418792022,9.886165341879202,-9.6,0.2861653418792022,200
O=C(CC1CCNCC1)N1CCCC1C1NNCN1CC1CCNCC1(C12CC3CC(CC(C3)C1)C2)C12CC3CC(CC(C3)C1)C2,8.8,0.31373291919961716,9.113732919199618,-8.8,0.31373291919961716,200
O=C(Nc1ccccc1)N1CC(CC2NCNN2)C1(N(C(=O)C12CC3CC(CC(C3)C1)C2)c1ccccc1)C12CC3CC(CC(C3)C1)C2,8.2,0.26907669445601223,8.469076694456012,-8.2,0.26907669445601223,200
O=C(C1CNN(C2CC(c3ncno3)CCN2)C1)N1CCCC1(C1CCCCC1)C1C(C2CCCCC2)CCCC1C12CC3CC(CC(C3)C1)C2,7.4,0.2976740413625087,7.697674041362509,-7.4,0.2976740413625087,200
O=C1CC2C(CCCC2(C2CCCCC2C2Nc3ccccc3C3C=CCC32)C2CCCC2C2Nc3ccccc3C3C=CCC32)NN1,9.9,0.25212342704171603,10.152123427041717,-9.9,0.25212342704171603,200
C1=CC(C2CCCCC2)(C2CCCC(C3Nc4ccccc4C4C=CCC43)C2c2ccccc2)CC(C2=CCC(N3CCOCC3)NN2)C1,7.3,0.270826704061518,7.570826704061518,-7.3,0.270826704061518,200
O=C(NC1CCCC1C(=O)N1CCc2ccccc2C1)C1=CC=CS1(C12CC3CC(CC(C3)C1)C2)C12CC3CC(CC(C3)C1)C2,7.9,0.3609014926949979,8.260901492694998,-7.9,0.3609014926949979,200
C1=CC(C2C(c3ccccc3)CCC2C2CCCCC2c2ccccc2)NC(CN2CCC(CCC3NC(C4CCOCC4)NO3)CC2)C1,7.3,0.22566390404056072,7.52566390404056,-7.3,0.22566390404056072,200
O=C(NC1CCCC1C(=O)N1CCc2ccccc2C1)C1=CC=CS1(C12CC3CC(CC(C3)C1)C2)C12CC3CC(CC(C3)C1)C2,7.9,0.3609014926949979,8.260901492694998,-7.9,0.3609014926949979,200
C1CNC2C(C1)NCN2CC1CCCNC1(C12CC3CC(CC(C3)C1)C2)C12CC3CC(CC(C3)C1)C2,8.8,0.5106956728064469,9.310695672806448,-8.8,0.5106956728064469,200
C1=CC2c3ccccc3NC(C3(C4CCCC(C56CC7CC(CC(C7)C5)C6)C4C45CC6CC(CC(C6)C4)C5)NCCCC3CN3CNC4CCCNC43)C2C1,9.9,0.21915351280035816,10.11915351280036,-9.9,0.21915351280035816,200
O=C(CCC1CCCCC1)NC1CCN(C2CC(N3CCOCC3)CNN2)C1(C12CC3CC(CC(C3)C1)C2)C12CC3CC(CC(C3)C1)C2,8.3,0.2866559953120276,8.586655995312029,-8.3,0.2866559953120276,200
O=C(CCN1CCCN1)N1CCCC1CCC1NCCN1CC1CC1(c1ccc2c(c1)C1C=CCC1CN2)C1C(C2CCCCC2)CCC1C1CCCC1,8.4,0.18907079825327167,8.589070798253273,-8.4,0.18907079825327167,200
C1=CC(C2CCCC2c2ccccc2C2Nc3ccccc3C3C=CCC32)(C23CC4CC(CC(C4)C2)C3)CC(CN2CCNc3ccccc32)C1,8.6,0.2547087512182479,8.854708751218247,-8.6,0.2547087512182479,200
C1=CC(C23CC4CC(CC(C4)C2)C3)(C23CC4CC(CC(C4)C2)C3)CC(C2=CCC(N3CCOCC3)NN2)C1,8.8,0.4225206875972792,9.22252068759728,-8.8,0.4225206875972792,200
O=C(CC1(N2CC=CC2)CCOCC1)NC1NNC(C2CCCCC2)S1(C1CCC(c2ccccc2)C1C12CC3CC(CC(C3)C1)C2)C12CC3CC(CC(C3)C1)C2,6.8,0.21754744535848625,7.0175474453584865,-6.8,0.21754744535848625,200
O=C(NC1CCCC1C(=O)N1CCc2ccccc2C1)C1=CC=CS1(C12CC3CC(CC(C3)C1)C2)C12CC3CC(CC(C3)C1)C2,7.9,0.3609014926949979,8.260901492694998,-7.9,0.3609014926949979,200
O=C1NC(=O)C2NCC(=O)C2(N2CCOCC2(C2C(C3Nc4ccccc4C4C=CCC43)CCCC2C23CC4CC(CC(C4)C2)C3)C23CC4CC(CC(C4)C2)C3)N1,11.1,0.24523877523053966,11.34523877523054,-11.1,0.24523877523053966,200
O=C(CC1(N2CC=CC2)CCOCC1)NC1NNC(C2CCCCC2)S1(C1CCCCC1c1ccccc1)C1CCCC1C12CC3CC(CC(C3)C1)C2,8.5,0.22054110950860528,8.720541109508606,-8.5,0.22054110950860528,200
C1=CC(C2CCCC(C34CC5CC(CC(C5)C3)C4)C2c2ccccc2)(C2Nc3ccccc3C3C=CCC32)CC(CN2CCNc3ccccc32)C1,9.3,0.2523377274713937,9.552337727471395,-9.3,0.2523377274713937,200
C1=CC(C2CCCCC2)(C2CCCCC2C2CCCC2C2Nc3ccccc3C3C=CCC32)CC(C2NCCN3CCNC23)C1,10.4,0.2955575550208495,10.69555755502085,-10.4,0.2955575550208495,200
O=C(C1CNN(C2CC(c3ncno3)CCN2)C1)N1CCCC1(C1CCCC1C1CCC(C23CC4CC(CC(C4)C2)C3)C1)C12CC3CC(CC(C3)C1)C2,9.0,0.2956403129573008,9.295640312957302,-9.0,0.2956403129573008,200
C1=CC(c2ccccc2C2CCCC2C23CC4CC(CC(C4)C2)C3)(N2CCCCC2)NC(CN2CCC(CCC3NC(C4CCOCC4)NO3)CC2)C1,7.3,0.21133294054688473,7.511332940546884,-7.3,0.21133294054688473,200
O=C(NC1=CCC2NC(=O)C3CCCN3C(=O)C2C1)C1=CCC(N2CNNN2)CC1(C12CC3CC(CC(C3)C1)C2)C12CC3CC(CC(C3)C1)C2,10.2,0.29539846150085575,10.495398461500855,-10.2,0.29539846150085575,200
O=C(Nc1ccccc1)N1CC(CC2NCNN2)C1(c1cc(-c2ccccc2C2CCCCC2)ccn1)C12CC3CC(CC(C3)C1)C2,9.1,0.21478501562627675,9.314785015626276,-9.1,0.21478501562627675,200
O=S(=O)(c1ccccc1)N1CC(C2NC(Cc3ccccc3)NO2)C1c1nnc(C2CCCCC2C2CCN(C3CCCC3)CC2)o1,7.6,0.312550053699745,7.912550053699745,-7.6,0.312550053699745,200
O=C1Nc2ccccc2OCC1CC(=O)N1CCN(C2CCCCN2)CC1(C12CC3CC(CC(C3)C1)C2)C12CC3CC(CC(C3)C1)C2,10.1,0.38780737191673637,10.487807371916736,-10.1,0.38780737191673637,200
C=CC1([NH+]2CCc3cc(C4CCCC4C4CCCC4)ccc3C2)C(NC(=O)CCC2CCCCC2)CCN1C1CC(N2CCOCC2)CNN1,6.5,0.2686570473726086,6.768657047372608,-6.5,0.2686570473726086,200
O=C(COc1ccccc1)N1CC(C2NCON2)C2(CCOCC2)C1(C12CC3CC(CC(C3)C1)C2)C12CC3CC(CC(C3)C1)C2,7.9,0.4154570246660937,8.315457024666093,-7.9,0.4154570246660937,200
O=C(COc1ccccc1)N1CC(C2NCON2)C2(CCOCC2)C1(Cc1ccccn1)C12CC3CC(CC(C3)C1)C2,7.7,0.511303480801234,8.211303480801234,-7.7,0.511303480801234,200
C1=CC2c3ccccc3NC(C3C(C45CC6CC(CC(C6)C4)C5)CCC3C3(C4Nc5ccccc5C5C=CCC54)C4CNCC3CNC4)C2C1,11.2,0.2471570505706822,11.44715705057068,-11.2,0.2471570505706822,200
O=C(c1ccccc1)N1CCN=C1N1CCN(c2ccccc2)CC1(C1C=CC(C(=O)C23CC4CC(CC(C4)C2)C3)C1)C12CC3CC(CC(C3)C1)C2,8.1,0.2857319035698394,8.38573190356984,-8.1,0.2857319035698394,200
O=S(=O)(c1ccccc1)N1CC(C2NC(Cc3ccccc3)NO2)C1(C12CC3CC(CC(C3)C1)C2)C12CC3CC(CC(C3)C1)C2,8.7,0.3670434294833953,9.067043429483395,-8.7,0.3670434294833953,200
C1=CC2c3cc(C4CCCC4C4(C5CCCCC5C56CC7CC(CC(C7)C5)C6)NCCCC4CN4CNC5CCCNC54)ccc3NCC2C1,8.5,0.22824696599728983,8.72824696599729,-8.5,0.22824696599728983,200
O=C(C1CCOC1)N1CCC(OC2NOC(C3CNCCN3)N2)CC1(C1CCCCC1c1cccc(-c2ccccc2)c1)C12CC3CC(CC(C3)C1)C2,9.0,0.2669005716838728,9.266900571683873,-9.0,0.2669005716838728,200
O=S(=O)(c1ccccc1)N1CC(C2NC(Cc3ccccc3)NO2)C1(Cl)C12CC3CC(CC(C3)C1)C2,8.6,0.4280289100700449,9.028028910070045,-8.6,0.4280289100700449,200
C1=CC(C2CCC(c3ccccc3)C2c2ccccc2Nc2ccccc2)CC(CN2CCNc3ccccc32)C1,8.8,0.22925288648823205,9.029252886488234,-8.8,0.22925288648823205,200
O=C(CCN1CCCN1)N1CCCC1CCC1NCCN1CC1CC1(c1ccc2c(c1)C1C=CCC1CN2)c1ccccc1C1CCCCC1c1ccccc1,7.4,0.16269156418284292,7.562691564182844,-7.4,0.16269156418284292,200
C1=CC(c2cccc(C3Nc4ccccc4C4C=CCC43)c2)(C2CCCC(c3ccccc3)C2)CC(C2=CCC(N3CCOCC3)NN2)C1,9.0,0.23269493152557774,9.232694931525577,-9.0,0.23269493152557774,200
C1=CC2c3cc(C4C(C56CC7CC(CC(C7)C5)C6)CCC4C4(C5CCCCC5)C=CCC(N5CCCC5)C4)ccc3NCC2C1,7.8,0.3364390230409779,8.136439023040978,-7.8,0.3364390230409779,200
O=C(NC1=CCC2NC(=O)C3CCCN3C(=O)C2C1)C1=CCC(N2CNNN2)CC1(C12CC3CC(CC(C3)C1)C2)C12CC3CC(CC(C3)C1)C2,10.2,0.29539846150085575,10.495398461500855,-10.2,0.29539846150085575,200
c1ccc(-c2cccc(C3(C4CCCC4C45CC6CC(CC(C6)C4)C5)NCCCC3CN3CNC4CCCNC43)c2)cc1,8.2,0.34131875389812366,8.541318753898123,-8.2,0.34131875389812366,200
O=C(COc1ccccc1)N1CC(C2NCON2)C2(CCOCC2)C1(C12CC3CC(CC(C3)C1)C2)C12CC3CC(CC(C3)C1)C2,7.9,0.4154570246660937,8.315457024666093,-7.9,0.4154570246660937,200
C1=CC(C2Nc3ccccc3C3C=CCC32)(C2C(c3ccccc3)CCCC2C23CC4CC(CC(C4)C2)C3)CC(C2=CCC(N3CCOCC3)NN2)C1,9.6,0.2609838441221207,9.86098384412212,-9.6,0.2609838441221207,200
O=S(=O)(c1ccccc1)N1CC(C2NC(Cc3ccccc3)NO2)C1(C1CCCC1O)C1CCC(C2CCCC2)C1C12CC3CC(CC(C3)C1)C2,9.2,0.2533847629596839,9.453384762959683,-9.2,0.2533847629596839,200
O=C(NC1=CCC2NC(=O)C3CCCN3C(=O)C2C1)C1=CCC(N2CNNN2)CC1(C12CC3CC(CC(C3)C1)C2)C12CC3CC(CC(C3)C1)C2,10.2,0.29539846150085575,10.495398461500855,-10.2,0.29539846150085575,200
C1=CC(C2CCCC2C2CCCC(c3ccccc3)C2C23CC4CC(CC(C4)C2)C3)NC(CN2CCC(CCC3NC(C4CCOCC4)NO3)CC2)C1,7.1,0.2099773290264734,7.309977329026473,-7.1,0.2099773290264734,200
O=C(c1ccccc1)N1CCN=C1N1CCN(c2ccccc2)CC1(C12CC3CC(CC(C3)C1)C2)C12CC3CC(CC(C3)C1)C2,9.7,0.3640642779647494,10.064064277964748,-9.7,0.3640642779647494,200
O=C(NC1=CCC2NC(=O)C3CCCN3C(=O)C2C1)C1=CCC(N2CNNN2)CC1(C12CC3CC(CC(C3)C1)C2)C12CC3CC(CC(C3)C1)C2,10.2,0.29539846150085575,10.495398461500855,-10.2,0.29539846150085575,200
O=C(CCS(=O)(=O)C1=CC=CC2NCCC2C1)N1CCCN2NC(c3ccccc3)CC2C1(C12CC3CC(CC(C3)C1)C2)C12CC3CC(CC(C3)C1)C2,8.8,0.30509303801394183,9.105093038013942,-8.8,0.30509303801394183,200
O=C(CCN1CCCN1)N1CCCC1CCC1NCCN1CC1CC1c1cc(-c2ccccc2)ccc1C1CCCCC1c1ccccc1,6.7,0.21101768473425458,6.911017684734254,-6.7,0.21101768473425458,200
O=C(CC1CCNCC1)N1CCCC1C1NNCN1CC1CCNCC1(C12CC3CC(CC(C3)C1)C2)C12CC3CC(CC(C3)C1)C2,8.8,0.31373291919961716,9.113732919199618,-8.8,0.31373291919961716,200
O=C(C1CCOC1)N1CCC(OC2NOC(C3CNCCN3)N2)CC1(C12CC3CC(CC(C3)C1)C2)C12CC3CC(CC(C3)C1)C2,9.2,0.3574354217229237,9.557435421722923,-9.2,0.3574354217229237,200
C1=CC2c3cc(C4C(C5CCCCC5)CCC4C4(C5Nc6ccccc6C6C=CCC65)C5CNCC4CNC5)ccc3NCC2C1,9.6,0.263451487037885,9.863451487037885,-9.6,0.263451487037885,200
O=C(CC1CCNCC1)N1CCCC1C1NNCN1CC1CCNCC1(C12CC3CC(CC(C3)C1)C2)C12CC3CC(CC(C3)C1)C2,8.8,0.31373291919961716,9.113732919199618,-8.8,0.31373291919961716,200
O=C(CC1CCNCC1)N1CCCC1C1NNCN1CC1CCNCC1(C12CC3CC(CC(C3)C1)C2)C12CC3CC(CC(C3)C1)C2,8.8,0.31373291919961716,9.113732919199618,-8.8,0.31373291919961716,200
O=C1NC(=O)C2NCC(=O)C2(N2CCOCC2(C2CCCCC2C2CCCC2c2ccc3c(c2)C2C=CCC2CN3)C23CC4CC(CC(C4)C2)C3)N1,9.0,0.28550738331941855,9.285507383319418,-9.0,0.28550738331941855,200
C1=CC(c2ccc3c(c2)C2C=CCC2CN3)(C2CCCC(C3CCCCC3)C2C2Nc3ccccc3C3C=CCC32)CC(C2=CCC(N3CCOCC3)NN2)C1,7.9,0.22077973537028575,8.120779735370286,-7.9,0.22077973537028575,200
C1=CC2c3cc(C4(C5CCCC(C67CC8CC(CC(C8)C6)C7)C5C5Nc6ccccc6C6C=CCC65)C5CNCC4CNC5)ccc3NCC2C1,10.4,0.24395430429931816,10.643954304299319,-10.4,0.24395430429931816,200
O=C1NC(=O)C2NCC(=O)C2(N2CCOCC2(C2CCCC2c2ccc3c(c2)C2C=CCC2CN3)C2CCCC2c2ccc3c(c2)C2C=CCC2CN3)N1,9.6,0.25717978411830217,9.857179784118301,-9.6,0.25717978411830217,200
O=C(COc1ccccc1)N1CC(C2NCON2)C2(CCOCC2)C1(C12CC3CC(CC(C3)C1)C2)C12CC3CC(CC(C3)C1)C2,7.9,0.4154570246660937,8.315457024666093,-7.9,0.4154570246660937,200
O=C(CC1CCNCC1)N1CCCC1C1NNCN1CC1CCNCC1(C12CC3CC(CC(C3)C1)C2)C12CC3CC(CC(C3)C1)C2,8.8,0.31373291919961716,9.113732919199618,-8.8,0.31373291919961716,200
O=C1CC2C(CCCC2(C2CCC(c3ccccc3)C2C23CC4CC(CC(C4)C2)C3)C2Nc3ccccc3C3C=CCC32)NN1,9.3,0.3088952437581838,9.608895243758184,-9.3,0.3088952437581838,200
O=C(NC1CCCC1C(=O)N1CCc2ccccc2C1)C1=CC=CS1(C12CC3CC(CC(C3)C1)C2)C12CC3CC(CC(C3)C1)C2,7.9,0.3609014926949979,8.260901492694998,-7.9,0.3609014926949979,200
C1=CC(c2ccccc2C2CCCCC2C23CC4CC(CC(C4)C2)C3)(C2Nc3ccccc3C3C=CCC32)CC(CN2CCNc3ccccc32)C1,8.8,0.25233715662734446,9.052337156627345,-8.8,0.25233715662734446,200
C1=CC(C2CCC(C34CC5CC(CC(C5)C3)C4)C2C23CC4CC(CC(C4)C2)C3)(C23CC4CC(CC(C4)C2)C3)CC(CN2CCNc3ccccc32)C1,9.8,0.29758207667865144,10.097582076678652,-9.8,0.29758207667865144,200
O=C(CC1CCNCC1)N1CCCC1C1NNCN1CC1CCNCC1(c1ccccc1-c1ccc(-c2ccccc2)cc1)C12CC3CC(CC(C3)C1)C2,8.0,0.18785523564558898,8.18785523564559,-8.0,0.18785523564558898,200
O=C(NCC1CCCO1)C1CCN(C2CNC(N3CCNCC3)NC2)CC1(c1cccc(C2CCCC2C2CCCC2)c1)C12CC3CC(CC(C3)C1)C2,7.7,0.2648482193398555,7.9648482193398555,-7.7,0.2648482193398555,200
O=C(CCN1CCCN1)N1CCCC1CCC1NCCN1CC1CC1c1cc(C2CCC(c3ccccc3)C2)ccc1C12CC3CC(CC(C3)C1)C2,7.9,0.2355143506182336,8.135514350618234,-7.9,0.2355143506182336,200
O=C(C1CCOC1)N1CCCC(CCCN2CCCO2)C1(C12CC3CC(CC(C3)C1)C2)C12CC3CC(CC(C3)C1)C2,8.3,0.3391656493450831,8.639165649345085,-8.3,0.3391656493450831,200
O=C(COc1ccccc1)N1CC(C2NCON2)C2(CCOCC2)C1(C12CC3CC(CC(C3)C1)C2)C12CC3CC(CC(C3)C1)C2,7.9,0.4154570246660937,8.315457024666093,-7.9,0.4154570246660937,200
O=C(CC1CCNCC1)N1CCCC1C1NNCN1CC1CCNCC1(C1CCCC1C=CC12CC3CC(CC(C3)C1)C2)C12CC3CC(CC(C3)C1)C2,9.1,0.1909960206979896,9.290996020697989,-9.1,0.1909960206979896,200
O=C(COc1ccccc1)N1CC(C2NCON2)C2(CCOCC2)C1(C12CC3CC(CC(C3)C1)C2)C12CC3CC(CC(C3)C1)C2,7.9,0.4154570246660937,8.315457024666093,-7.9,0.4154570246660937,200
O=C(NCC1CCCN1)C1c2ccccc2C(=O)N(C2C=CC=CC2)C12CCCC2(C1C(C23CC4CC(CC(C4)C2)C3)CCC1C12CC3CC(CC(C3)C1)C2)C12CC3CC(CC(C3)C1)C2,9.3,0.2735081809187047,9.573508180918706,-9.3,0.2735081809187047,200
O=C(CCC1CCCCC1)NC1CCN(C2CC(N3CCOCC3)CNN2)C1(c1ccccc1C1CCN(C23CC4CC(CC(C4)C2)C3)CC1)C12CC3CC(CC(C3)C1)C2,7.4,0.21954947611015557,7.619549476110156,-7.4,0.21954947611015557,200
O=C(CCN1CCCN1)N1CCCC1CCC1NCCN1CC1CC1(C1C(c2ccccc2)CCCC1C12CC3CC(CC(C3)C1)C2)C12CC3CC(CC(C3)C1)C2,7.0,0.22197317438557598,7.221973174385576,-7.0,0.22197317438557598,200
C1=CC2c3cc(C4(C5CCC(C6CCCCC6)C5C5Nc6ccccc6C6C=CCC65)C5CNCC4CNC5)ccc3NCC2C1,9.5,0.26536190228369916,9.765361902283699,-9.5,0.26536190228369916,200
C1=CC(C2Nc3ccccc3C3C=CCC32)(C2C(C3Nc4ccccc4C4C=CCC43)CCC2C23CC4CC(CC(C4)C2)C3)CC(C2NCCN3CCNC23)C1,8.7,0.23004799240866497,8.930047992408664,-8.7,0.23004799240866497,200
O=C(NC1CCCC1C(=O)N1CCc2ccccc2C1)C1=CC=CS1(c1ccccc1C1CC(C(=O)[O-])C=C1C1CCCCC1)N1CCCCC1,8.7,0.30212296996744414,9.002122969967443,-8.7,0.30212296996744414,200
C1CNC2C(C1)NCN2CC1CCCNC1(C12CC3CC(CC(C3)C1)C2)C12CC3CC(CC(C3)C1)C2,8.8,0.5106956728064469,9.310695672806448,-8.8,0.5106956728064469,200
O=C(CC1(N2CC=CC2)CCOCC1)NC1NNC(C2CCCCC2)S1(c1ccccc1)C1CCCC1C1CCCC1C12CC3CC(CC(C3)C1)C2,7.6,0.22196001793120387,7.821960017931204,-7.6,0.22196001793120387,200
O=C1N(CC2CC2)NC2N1CCCCC2(C12CC3CC(CC(C3)C1)C2)C12CC3CC(CC(C3)C1)C2,8.4,0.4970849064029367,8.897084906402936,-8.4,0.4970849064029367,200
O=C1N(CC2CC2)NC2N1CCCCC2(C1C(C23CC4CC(CC(C4)C2)C3)CCC1C12CC3CC(CC(C3)C1)C2)C12CC3CC(CC(C3)C1)C2,9.1,0.30331282330605996,9.40331282330606,-9.1,0.30331282330605996,200
O=C(NC1CCCCC1C12CC3CC(CC(C3)C1)C2)C(=O)C1(C23CC4CC(CC(C4)C2)C3)C(C2NC(Cc3ccccc3)NO2)CN1S(=O)(=O)c1ccccc1,8.1,0.2289323663852424,8.328932366385242,-8.1,0.2289323663852424,200
O=C1CC2C(CCCC2(C2COc3cc(-c4ccccc4)c(C4Nc5ccccc5C5C=CCC54)cc3O2)C23CC4CC(CC(C4)C2)C3)NN1,9.8,0.242982214670702,10.042982214670703,-9.8,0.242982214670702,200
O=C(CCN1CCCN1)N1CCCC1CCC1NCCN1CC1CC1(C1CCCCC1C1CCCC1C12CC3CC(CC(C3)C1)C2)C12CC3CC(CC(C3)C1)C2,7.9,0.20758725682134258,8.107587256821343,-7.9,0.20758725682134258,200
O=C(NCC1CCCO1)C1CCN(C2CNC(N3CCNCC3)NC2)CC1(C1CN(C23CC4CC(CC(C4)C2)C3)CCC1C12CC3CC(CC(C3)C1)C2)C12CC3CC(CC(C3)C1)C2,8.1,0.20472957844689732,8.304729578446898,-8.1,0.20472957844689732,200
O=C(CCS(=O)(=O)C1=CC=CC2NCCC2C1)N1CCCN2NC(c3ccccc3)CC2C1(C12CC3CC(CC(C3)C1)C2)C12CC3CC(CC(C3)C1)C2,8.8,0.30509303801394183,9.105093038013942,-8.8,0.30509303801394183,200
O=C(COc1ccccc1)N1CC(C2NCON2)C2(CCOCC2)C1(C12CC3CC(CC(C3)C1)C2)C12CC3CC(CC(C3)C1)C2,7.9,0.4154570246660937,8.315457024666093,-7.9,0.4154570246660937,200
O=S(=O)(c1ccccc1)N1CC(C2NC(Cc3ccccc3)NO2)C1(C12CC3CC(CC(C3)C1)C2)C12CC3CC(CC(C3)C1)C2,8.7,0.3670434294833953,9.067043429483395,-8.7,0.3670434294833953,200
C1CNC2C(C1)NCN2CC1CCCNC1(C1CCCC(C23CC4CC(CC(C4)C2)C3)C1C12CC3CC(CC(C3)C1)C2)C12CC3CC(CC(C3)C1)C2,11.4,0.2573534556909685,11.657353455690968,-11.4,0.2573534556909685,200
O=C(NCC1CCCN1)C1c2ccccc2C(=O)N(C2C=CC=CC2)C12CCCC2(C12CC3CC(CC(C3)C1)C2)C12CC3CC(CC(C3)C1)C2,7.9,0.31944472655240963,8.21944472655241,-7.9,0.31944472655240963,200
O=C1NC(=O)C2NCC(=O)C2(N2CCOCC2(C2CCCC2C2CCCCC2c2ccc3c(c2)C2C=CCC2CN3)C23CC4CC(CC(C4)C2)C3)N1,8.7,0.28550738331941855,8.985507383319417,-8.7,0.28550738331941855,200
O=C(NC1CCCC1C(=O)N1CCc2ccccc2C1)C1=CC=CS1(C12CC3CC(CC(C3)C1)C2)C12CC3CC(CC(C3)C1)C2,7.9,0.3609014926949979,8.260901492694998,-7.9,0.3609014926949979,200
O=C(COc1ccccc1)N1CC(C2NCON2)C2(CCOCC2)C1(C1CCC(C23CC4CC(CC(C4)C2)C3)C1C12CC3CC(CC(C3)C1)C2)C12CC3CC(CC(C3)C1)C2,8.0,0.2725104017160889,8.272510401716088,-8.0,0.2725104017160889,200
O=C(CCNC1C(c2ccccc2)NC2CNCCN21)N1CCSCC1(C1CCC(C2CCCC2C2CCCCC2)C1)C12CC3CC(CC(C3)C1)C2,8.1,0.24150523652991474,8.341505236529914,-8.1,0.24150523652991474,200
O=C(CC1CCNCC1)N1CCCC1C1NNCN1CC1CCNCC1(c1cc(-c2ccccc2)ccc1C12CC3CC(CC(C3)C1)C2)C12CC3CC(CC(C3)C1)C2,8.8,0.20714182560632396,9.007141825606325,-8.8,0.20714182560632396,200
O=C(C1CCOC1)N1CCC(OC2NOC(C3CNCCN3)N2)CC1(C12CC3CC(CC(C3)C1)C2)C12CC3CC(CC(C3)C1)C2,9.2,0.3574354217229237,9.557435421722923,-9.2,0.3574354217229237,200
O=C(CCS(=O)(=O)C1=CC=CC2NCCC2C1)N1CCCN2NC(c3ccccc3)CC2C1(C12CC3CC(CC(C3)C1)C2)C12CC3CC(CC(C3)C1)C2,8.8,0.30509303801394183,9.105093038013942,-8.8,0.30509303801394183,200
O=C(CCN1CCCN1)N1CCCC1CCC1NCCN1CC1CC1(c1cccc(-c2ccccc2-c2ccccc2)c1)C12CC3CC(CC(C3)C1)C2,6.5,0.19905742511899893,6.699057425118999,-6.5,0.19905742511899893,200
O=C1NC(c2ccccc2)NC2C1CCNC2(c1cccc(C2CCCC2C2CCCCC2)c1)C12CC3CC(CC(C3)C1)C2,9.9,0.3307063442509007,10.230706344250901,-9.9,0.3307063442509007,200
C1=CC(C2C(c3ccccc3)CCC2c2ccccc2)(C23CC4CC(CC(C4)C2)C3)NC(CN2CCC(CCC3NC(C4CCOCC4)NO3)CC2)C1,6.9,0.21437731652509653,7.114377316525097,-6.9,0.21437731652509653,200
C1=CC2c3ccccc3NC(C3(C4CCCC4c4cccc(C56CC7CC(CC(C7)C5)C6)c4)C=CCC(N4CCCC4)C3)C2C1,9.4,0.34465193230722235,9.744651932307223,-9.4,0.34465193230722235,200
O=C(CC1CCNCC1)N1CCCC1C1NNCN1CC1CCNCC1(C12CC3CC(CC(C3)C1)C2)C12CC3CC(CC(C3)C1)C2,8.8,0.31373291919961716,9.113732919199618,-8.8,0.31373291919961716,200
C1=CC(C2C(C34CC5CC(CC(C5)C3)C4)CCCC2C23CC4CC(CC(C4)C2)C3)(C23CC4CC(CC(C4)C2)C3)CC(C2=CCC(N3CCOCC3)NN2)C1,9.4,0.2666273567187245,9.666627356718724,-9.4,0.2666273567187245,200
O=C(CC1CCNCC1)N1CCCC1C1NNCN1CC1CCNCC1(C1CCCC(c2ccccc2)C1C1CCCCC1)C12CC3CC(CC(C3)C1)C2,8.2,0.20887265608498443,8.408872656084984,-8.2,0.20887265608498443,200
O=C1N(CC2CC2)NC2N1CCCCC2(C12CC3CC(CC(C3)C1)C2)C12CC3CC(CC(C3)C1)C2,8.4,0.4970849064029367,8.897084906402936,-8.4,0.4970849064029367,200
O=C(CC1CCNCC1)N1CCCC1C1NNCN1CC1CCNCC1(c1ccc(C2CCCC2)c(-c2ccccc2)c1)C12CC3CC(CC(C3)C1)C2,8.7,0.22104989830037797,8.921049898300378,-8.7,0.22104989830037797,200
C1=CC(C2CCCCC2C2Nc3ccccc3C3C=CCC32)(C2CCCCC2C23CC4CC(CC(C4)C2)C3)CC(C2=CCC(N3CCOCC3)NN2)C1,9.3,0.25611430312426936,9.55611430312427,-9.3,0.25611430312426936,200
O=C(NCC1CCCO1)C1CCN(C2CNC(N3CCNCC3)NC2)CC1(c1ccc(C23CC4CC(CC(C4)C2)C3)c(-c2ccccc2)c1)C12CC3CC(CC(C3)C1)C2,8.1,0.22669849234886263,8.326698492348863,-8.1,0.22669849234886263,200
C1=CC2c3ccccc3NC(C3CCC(C45CC6CC(CC(C6)C4)C5)C3C3(C4Nc5ccccc5C5C=CCC54)C=CCC(N4CCCC4)C3)C2C1,8.8,0.3057313196763948,9.105731319676396,-8.8,0.3057313196763948,200
C1=CC(C2C(c3cccc(C45CC6CC(CC(C6)C4)C5)c3)CCCC2C23CC4CC(CC(C4)C2)C3)NC(CN2CCC(CCC3NC(C4CCOCC4)NO3)CC2)C1,7.3,0.20545831467952747,7.505458314679528,-7.3,0.20545831467952747,200
C1=CC2c3ccccc3NC(C3C(C45CC6CC(CC(C6)C4)C5)CCC3C3(C4Nc5ccccc5C5C=CCC54)C4CNCC3CNC4)C2C1,11.2,0.2471570505706822,11.44715705057068,-11.2,0.2471570505706822,200
O=C1CCCC1CCNC(=O)C1NC(c2ccccc2)N2C1CCCCC2(C1CN(C23CC4CC(CC(C4)C2)C3)CCC1C12CC3CC(CC(C3)C1)C2)C12CC3CC(CC(C3)C1)C2,7.4,0.2590796067925701,7.65907960679257,-7.4,0.2590796067925701,200
O=C(NC1CCCC1C(=O)N1CCc2ccccc2C1)C1=CC=CS1(c1ccc2c(c1)OCO2)C12CC3CC(CC(C3)C1)C2,8.5,0.40321167525058205,8.903211675250581,-8.5,0.40321167525058205,200
O=C(NCC1CCCO1)C1CCN(C2CNC(N3CCNCC3)NC2)CC1(C1CS(=O)(=O)CC1C1CCCC1c1ccccc1)C12CC3CC(CC(C3)C1)C2,8.5,0.2977509134617949,8.797750913461796,-8.5,0.2977509134617949,200
O=C(NCC1CCCN1)C1c2ccccc2C(=O)N(C2C=CC=CC2)C12CCCC2(C12CC3CC(CC(C3)C1)C2)C12CC3CC(CC(C3)C1)C2,7.9,0.31944472655240963,8.21944472655241,-7.9,0.31944472655240963,200
O=C1NC(=O)C2NCC(=O)C2(N2CCOCC2(C2CCCC2C2CCCC2c2ccc3c(c2)C2C=CCC2CN3)C23CC4CC(CC(C4)C2)C3)N1,10.1,0.30447936969394024,10.40447936969394,-10.1,0.30447936969394024,200
O=C(C1CNN(C2CC(c3ncno3)CCN2)C1)N1CCCC1(C1C(c2ccccc2)CCC1c1ccccn1)C12CC3CC(CC(C3)C1)C2,7.5,0.30351359834587277,7.803513598345873,-7.5,0.30351359834587277,200
O=C1NN(NCCN2CCNC2(C23CC4CC(CC(C4)C2)C3)C23CC4CC(CC(C4)C2)C3)C1CC1CC1,8.3,0.4629792433400359,8.762979243340036,-8.3,0.4629792433400359,200
C1=CC(C23CC4CC(CC(C4)C2)C3)(C23CC4CC(CC(C4)C2)C3)CC(C2=CCC(N3CCOCC3)NN2)C1,8.8,0.4225206875972792,9.22252068759728,-8.8,0.4225206875972792,200
C1=CC2c3cc(C4CCCCC4c4ccccc4N4CCC5(C6Nc7ccccc7C7C=CCC76)CC=CCC45)ccc3NCC2C1,9.5,0.28465836600728744,9.784658366007287,-9.5,0.28465836600728744,200
C1=CC(C2CCCC(C34CC5CC(CC(C5)C3)C4)C2C2CCCCC2)(C2Nc3ccccc3C3C=CCC32)CC(C2=CCC(N3CCOCC3)NN2)C1,9.5,0.25611430312426936,9.756114303124269,-9.5,0.25611430312426936,200
O=C(NC1CCCC1C(=O)N1CCc2ccccc2C1)C1=CC=CS1(C1CCCC(c2ccccc2)C1C12CC3CC(CC(C3)C1)C2)C12CC3CC(CC(C3)C1)C2,9.6,0.30409077403819096,9.90409077403819,-9.6,0.30409077403819096,200
O=C1NC(c2ccccc2)NC2C1CCNC2(c1ccc(C2Nc3ccccc3C3C=CCC32)cc1)C1CCCCC1C1CCCCC1,9.3,0.21134451155164968,9.51134451155165,-9.3,0.21134451155164968,200
O=C(Nc1ccccc1)N1CC(CC2NCNN2)C1(C1CCC(C2CCCC2C23CC4CC(CC(C4)C2)C3)C1)C12CC3CC(CC(C3)C1)C2,7.8,0.23581490533160637,8.035814905331605,-7.8,0.23581490533160637,200
C1=CC(C2CCCCC2c2ccccc2-c2ccc3c(c2)OCCO3)(C2Nc3ccccc3C3C=CCC32)CC(C2NCCN3CCNC23)C1,8.7,0.24244264049690833,8.942442640496907,-8.7,0.24244264049690833,200
O=C1NC(=O)C2NCC(=O)C2(N2CCOCC2(C2Nc3ccccc3C3C=CCC32)C2C(c3ccc4c(c3)C3C=CCC3CN4)CCC2C2Nc3ccccc3C3C=CCC32)N1,9.0,0.16315898824188524,9.163158988241886,-9.0,0.16315898824188524,200
O=C(CC1CCNCC1)N1CCCC1C1NNCN1CC1CCNCC1(c1ccc(-c2ccccc2-c2ccccc2)cc1)C12CC3CC(CC(C3)C1)C2,7.8,0.18785523564558898,7.987855235645589,-7.8,0.18785523564558898,200
O=C(COc1ccccc1)N1CC(C2NCON2)C2(CCOCC2)C1(C1CCC(C23CC4CC(CC(C4)C2)C3)C1C12CC3CC(CC(C3)C1)C2)C12CC3CC(CC(C3)C1)C2,8.0,0.2725104017160889,8.272510401716088,-8.0,0.2725104017160889,200
C1=CC(C2CCCCC2)(C2CCCC(C34CC5CC(CC(C5)C3)C4)C2C2Nc3ccccc3C3C=CCC32)CC(C2NCCN3CCNC23)C1,8.8,0.272680288275351,9.072680288275352,-8.8,0.272680288275351,200
O=C1N(CC2CC2)NC2N1CCCCC2(C1CC1)C1CCC(C23CC4CC(CC(C4)C2)C3)C1C12CC3CC(CC(C3)C1)C2,7.8,0.33870070642497685,8.138700706424977,-7.8,0.33870070642497685,200
O=C(CCN1CCCN1)N1CCCC1CCC1NCCN1CC1CC1(C1CCCCC1c1ccc(C2CCCCC2)cc1)C12CC3CC(CC(C3)C1)C2,7.2,0.22590862897333133,7.425908628973332,-7.2,0.22590862897333133,200
O=C(C1CNN(C2CC(c3ncno3)CCN2)C1)N1CCCC1(c1ccccc1-c1ccc(C2CCCC2)cc1)C12CC3CC(CC(C3)C1)C2,9.1,0.2710084816289835,9.371008481628984,-9.1,0.2710084816289835,200
O=C(CC1CCNCC1)N1CCCC1C1NNCN1CC1CCNCC1(C12CC3CC(CC(C3)C1)C2)C12CC3CC(CC(C3)C1)C2,8.8,0.31373291919961716,9.113732919199618,-8.8,0.31373291919961716,200
C=Cc1ccc(C2(C3CCCCC3)C3CC(c4ccccc4)NN3CCCN2C(=O)CCS(=O)(=O)C2=CC=CC3NCCC3C2)cc1C1CCCC1,8.9,0.27375801697454855,9.17375801697455,-8.9,0.27375801697454855,200
O=C(Nc1ccccc1)N1CC(CC2NCNN2)C1(C12CC3CC(CC(C3)C1)C2)C12CC3CC(CC(C3)C1)C2,8.9,0.39546599194809046,9.29546599194809,-8.9,0.39546599194809046,200
O=C(NC1=CCC2NC(=O)C3CCCN3C(=O)C2C1)C1=CCC(N2CNNN2)CC1(C12CC3CC(CC(C3)C1)C2)C12CC3CC(CC(C3)C1)C2,10.2,0.29539846150085575,10.495398461500855,-10.2,0.29539846150085575,200
C1=CC(C2CCCC2c2ccccc2-c2ccccc2)(C23CC4CC(CC(C4)C2)C3)NC(CN2CCC(CCC3NC(C4CCOCC4)NO3)CC2)C1,7.6,0.21375147445994191,7.8137514744599414,-7.6,0.21375147445994191,200
O=C1CC2C(CCCC2(C23CC4CC(CC(C4)C2)C3)C23CC4CC(CC(C4)C2)C3)NN1,9.8,0.60814511188451,10.408145111884512,-9.8,0.60814511188451,200
C1C2CC3CC1CC(C1CCC(C45CC6CC(CC(C6)C4)C5)C1C1(C45CC6CC(CC(C6)C4)C5)C4CNCC1CNC4)(C2)C3,9.6,0.33920527686167545,9.939205276861674,-9.6,0.33920527686167545,200
O=C(NC1CCCC1C(=O)N1CCc2ccccc2C1)C1=CC=CS1(C12CC3CC(CC(C3)C1)C2)C12CC3CC(CC(C3)C1)C2,7.9,0.3609014926949979,8.260901492694998,-7.9,0.3609014926949979,200
C1CNC2C(C1)NCN2CC1CCCNC1(C12CC3CC(CC(C3)C1)C2)C12CC3CC(CC(C3)C1)C2,8.8,0.5106956728064469,9.310695672806448,-8.8,0.5106956728064469,200
O=C1CCCC1CCNC(=O)C1NC(c2ccccc2)N2C1CCCCC2(C12CC3CC(CC(C3)C1)C2)C12CC3CC(CC(C3)C1)C2,9.5,0.31868991465626784,9.818689914656268,-9.5,0.31868991465626784,200
O=C(CCN1CCCN1)N1CCCC1CCC1NCCN1CC1CC1(C12CC3CC(CC(C3)C1)C2)C12CC3CC(CC(C3)C1)C2,7.2,0.3137690842276132,7.513769084227613,-7.2,0.3137690842276132,200
O=C1CCCC1CCNC(=O)C1NC(c2ccccc2)N2C1CCCCC2(C12CC3CC(CC(C3)C1)C2)C12CC3CC(CC(C3)C1)C2,9.5,0.31868991465626784,9.818689914656268,-9.5,0.31868991465626784,200
O=C1N(CC2CC2)NC2N1CCCCC2(C1CCCC1c1ccccc1)C1Nc2ccc(C3CCCCC3)cc2C2C=CCC21,9.2,0.32380479833194015,9.52380479833194,-9.2,0.32380479833194015,200
O=C1NC(=O)C2NCC(=O)C2(N2CCOCC2(C2CCC(C34CC5CC(CC(C5)C3)C4)C2C23CC4CC(CC(C4)C2)C3)C23CC4CC(CC(C4)C2)C3)N1,9.5,0.3027647659455588,9.80276476594556,-9.5,0.3027647659455588,200
O=C1NN(NCCN2CCNC2(C2CCCCC2C23CC4CC(CC(C4)C2)C3)C2CCCC2C23CC4CC(CC(C4)C2)C3)C1CC1CC1,8.4,0.2309572888099051,8.630957288809906,-8.4,0.2309572888099051,200
O=C(COc1ccccc1)N1CC(C2NCON2)C2(CCOCC2)C1(C12CC3CC(CC(C3)C1)C2)C12CC3CC(CC(C3)C1)C2,7.9,0.4154570246660937,8.315457024666093,-7.9,0.4154570246660937,200
C1=CC(C2CCCC(C3CCCC3C34CC5CC(CC(C5)C3)C4)C2C2Nc3ccccc3C3C=CCC32)CC(C2=CCC(N3CCOCC3)NN2)C1,8.8,0.25812833199766066,9.058128331997661,-8.8,0.25812833199766066,200
O=C(CCN1CCCN1)N1CCCC1CCC1NCCN1CC1CC1(C12CC3CC(CC(C3)C1)C2)C12CC3CC(CC(C3)C1)C2,7.2,0.3137690842276132,7.513769084227613,-7.2,0.3137690842276132,200
O=C(C1CNN(C2CC(c3ncno3)CCN2)C1)N1CCCC1(C1C(C2CCCCC2)CCC1C1CCNCC1)C12CC3CC(CC(C3)C1)C2,8.7,0.31670425622919557,9.016704256229195,-8.7,0.31670425622919557,200
O=C1CCCC1CCNC(=O)C1NC(c2ccccc2)N2C1CCCCC2(C12CC3CC(CC(C3)C1)C2)C12CC3CC(CC(C3)C1)C2,9.5,0.31868991465626784,9.818689914656268,-9.5,0.31868991465626784,200
O=C(CCC1CCCCC1)NC1CCN(C2CC(N3CCOCC3)CNN2)C1(C1CCCCC1c1ccc(C23CC4CC(CC(C4)C2)C3)cc1)C12CC3CC(CC(C3)C1)C2,7.4,0.21881449148741133,7.618814491487412,-7.4,0.21881449148741133,200
C1=CC(C2CCCC2c2ccccc2)(C2CCCC2C23CC4CC(CC(C4)C2)C3)NC(CN2CCC(CCC3NC(C4CCOCC4)NO3)CC2)C1,8.5,0.21182007509643092,8.711820075096432,-8.5,0.21182007509643092,200
O=C(NCC1CCCO1)C1CCN(C2CNC(N3CCNCC3)NC2)CC1(C12CC3CC(CC(C3)C1)C2)C12CC3CC(CC(C3)C1)C2,8.9,0.334949243252445,9.234949243252446,-8.9,0.334949243252445,200
O=C(NC12CC3CC(CC(C3)C1)C2)NC1(C23CC4CC(CC(C4)C2)C3)NCCC2C(=O)NC(c3ccccc3)NC21,8.1,0.3751889214182771,8.475188921418276,-8.1,0.3751889214182771,200
O=C1CCCC1CCNC(=O)C1NC(c2ccccc2)N2C1CCCCC2(C(=O)OC1CCC(c2ccccc2)C1)C1CCCC1,6.8,0.3061421593845264,7.106142159384526,-6.8,0.3061421593845264,200
O=C(CC1(N2CC=CC2)CCOCC1)NC1NNC(C2CCCCC2)S1(C1CCCCC1c1cccc(-c2ccccc2)c1)C12CC3CC(CC(C3)C1)C2,7.9,0.22318966948065094,8.12318966948065,-7.9,0.22318966948065094,200
O=C(CC1(N2CC=CC2)CCOCC1)NC1NNC(C2CCCCC2)S1(c1ccccc1)C1CCC(c2ccccc2)C1C12CC3CC(CC(C3)C1)C2,6.9,0.2247811261699894,7.12478112616999,-6.9,0.2247811261699894,200
O=C1CCCC1CCNC(=O)C1NC(c2ccccc2)N2C1CCCCC2(C12CC3CC(CC(C3)C1)C2)C12CC3CC(CC(C3)C1)C2,9.5,0.31868991465626784,9.818689914656268,-9.5,0.31868991465626784,200
C1=CC(C2C(c3ccccc3)CCC2c2ccccc2C2CCCC2)NC(CN2CCC(CCC3NC(C4CCOCC4)NO3)CC2)C1,8.2,0.2299964102665195,8.429996410266519,-8.2,0.2299964102665195,200
O=C1Nc2ccccc2OCC1CC(=O)N1CCN(C2CCCCN2)CC1(C12CC3CC(CC(C3)C1)C2)C12CC3CC(CC(C3)C1)C2,10.1,0.38780737191673637,10.487807371916736,-10.1,0.38780737191673637,200
C1=CC2c3cc(C4(C5CCCCC5C5CCCC5C56CC7CC(CC(C7)C5)C6)C=CCC(C5NCCN6CCNC56)C4)ccc3NCC2C1,8.6,0.2767944938855698,8.87679449388557,-8.6,0.2767944938855698,200
O=C(CCC1CCCCC1)NC1CCN(C2CC(N3CCOCC3)CNN2)C1(C12CC3CC(CC(C3)C1)C2)C12CC3CC(CC(C3)C1)C2,8.3,0.2866559953120276,8.586655995312029,-8.3,0.2866559953120276,200
C1=CC2c3ccccc3NC(C3C(N4CCC5(C67CC8CC(CC(C8)C6)C7)CC=CCC45)CCCC3C34CC5CC(CC(C5)C3)C4)C2C1,8.8,0.32885633288934346,9.128856332889344,-8.8,0.32885633288934346,200
O=C(C1CCOC1)N1CCCC(CCCN2CCCO2)C1(C12CC3CC(CC(C3)C1)C2)C12CC3CC(CC(C3)C1)C2,8.3,0.3391656493450831,8.639165649345085,-8.3,0.3391656493450831,200
O=C(Nc1ccccc1C1CCCCC1)NC1(C23CC4CC(CC(C4)C2)C3)CSCCN1C(=O)CCNC1C(c2ccccc2)NC2CNCCN21,8.6,0.2093436166293226,8.809343616629322,-8.6,0.2093436166293226,200
O=C(CCN1CCCN1)N1CCCC1CCC1NCCN1CC1CC1(c1ccc2c(c1)C1C=CCC1C(C1CCCCC1)N2)C1CCCCC1C1CCCC1,7.4,0.1863153326484012,7.586315332648401,-7.4,0.1863153326484012,200
O=C1CC2C(CCCC2(C2CCCC(C34CC5CC(CC(C5)C3)C4)C2C2Nc3ccccc3C3C=CCC32)C2Nc3ccccc3C3C=CCC32)NN1,10.2,0.23905801671841848,10.439058016718418,-10.2,0.23905801671841848,200
O=C(C1CCOC1)N1CCC(OC2NOC(C3CNCCN3)N2)CC1(c1ccc(C2CCCC2)c(C2CCCCC2)c1)C12CC3CC(CC(C3)C1)C2,8.6,0.2551646656273685,8.855164665627369,-8.6,0.2551646656273685,200
O=C(CCS(=O)(=O)C1=CC=CC2NCCC2C1)N1CCCN2NC(c3ccccc3)CC2C1(c1ccc(C2CCCCC2C23CC4CC(CC(C4)C2)C3)cc1)C12CC3CC(CC(C3)C1)C2,8.3,0.2609944832787716,8.560994483278773,-8.3,0.2609944832787716,200
C1=CC2c3ccccc3NC(C3CCCCC3C3(C4CCCCC4C45CC6CC(CC(C6)C4)C5)C4CNCC3CNC4)C2C1,10.1,0.30695294404787754,10.406952944047877,-10.1,0.30695294404787754,200
O=C(NCC1CCCN1)C1c2ccccc2C(=O)N(C2C=CC=CC2)C12CCCC2(C12CC3CC(CC(C3)C1)C2)C12CC3CC(CC(C3)C1)C2,7.9,0.31944472655240963,8.21944472655241,-7.9,0.31944472655240963,200
C1=CC2c3cc(C4C(N5CCC6(C78CC9CC(CC(C9)C7)C8)CC=CCC56)CCC4C45CC6CC(CC(C6)C4)C5)ccc3NCC2C1,8.2,0.33386328391301245,8.533863283913012,-8.2,0.33386328391301245,200
O=C(CCS(=O)(=O)C1=CC=CC2NCCC2C1)N1CCCN2NC(c3ccccc3)CC2C1(C1CCCC(C2CCCC2)C1)C1CCCC1Oc1ccccc1,6.8,0.25174516019298415,7.051745160192984,-6.8,0.25174516019298415,200
C1=CC(C2CCCCC2c2ccccc2)(C2CCCC2C2Nc3ccccc3C3C=CCC32)CC(C2=CCC(N3CCOCC3)NN2)C1,9.0,0.27542416490526184,9.275424164905262,-9.0,0.27542416490526184,200
C1=CC2c3cc(C4(C5CCCCC5C5CCCC5C5Nc6ccccc6C6C=CCC65)C5CNCC4CNC5)ccc3NCC2C1,11.2,0.26536190228369916,11.465361902283698,-11.2,0.26536190228369916,200
O=C1CC2C(CCCC2(C2Nc3ccccc3C3C=CCC32)C2C(C3Nc4ccccc4C4C=CCC43)CCCC2C23CC4CC(CC(C4)C2)C3)NN1,9.5,0.23905801671841848,9.739058016718419,-9.5,0.23905801671841848,200
C1=CC(C2CCCC(c3ccccc3)C2C2CCCC2c2ccccc2)NC(CN2CCC(CCC3NC(C4CCOCC4)NO3)CC2)C1,8.6,0.22566390404056072,8.82566390404056,-8.6,0.22566390404056072,200
O=C(C1CNN(C2CC(c3ncno3)CCN2)C1)N1CCCC1(c1ccc(-c2ccccc2)cc1)C1CCCC1C12CC3CC(CC(C3)C1)C2,6.1,0.2762349645706265,6.376234964570626,-6.1,0.2762349645706265,200
O=C(CC1(N2CC=CC2)CCOCC1)NC1NNC(C2CCCCC2)S1(C1C(c2ccccc2)CCC1C1CCCCC1)C12CC3CC(CC(C3)C1)C2,8.1,0.22054110950860528,8.320541109508605,-8.1,0.22054110950860528,200
O=C(CCC1CCCCC1)NC1CCN(C2CC(N3CCOCC3)CNN2)C1(C12CC3CC(CC(C3)C1)C2)C12CC3CC(CC(C3)C1)C2,8.3,0.2866559953120276,8.586655995312029,-8.3,0.2866559953120276,200
O=C1NC(c2ccccc2)NC2C1CCNC2(C1CCCC(c2ccccc2)C1C12CC3CC(CC(C3)C1)C2)C12CC3CC(CC(C3)C1)C2,8.8,0.3015015898261386,9.101501589826139,-8.8,0.3015015898261386,200
O=C1NC(=O)C2NCC(=O)C2(N2CCOCC2(C2Nc3ccccc3C3C=CCC32)C2Nc3ccc(-c4ccccc4C4CCCCC4)cc3C3C=CCC32)N1,8.1,0.19690105513265505,8.296901055132654,-8.1,0.19690105513265505,200
C1=CC(C2CCCCC2)(C2C(C3Nc4ccccc4C4C=CCC43)CCC2C23CC4CC(CC(C4)C2)C3)CC(CN2CCNc3ccccc32)C1,8.9,0.29723898858250014,9.1972389885825,-8.9,0.29723898858250014,200
O=C(CCN1CCCN1)N1CCCC1CCC1NCCN1CC1CC1(C1CCCCC1c1ccccc1C1CCCC1)C1Nc2ccccc2C2C=CCC21,7.4,0.19007461855023067,7.590074618550231,-7.4,0.19007461855023067,200
C1CCC(C2CCCCC2C2C(C3NCCCC3CN3CNC4CCCNC43)CCC2C23CC4CC(CC(C4)C2)C3)C1,8.3,0.31402163939980776,8.614021639399809,-8.3,0.31402163939980776,200
O=C1N(CC2CC2)NC2N1CCCCC2(c1ccccc1)C1C(c2ccc3c(c2)C2C=CCC2CN3)CCC1C1CCCC1,8.2,0.3337664020311352,8.533766402031134,-8.2,0.3337664020311352,200
O=C(C1CCOC1)N1CCCC(CCCN2CCCO2)C1(C12CC3CC(CC(C3)C1)C2)C12CC3CC(CC(C3)C1)C2,8.3,0.3391656493450831,8.639165649345085,-8.3,0.3391656493450831,200
O=C(c1ccccc1)N1CCN=C1N1CCN(c2ccccc2)CC1(C1C(C23CC4CC(CC(C4)C2)C3)CCC1C12CC3CC(CC(C3)C1)C2)C12CC3CC(CC(C3)C1)C2,9.8,0.2919506256286349,10.091950625628636,-9.8,0.2919506256286349,200
O=C(c1ccccc1)N1CCN=C1N1CCN(c2ccccc2)CC1(C12CC3CC(CC(C3)C1)C2)C12CC3CC(CC(C3)C1)C2,9.7,0.3640642779647494,10.064064277964748,-9.7,0.3640642779647494,200
C1=CC(C2C(C34CC5CC(CC(C5)C3)C4)CCCC2C23CC4CC(CC(C4)C2)C3)(C23CC4CC(CC(C4)C2)C3)CC(C2NCCN3CCNC23)C1,9.2,0.28131095695888075,9.48131095695888,-9.2,0.28131095695888075,200
O=C(NCC1CCCO1)C1CCN(C2CNC(N3CCNCC3)NC2)CC1C1CCC(C23CC4CC(CC(C4)C2)C3)C1C1CCCC1C12CC3CC(CC(C3)C1)C2,8.0,0.2139827956913122,8.213982795691312,-8.0,0.2139827956913122,200
O=C1CCCC1CCNC(=O)C1NC(c2ccccc2)N2C1CCCCC2(C12CC3CC(CC(C3)C1)C2)C12CC3CC(CC(C3)C1)C2,9.5,0.31868991465626784,9.818689914656268,-9.5,0.31868991465626784,200
O=C1NN(NCCN2CCNC2(C23CC4CC(CC(C4)C2)C3)C23CC4CC(CC(C4)C2)C3)C1CC1CC1,8.3,0.4629792433400359,8.762979243340036,-8.3,0.4629792433400359,200
O=C(CC1(N2CC=CC2)CCOCC1)NC1NNC(C2CCCCC2)S1(C1CCCCC1C1CCCCC1C12CC3CC(CC(C3)C1)C2)C12CC3CC(CC(C3)C1)C2,6.7,0.20243591141981243,6.902435911419813,-6.7,0.20243591141981243,200
O=C1N(CC2CC2)NC2N1CCCCC2(C1C(C23CC4CC(CC(C4)C2)C3)CCC1C12CC3CC(CC(C3)C1)C2)C12CC3CC(CC(C3)C1)C2,9.1,0.30331282330605996,9.40331282330606,-9.1,0.30331282330605996,200
O=C1NC(=O)C2NCC(=O)C2(N2CCOCC2(C2CCCC(C34CC5CC(CC(C5)C3)C4)C2c2ccc3c(c2)C2C=CCC2CN3)C23CC4CC(CC(C4)C2)C3)N1,9.1,0.24249963131048957,9.342499631310488,-9.1,0.24249963131048957,200
O=C(CCNC1C(c2ccccc2)NC2CNCCN21)N1CCSCC1(C12CC3CC(CC(C3)C1)C2)C12CC3CC(CC(C3)C1)C2,8.7,0.35915437694811664,9.059154376948117,-8.7,0.35915437694811664,200
CC(CC(=O)C1CCCNC1)N1CC[NH+](C2(C34CC5CC(CC(C5)C3)C4)CN(c3ccccc3)CCN2C2=NCCN2C(=O)c2ccccc2)CC1,8.4,0.43586699559960246,8.835866995599602,-8.4,0.43586699559960246,200
O=C(CCS(=O)(=O)C1=CC=CC2NCCC2C1)N1CCCN2NC(c3ccccc3)CC2C1(c1coc(C2CCCC2c2ccccc2)c1)C12CC3CC(CC(C3)C1)C2,8.2,0.2229851859828538,8.422985185982853,-8.2,0.2229851859828538,200
O=C1CC2C(CCCC2(C2CCCC(C34CC5CC(CC(C5)C3)C4)C2C23CC4CC(CC(C4)C2)C3)C2Nc3ccccc3C3C=CCC32)NN1,9.9,0.27912392867479613,10.179123928674796,-9.9,0.27912392867479613,200
O=C(COc1ccccc1)N1CC(C2NCON2)C2(CCOCC2)C1(C12CC3CC(CC(C3)C1)C2)C12CC3CC(CC(C3)C1)C2,7.9,0.4154570246660937,8.315457024666093,-7.9,0.4154570246660937,200
O=C1Nc2ccccc2OCC1CC(=O)N1CCN(C2CCCCN2)CC1(C1CCC(c2ccccc2)C1c1ccccc1)C12CC3CC(CC(C3)C1)C2,8.3,0.25703726393903337,8.557037263939034,-8.3,0.25703726393903337,200
O=C1N(CC2CC2)NC2N1CCCCC2(c1ccc2c(c1)C1C=CCC1CN2)c1ccccc1C1CCCCC1C12CC3CC(CC(C3)C1)C2,9.5,0.3010758003841487,9.80107580038415,-9.5,0.3010758003841487,200
C1=CC(c2cccc(-c3ccccc3)c2)(C2CCCCC2c2ccc3c(c2)C2C=CCC2CN3)CC(CN2CCNc3ccccc32)C1,8.2,0.20741411358863965,8.407414113588638,-8.2,0.20741411358863965,200
O=C(CC1CCNCC1)N1CCCC1C1NNCN1CC1CCNCC1(C12CC3CC(CC(C3)C1)C2)C12CC3CC(CC(C3)C1)C2,8.8,0.31373291919961716,9.113732919199618,-8.8,0.31373291919961716,200
O=C1N(CC2CC2)NC2C(C3C(c4ccc(-c5ccccc5)cc4)CCCC3C34CC5CC(CC(C5)C3)C4)CCCCN12,9.3,0.3722406880365013,9.672240688036503,-9.3,0.3722406880365013,200
C1=CC(C2CCCC(C34CC5CC(CC(C5)C3)C4)C2C2CCCCC2)(C23CC4CC(CC(C4)C2)C3)CC(CN2CCNc3ccccc32)C1,10.6,0.3055228970949203,10.90552289709492,-10.6,0.3055228970949203,200
C1=CC2c3ccccc3NC(C3CCCCC3C3(C4CCCCC4C45CC6CC(CC(C6)C4)C5)C4CNCC3CNC4)C2C1,10.1,0.30695294404787754,10.406952944047877,-10.1,0.30695294404787754,200
O=C(CCS(=O)(=O)C1=CC=CC2NCCC2C1)N1CCCN2NC(c3ccccc3)CC2C1(C(=O)C1C=CC(C23CC4CC(CC(C4)C2)C3)C1)C12CC3CC(CC(C3)C1)C2,7.4,0.2430112309683572,7.643011230968358,-7.4,0.2430112309683572,200
O=C1NC(=O)C2NCC(=O)C2(N2CCOCC2(C2CCC(c3ccccc3)C2C2Nc3ccccc3C3C=CCC32)C2Nc3ccccc3C3C=CCC32)N1,9.0,0.22540513517377436,9.225405135173775,-9.0,0.22540513517377436,200
O=C(CCN1CCCN1)N1CCCC1CCC1NCCN1CC1CC1c1ccc2c(c1)CC[NH+](C1CCCCC1C1CCCCC1c1ccccc1)C2,6.5,0.25648116482231675,6.756481164822317,-6.5,0.25648116482231675,200
O=C(CC1(N2CC=CC2)CCOCC1)NC1NNC(C2CCCCC2)S1(c1ccccc1)C1CCCC1c1cccc(C2Nc3ccccc3C3C=CCC32)c1,8.2,0.16272169910388565,8.362721699103885,-8.2,0.16272169910388565,200
O=C(C1CCOC1)N1CCC(OC2NOC(C3CNCCN3)N2)CC1(C12CC3CC(CC(C3)C1)C2)C12CC3CC(CC(C3)C1)C2,9.2,0.3574354217229237,9.557435421722923,-9.2,0.3574354217229237,200
C1=CC2c3cc(N4CCC5(C6CCCC6c6ccccc6C67CC8CC(CC(C8)C6)C7)CC=CCC45)ccc3NCC2C1,9.9,0.3681627988899642,10.268162798889964,-9.9,0.3681627988899642,200
O=C1N(CC2CC2)NC2N1CCCCC2(C12CC3CC(CC(C3)C1)C2)C12CC3CC(CC(C3)C1)C2,8.4,0.4970849064029367,8.897084906402936,-8.4,0.4970849064029367,200
C1=CC2c3cc(C45CC=CCC4N(C46CC7CC(CC(C7)C4)C6)CC5)ccc3NC(c3ccccc3-c3ccccc3)C2C1,10.6,0.31006059599914343,10.910060595999143,-10.6,0.31006059599914343,200
O=C(CCS(=O)(=O)C1=CC=CC2NCCC2C1)N1CCCN2NC(c3ccccc3)CC2C1(C12CC3CC(CC(C3)C1)C2)C12CC3CC(CC(C3)C1)C2,8.8,0.30509303801394183,9.105093038013942,-8.8,0.30509303801394183,200
O=C(c1ccccc1)N1CCN=C1N1CCN(c2ccccc2)CC1(C1CCCCCC1)C12CC3CC(CC(C3)C1)C2,8.7,0.3674572760934288,9.067457276093428,-8.7,0.3674572760934288,200
O=C(C1CNN(C2CC(c3ncno3)CCN2)C1)N1CCCC1(C12CC3CC(CC(C3)C1)C2)C12CC3CC(CC(C3)C1)C2,8.5,0.4954787406140679,8.995478740614068,-8.5,0.4954787406140679,200
C1=CC(C2CCCC2c2cccc(N3CCCCC3)c2)(C23CC4CC(CC(C4)C2)C3)NC(CN2CCC(CCC3NC(C4CCOCC4)NO3)CC2)C1,7.4,0.21082269608463455,7.610822696084635,-7.4,0.21082269608463455,200
O=C(CC1(N2CC=CC2)CCOCC1)NC1NNC(C2CCCCC2)S1(C1C(N2CCCCC2)CCCC1C12CC3CC(CC(C3)C1)C2)C12CC3CC(CC(C3)C1)C2,9.1,0.20196545667483337,9.301965456674832,-9.1,0.20196545667483337,200
O=C(NCC1CCCN1)C1c2ccccc2C(=O)N(C2C=CC=CC2)C12CCCC2(C12CC3CC(CC(C3)C1)C2)C12CC3CC(CC(C3)C1)C2,7.9,0.31944472655240963,8.21944472655241,-7.9,0.31944472655240963,200
O=C(CCN1CCCN1)N1CCCC1CCC1NCCN1CC1CC1(c1cccc(C2CCCCC2c2ccccc2)c1)C12CC3CC(CC(C3)C1)C2,7.7,0.23203165201978646,7.932031652019787,-7.7,0.23203165201978646,200
O=C(NCC1CCCN1)C1c2ccccc2C(=O)N(C2C=CC=CC2)C12CCCC2(C1C(c2ccccc2)CCC1C12CC3CC(CC(C3)C1)C2)C12CC3CC(CC(C3)C1)C2,6.3,0.2789456755470675,6.578945675547067,-6.3,0.2789456755470675,200
O=C(C1CCOC1)N1CCC(OC2NOC(C3CNCCN3)N2)CC1(C12CC3CC(CC(C3)C1)C2)C12CC3CC(CC(C3)C1)C2,9.2,0.3574354217229237,9.557435421722923,-9.2,0.3574354217229237,200
C1=CC(C2CCC(C34CC5CC(CC(C5)C3)C4)C2C2CCCC2)(C23CC4CC(CC(C4)C2)C3)NC(CN2CCC(CCC3NC(C4CCOCC4)NO3)CC2)C1,7.1,0.1927253476584737,7.2927253476584735,-7.1,0.1927253476584737,200
O=C(NC1=CCC2NC(=O)C3CCCN3C(=O)C2C1)C1=CCC(N2CNNN2)CC1(C12CC3CC(CC(C3)C1)C2)C12CC3CC(CC(C3)C1)C2,10.2,0.29539846150085575,10.495398461500855,-10.2,0.29539846150085575,200
C1CCC(C2(C3C(C45CC6CC(CC(C6)C4)C5)CCCC3C34CC5CC(CC(C5)C3)C4)NCCCC2CN2CNC3CCCNC32)CC1,8.9,0.26755369549177965,9.16755369549178,-8.9,0.26755369549177965,200
C1=CC(C2CCCCC2c2ccccc2-c2ccccc2)(C23CC4CC(CC(C4)C2)C3)NC(CN2CCC(CCC3NC(C4CCOCC4)NO3)CC2)C1,6.8,0.21205254628053388,7.012052546280533,-6.8,0.21205254628053388,200
O=C(Nc1ccccc1)N1CC(CC2NCNN2)C1(C12CC3CC(CC(C3)C1)C2)C12CC3CC(CC(C3)C1)C2,8.9,0.39546599194809046,9.29546599194809,-8.9,0.39546599194809046,200
C1=CC2c3ccccc3NC(C3(C4CCCC(C56CC7CC(CC(C7)C5)C6)C4C45CC6CC(CC(C6)C4)C5)C4CNCC3CNC4)C2C1,9.6,0.2861653418792022,9.886165341879202,-9.6,0.2861653418792022,200
O=C(CCNC1C(c2ccccc2)NC2CNCCN21)N1CCSCC1(C12CC3CC(CC(C3)C1)C2)C12CC3CC(CC(C3)C1)C2,8.7,0.35915437694811664,9.059154376948117,-8.7,0.35915437694811664,200
O=C1N(CC2CC2)NC2N1CCCCC2(C12CC3CC(CC(C3)C1)C2)C12CC3CC(CC(C3)C1)C2,8.4,0.4970849064029367,8.897084906402936,-8.4,0.4970849064029367,200
O=C1CCCC1CCNC(=O)C1NC(c2ccccc2)N2C1CCCCC2(C12CC3CC(CC(C3)C1)C2)C12CC3CC(CC(C3)C1)C2,9.5,0.31868991465626784,9.818689914656268,-9.5,0.31868991465626784,200
O=C(CCS(=O)(=O)C1=CC=CC2NCCC2C1)N1CCCN2NC(c3ccccc3)CC2C1(C1CCC(C23CC4CC(CC(C4)C2)C3)C1C1CCCC1)C12CC3CC(CC(C3)C1)C2,6.4,0.2573275281736231,6.6573275281736235,-6.4,0.2573275281736231,200
O=C1NC(c2ccccc2)NC2C1CCNC2(C12CC3CC(CC(C3)C1)C2)C12CC3CC(CC(C3)C1)C2,10.1,0.5107972357014259,10.610797235701426,-10.1,0.5107972357014259,200
O=C1NN(NCCN2CCNC2C2C(C3CCCCC3C34CC5CC(CC(C5)C3)C4)CCCC2C23CC4CC(CC(C4)C2)C3)C1CC1CC1,7.3,0.2245825792406319,7.524582579240632,-7.3,0.2245825792406319,200
C1=CC2c3ccccc3NC(C3C(C45CC6CC(CC(C6)C4)C5)CCCC3C3(C4Nc5ccccc5C5C=CCC54)C=CCC(N4CCCC4)C3)C2C1,9.7,0.3033467452893152,10.003346745289315,-9.7,0.3033467452893152,200
C1=CC2c3ccccc3NC(C3(C4CCCC(C5CCCCC5)C4C45CC6CC(CC(C6)C4)C5)C4CNCC3CNC4)C2C1,9.2,0.30695294404787754,9.506952944047876,-9.2,0.30695294404787754,200
O=C(CC1CCNCC1)N1CCCC1C1NNCN1CC1CCNCC1(c1cccc(-c2ccccc2C23CC4CC(CC(C4)C2)C3)c1)C12CC3CC(CC(C3)C1)C2,8.0,0.20714182560632396,8.207141825606325,-8.0,0.20714182560632396,200
O=C(CC1(N2CC=CC2)CCOCC1)NC1NNC(C2CCCCC2)S1(C1CCCC1c1cccc(C2CCS(=O)(=O)C2)c1)C12CC3CC(CC(C3)C1)C2,8.8,0.22793338767418395,9.027933387674185,-8.8,0.22793338767418395,200
O=C1N(CC2CC2)NC2N1CCCCC2(C12CC3CC(CC(C3)C1)C2)C12CC3CC(CC(C3)C1)C2,8.4,0.4970849064029367,8.897084906402936,-8.4,0.4970849064029367,200
O=C(C(=O)C12CC3CC(CC(C3)C1)C2)C1CCCC1C1(C23CC4CC(CC(C4)C2)C3)CN(c2ccccc2)CCN1C1=NCCN1C(=O)c1ccccc1,8.9,0.27034241327671377,9.170342413276714,-8.9,0.27034241327671377,200
Cn1ncc2c1CCCC2C1(C2C(C3CCCCC3)CCCC2C2CCCC2)C(CC2NCNN2)CN1C(=O)Nc1ccccc1,8.9,0.2679673006805077,9.167967300680509,-8.9,0.2679673006805077,200
C1=CC(C2C(C3Nc4ccccc4C4C=CCC43)CCCC2C23CC4CC(CC(C4)C2)C3)(C23CC4CC(CC(C4)C2)C3)CC(C2=CCC(N3CCOCC3)NN2)C1,10.7,0.2517475495922923,10.951747549592291,-10.7,0.2517475495922923,200
O=C1CCCC1CCNC(=O)C1NC(c2ccccc2)N2C1CCCCC2(C12CC3CC(CC(C3)C1)C2)C12CC3CC(CC(C3)C1)C2,9.5,0.31868991465626784,9.818689914656268,-9.5,0.31868991465626784,200
O=C1N(CC2CC2)NC2N1CCCCC2(C12CC3CC(CC(C3)C1)C2)C12CC3CC(CC(C3)C1)C2,8.4,0.4970849064029367,8.897084906402936,-8.4,0.4970849064029367,200
C1=CC2c3ccccc3NC(C3CCCCC3N3CCC4(C5CCCCC5C56CC7CC(CC(C7)C5)C6)CC=CCC34)C2C1,8.9,0.3510722562190357,9.251072256219036,-8.9,0.3510722562190357,200
C1=CC(C23CC4CC(CC(C4)C2)C3)(C23CC4CC(CC(C4)C2)C3)CC(C2=CCC(N3CCOCC3)NN2)C1,8.8,0.4225206875972792,9.22252068759728,-8.8,0.4225206875972792,200
O=C(CC1(N2CC=CC2)CCOCC1)NC1NNC(C2CCCCC2)S1(C1CC1)C1CCCCC1c1ccc(C2CCCCC2)cc1,7.6,0.2344148861290112,7.834414886129011,-7.6,0.2344148861290112,200
O=C1NC(=O)C2NCC(=O)C2(N2CCOCC2(C2Nc3ccc(-c4ccc(C5CCCC5)cc4)cc3C3C=CCC32)C23CC4CC(CC(C4)C2)C3)N1,8.3,0.2906903952022418,8.590690395202243,-8.3,0.2906903952022418,200
C1=CC2c3ccccc3NC(C3C(c4ccccc4)CCCC3C3(C4Nc5ccccc5C5C=CCC54)C=CCC(N4CCCC4)C3)C2C1,9.8,0.26999534625439986,10.0699953462544,-9.8,0.26999534625439986,200
O=C1CCCC1CCNC(=O)C1NC(c2ccccc2)N2C1CCCCC2(C12CC3CC(CC(C3)C1)C2)C12CC3CC(CC(C3)C1)C2,9.5,0.31868991465626784,9.818689914656268,-9.5,0.31868991465626784,200
O=C1CC2C(CCCC2(c2ccccc2)C2CCC(c3ccc4c(c3)C3C=CCC3CN4)C2C2Nc3ccccc3C3C=CCC32)NN1,8.8,0.21833370065638613,9.018333700656386,-8.8,0.21833370065638613,200
O=C1CCCC1CCNC(=O)C1NC(c2ccccc2)N2C1CCCCC2(C12CC3CC(CC(C3)C1)C2)C12CC3CC(CC(C3)C1)C2,9.5,0.31868991465626784,9.818689914656268,-9.5,0.31868991465626784,200
O=C1CCCC1CCNC(=O)C1NC(c2ccccc2)N2C1CCCCC2(C12CC3CC(CC(C3)C1)C2)C12CC3CC(CC(C3)C1)C2,9.5,0.31868991465626784,9.818689914656268,-9.5,0.31868991465626784,200
C1=CC2c3ccccc3NC(C3CCCC(C4(C56CC7CC(CC(C7)C5)C6)NCCCC4CN4CNC5CCCNC54)C3C34CC5CC(CC(C5)C3)C4)C2C1,10.7,0.21915351280035816,10.919153512800358,-10.7,0.21915351280035816,200
O=C1CCCC1CCNC(=O)C1NC(c2ccccc2)N2C1CCCCC2(C12CC3CC(CC(C3)C1)C2)C12CC3CC(CC(C3)C1)C2,9.5,0.31868991465626784,9.818689914656268,-9.5,0.31868991465626784,200
O=C(COc1ccccc1)N1CC(C2NCON2)C2(CCOCC2)C1(C12CC3CC(CC(C3)C1)C2)C12CC3CC(CC(C3)C1)C2,7.9,0.4154570246660937,8.315457024666093,-7.9,0.4154570246660937,200
O=C(C1CNN(C2CC(c3ncno3)CCN2)C1)N1CCCC1(C1CCCC(c2ccccc2)C1C1CCCC1)C12CC3CC(CC(C3)C1)C2,9.7,0.31835699410013196,10.018356994100131,-9.7,0.31835699410013196,200
O=C(NC1CCCC1C(=O)N1CCc2ccccc2C1)C1=CC=CS1(C12CC3CC(CC(C3)C1)C2)C12CC3CC(CC(C3)C1)C2,7.9,0.3609014926949979,8.260901492694998,-7.9,0.3609014926949979,200
O=C1Nc2ccccc2OCC1CC(=O)N1CCN(C2CCCCN2)CC1(C1C(N2CCCCC2)CCC1C12CC3CC(CC(C3)C1)C2)C12CC3CC(CC(C3)C1)C2,6.9,0.2896209898905178,7.189620989890519,-6.9,0.2896209898905178,200
C1=CC2c3ccccc3NC(C3C(C4CCCCC4)CCC3C34CC=CCC3N(C3Nc5ccccc5C5C=CCC53)CC4)C2C1,9.1,0.3370918321271648,9.437091832127164,-9.1,0.3370918321271648,200
O=C(C1CNN(C2CC(c3ncno3)CCN2)C1)N1CCCC1(C1CCCCC1C1CCCC1C1CCCC1)C12CC3CC(CC(C3)C1)C2,8.5,0.3147600391728877,8.814760039172887,-8.5,0.3147600391728877,200
C1=CC2c3cc(C4(C5CCCCC5C5CCCCC5C56CC7CC(CC(C7)C5)C6)C=CCC(N5CCCC5)C4)ccc3NCC2C1,12.2,0.33035162847599003,12.530351628475989,-12.2,0.33035162847599003,200
O=C(CC1CCNCC1)N1CCCC1C1NNCN1CC1CCNCC1(C12CC3CC(CC(C3)C1)C2)C12CC3CC(CC(C3)C1)C2,8.8,0.31373291919961716,9.113732919199618,-8.8,0.31373291919961716,200
O=C(CCNC1C(c2ccccc2)NC2CNCCN21)N1CCSCC1(c1cc(C2CCCCC2)ccc1C12CC3CC(CC(C3)C1)C2)C12CC3CC(CC(C3)C1)C2,9.1,0.235539129624387,9.335539129624387,-9.1,0.235539129624387,200
O=C1NN(NCCN2CCNC2(C23CC4CC(CC(C4)C2)C3)C23CC4CC(CC(C4)C2)C3)C1CC1CC1,8.3,0.4629792433400359,8.762979243340036,-8.3,0.4629792433400359,200
C1=CC2c3ccccc3NC(C3C(C4CCCCC4)CCCC3C3(C4Nc5ccccc5C5C=CCC54)C4CNCC3CNC4)C2C1,8.9,0.25731345165983815,9.157313451659839,-8.9,0.25731345165983815,200
O=C(CCN1CCCN1)N1CCCC1CCC1NCCN1CC1CC1(c1ccccc1-c1ccccc1)C1CCCC(C23CC4CC(CC(C4)C2)C3)C1,7.5,0.23187051746241114,7.731870517462411,-7.5,0.23187051746241114,200
O=C(C1CCOC1)N1CCC(OC2NOC(C3CNCCN3)N2)CC1(C12CC3CC(CC(C3)C1)C2)C12CC3CC(CC(C3)C1)C2,9.2,0.3574354217229237,9.557435421722923,-9.2,0.3574354217229237,200
C1=CC2c3cc(C4CCCCC4C4CCCC4C4(C56CC7CC(CC(C7)C5)C6)C=CCC(C5NCCN6CCNC56)C4)ccc3NCC2C1,9.0,0.2762140908381214,9.27621409083812,-9.0,0.2762140908381214,200
C1=CC2c3ccccc3NC(C3CN(C45CC=CCC4N(C4Nc6ccccc6C6C=CCC64)CC5)CCC3C34CC5CC(CC(C5)C3)C4)C2C1,8.6,0.315604893773655,8.915604893773654,-8.6,0.315604893773655,200
O=C1CC2C(CCCC2(C2CCCC(C3Nc4ccccc4C4C=CCC43)C2C23CC4CC(CC(C4)C2)C3)C23CC4CC(CC(C4)C2)C3)NN1,10.5,0.27912392867479613,10.779123928674796,-10.5,0.27912392867479613,200
C1=CC2c3cc(C4CCCC(C5(C6CCCCC6)C6CNCC5CNC6)C4C4Nc5ccccc5C5C=CCC54)ccc3NCC2C1,10.5,0.2568842086529097,10.75688420865291,-10.5,0.2568842086529097,200
O=C(COc1ccccc1)N1CC(C2NCON2)C2(CCOCC2)C1(C1C(c2ccccc2)CCCC1C12CC3CC(CC(C3)C1)C2)C12CC3CC(CC(C3)C1)C2,9.1,0.27917029091305634,9.379170290913056,-9.1,0.27917029091305634,200
O=C1N(CC2CC2)NC2N1CCCCC2(C1CCCCC1c1ccc2c(c1)C1C=CCC1CN2)C1CCCC1c1ccccc1,8.7,0.32416951299619345,9.024169512996192,-8.7,0.32416951299619345,200
O=C1NC(=O)C2NCC(=O)C2(N2CCOCC2(C2CCCCC2c2ccc3c(c2)C2C=CCC2CN3)C2CCCCC2C23CC4CC(CC(C4)C2)C3)N1,10.3,0.2676472981069254,10.567647298106927,-10.3,0.2676472981069254,200
O=C(C1CCOC1)N1CCCC(CCCN2CCCO2)C1(C12CC3CC(CC(C3)C1)C2)C12CC3CC(CC(C3)C1)C2,8.3,0.3391656493450831,8.639165649345085,-8.3,0.3391656493450831,200
O=C(CC1(N2CC=CC2)CCOCC1)NC1NNC(C2CCCCC2)S1(C1CCCC1)C1CCC(C23CC4CC(CC(C4)C2)C3)C1C12CC3CC(CC(C3)C1)C2,7.0,0.20337825813673194,7.203378258136732,-7.0,0.20337825813673194,200
O=C(CC1CCNCC1)N1CCCC1C1NNCN1CC1CCNCC1(C12CC3CC(CC(C3)C1)C2)C12CC3CC(CC(C3)C1)C2,8.8,0.31373291919961716,9.113732919199618,-8.8,0.31373291919961716,200
O=C(NCC1CCCN1)C1c2ccccc2C(=O)N(C2C=CC=CC2)C12CCCC2(C1CCCC(C23CC4CC(CC(C4)C2)C3)C1C12CC3CC(CC(C3)C1)C2)C12CC3CC(CC(C3)C1)C2,9.1,0.2733464294598941,9.373346429459893,-9.1,0.2733464294598941,200
O=C(CCN1CCCN1)N1CCCC1CCC1NCCN1CC1CC1(C1CCCCC1c1ccc2c(c1)C1C=CCC1CN2)C1CCCCC1C1CCCCC1,8.1,0.18490198353936302,8.284901983539363,-8.1,0.18490198353936302,200
C1=CC2c3cc(C4(C5CCC(c6ccccc6)C5C56CC7CC(CC(C7)C5)C6)C=CCC(N5CCCC5)C4)ccc3NCC2C1,9.4,0.34471445163314296,9.744714451633143,-9.4,0.34471445163314296,200
C1=CC(C2CCCCC2C23CC4CC(CC(C4)C2)C3)(C2CCCC2C23CC4CC(CC(C4)C2)C3)CC(CN2CCNc3ccccc32)C1,8.5,0.3094316361074081,8.809431636107409,-8.5,0.3094316361074081,200
O=C1CC2C(CCCC2(C2CCCCC2C2CCCCC2c2ccc3c(c2)C2C=CCC2CN3)C23CC4CC(CC(C4)C2)C3)NN1,9.8,0.2938822525217145,10.093882252521714,-9.8,0.2938822525217145,200
O=C(c1ccccc1)N1CCN=C1N1CCN(c2ccccc2)CC1(C(=NC12CC3CC(CC(C3)C1)C2)C12CC3CC(CC(C3)C1)C2)C12CC3CC(CC(C3)C1)C2,6.8,0.2755845087334506,7.07558450873345,-6.8,0.2755845087334506,200
O=C(CCC1CCCCC1)NC1CCN(C2CC(N3CCOCC3)CNN2)C1(C12CC3CC(CC(C3)C1)C2)C12CC3CC(CC(C3)C1)C2,8.3,0.2866559953120276,8.586655995312029,-8.3,0.2866559953120276,200
C1=CC2c3ccccc3NC(C3CCCC(C4CCCC4)C3C3(C45CC6CC(CC(C6)C4)C5)C4CNCC3CNC4)C2C1,10.0,0.31639021598949263,10.316390215989493,-10.0,0.31639021598949263,200
O=C1Nc2ccccc2OCC1CC(=O)N1CCN(C2CCCCN2)CC1(C12CC3CC(CC(C3)C1)C2)C12CC3CC(CC(C3)C1)C2,10.1,0.38780737191673637,10.487807371916736,-10.1,0.38780737191673637,200
O=C1NC(=O)C2NCC(=O)C2(N2CCOCC2(C2C(C34CC5CC(CC(C5)C3)C4)CCC2C23CC4CC(CC(C4)C2)C3)C23CC4CC(CC(C4)C2)C3)N1,8.7,0.3027647659455588,9.002764765945559,-8.7,0.3027647659455588,200
O=C(CCC1CCCCC1)NC1CCN(C2CC(N3CCOCC3)CNN2)C1(C12CC3CC(CC(C3)C1)C2)C12CC3CC(CC(C3)C1)C2,8.3,0.2866559953120276,8.586655995312029,-8.3,0.2866559953120276,200
O=C(NC1CCCC1C(=O)N1CCc2ccccc2C1)C1=CC=CS1(C12CC3CC(CC(C3)C1)C2)C12CC3CC(CC(C3)C1)C2,7.9,0.3609014926949979,8.260901492694998,-7.9,0.3609014926949979,200
C1=CC2c3cc(C4(C5C(C6CCCCC6)CCCC5C56CC7CC(CC(C7)C5)C6)C5CNCC4CNC5)ccc3NCC2C1,10.1,0.30760715300186847,10.407607153001868,-10.1,0.30760715300186847,200
O=C(NC1=CCC2NC(=O)C3CCCN3C(=O)C2C1)C1=CCC(N2CNNN2)CC1(C12CC3CC(CC(C3)C1)C2)C12CC3CC(CC(C3)C1)C2,10.2,0.29539846150085575,10.495398461500855,-10.2,0.29539846150085575,200
c1oc(C23CC4CC(CC(C4)C2)C3)cc1C1(C23CC4CC(CC(C4)C2)C3)NCCCC1CN1CNC2CCCNC21,8.8,0.4078445679723044,9.207844567972305,-8.8,0.4078445679723044,200
O=C(NCC1CCCO1)C1CCN(C2CNC(N3CCNCC3)NC2)CC1(C1CCCCC1c1ccccc1-c1ccccc1)C12CC3CC(CC(C3)C1)C2,8.3,0.24359615336168566,8.543596153361687,-8.3,0.24359615336168566,200
O=C1N(CC2CC2)NC2N1CCCCC2(C1CCC(c2ccccc2)C1C1Nc2ccccc2C2C=CCC21)C12CC3CC(CC(C3)C1)C2,7.8,0.30486905883985427,8.104869058839855,-7.8,0.30486905883985427,200
O=C(C1CCOC1)N1CCCC(CCCN2CCCO2)C1(C12CC3CC(CC(C3)C1)C2)C12CC3CC(CC(C3)C1)C2,8.3,0.3391656493450831,8.639165649345085,-8.3,0.3391656493450831,200
C1=CC2c3cc(C4CCCCC4C45CC=CCC4N(c4ccccc4-c4ccccc4)CC5)ccc3NCC2C1,8.5,0.34075717101601216,8.840757171016012,-8.5,0.34075717101601216,200
O=C(CCN1CCCN1)N1CCCC1CCC1NCCN1CC1CC1(C12CC3CC(CC(C3)C1)C2)C12CC3CC(CC(C3)C1)C2,7.2,0.3137690842276132,7.513769084227613,-7.2,0.3137690842276132,200
O=C1N(CC2CC2)NC2N1CCCCC2(c1ccccc1C1CCCCC1)C1CCCCC1C12CC3CC(CC(C3)C1)C2,8.9,0.3623987247172227,9.262398724717222,-8.9,0.3623987247172227,200
O=C(CCN1CCCN1)N1CCCC1CCC1NCCN1CC1CC1(c1ccc(C23CC4CC(CC(C4)C2)C3)cc1-c1ccccc1)C12CC3CC(CC(C3)C1)C2,7.7,0.22610484296765307,7.9261048429676535,-7.7,0.22610484296765307,200
O=C(CCC1CCCCC1)NC1CCN(C2CC(N3CCOCC3)CNN2)C1(C12CC3CC(CC(C3)C1)C2)C12CC3CC(CC(C3)C1)C2,8.3,0.2866559953120276,8.586655995312029,-8.3,0.2866559953120276,200
O=C(CCNC1C(c2ccccc2)NC2CNCCN21)N1CCSCC1(c1ccc(C2CCCCC2)cc1C12CC3CC(CC(C3)C1)C2)C12CC3CC(CC(C3)C1)C2,7.9,0.235539129624387,8.135539129624387,-7.9,0.235539129624387,200
O=C(c1ccccc1)N1CCN=C1N1CCN(c2ccccc2)CC1(C12CC3CC(CC(C3)C1)C2)C12CC3CC(CC(C3)C1)C2,9.7,0.3640642779647494,10.064064277964748,-9.7,0.3640642779647494,200
C1=CC(C2CCCC2)(C2CCC(C3CCCCC3)C2c2ccc3c(c2)C2C=CCC2CN3)NC(CN2CCC(CCC3NC(C4CCOCC4)NO3)CC2)C1,8.5,0.17812790346114316,8.678127903461142,-8.5,0.17812790346114316,200
O=C1NN(NCCN2CCNC2(c2ccc(-c3ccccc3)c(C34CC5CC(CC(C5)C3)C4)c2)C23CC4CC(CC(C4)C2)C3)C1CC1CC1,8.2,0.2538528110871088,8.453852811087108,-8.2,0.2538528110871088,200
C1=CC(c2ccccc2)(C2CCCC(C3CCCC3)C2C2Nc3ccccc3C3C=CCC32)CC(C2=CCC(N3CCOCC3)NN2)C1,9.5,0.27638229735639475,9.776382297356395,-9.5,0.27638229735639475,200
O=S(=O)(c1ccccc1)N1CC(C2NC(Cc3ccccc3)NO2)C1(C12CC3CC(CC(C3)C1)C2)C12CC3CC(CC(C3)C1)C2,8.7,0.3670434294833953,9.067043429483395,-8.7,0.3670434294833953,200
C1CNC2C(C1)NCN2CC1CCCNC1(C12CC3CC(CC(C3)C1)C2)C12CC3CC(CC(C3)C1)C2,8.8,0.5106956728064469,9.310695672806448,-8.8,0.5106956728064469,200
O=C(CN(C12CC3CC(CC(C3)C1)C2)C12CC3CC(CC(C3)C1)C2)C1(C23CC4CC(CC(C4)C2)C3)C(C2NC(Cc3ccccc3)NO2)CN1S(=O)(=O)c1ccccc1,7.1,0.23714133578928412,7.337141335789283,-7.1,0.23714133578928412,200
O=C(c1ccccc1)N1CCN=C1N1CCN(c2ccccc2)CC1(c1cc(C23CC4CC(CC(C4)C2)C3)ccc1C12CC3CC(CC(C3)C1)C2)C12CC3CC(CC(C3)C1)C2,8.3,0.2488764784485025,8.548876478448504,-8.3,0.2488764784485025,200
O=C(CCS(=O)(=O)C1=CC=CC2NCCC2C1)N1CCCN2NC(c3ccccc3)CC2C1C1CCCC1c1cc2c(cc1C1CCCC1)OCC(C13CC4CC(CC(C4)C1)C3)O2,3.0,0.25768351124472144,3.2576835112447213,-3.0,0.25768351124472144,200
C1=CC2c3ccccc3NC(C3CCCCC3C3(C4CCCCC4C45CC6CC(CC(C6)C4)C5)C4CNCC3CNC4)C2C1,10.1,0.30695294404787754,10.406952944047877,-10.1,0.30695294404787754,200
O=C(NC1CCCC1C(=O)N1CCc2ccccc2C1)C1=CC=CS1(C12CC3CC(CC(C3)C1)C2)C12CC3CC(CC(C3)C1)C2,7.9,0.3609014926949979,8.260901492694998,-7.9,0.3609014926949979,200
C1=CC2c3cc(C4CCCC4C4(C5CCCCC5C5Nc6ccccc6C6C=CCC65)C5CNCC4CNC5)ccc3NCC2C1,11.7,0.263451487037885,11.963451487037885,-11.7,0.263451487037885,200
O=C1N(CC2CC2)NC2N1CCCCC2(C12CC3CC(CC(C3)C1)C2)C12CC3CC(CC(C3)C1)C2,8.4,0.4970849064029367,8.897084906402936,-8.4,0.4970849064029367,200
O=C(CC1CCNCC1)N1CCCC1C1NNCN1CC1CCNCC1(C1C(c2ccccc2)CCCC1C12CC3CC(CC(C3)C1)C2)C12CC3CC(CC(C3)C1)C2,9.0,0.20208049878006445,9.202080498780065,-9.0,0.20208049878006445,200
O=C(NC1CCCC1C(=O)N1CCc2ccccc2C1)C1=CC=CS1(C12CC3CC(CC(C3)C1)C2)C12CC3CC(CC(C3)C1)C2,7.9,0.3609014926949979,8.260901492694998,-7.9,0.3609014926949979,200
O=C1CCCC1CCNC(=O)C1NC(c2ccccc2)N2C1CCCCC2(C1CCN(C23CC4CC(CC(C4)C2)C3)CC1O)C12CC3CC(CC(C3)C1)C2,7.7,0.25852146172134527,7.958521461721346,-7.7,0.25852146172134527,200
O=C1NC(=O)C2NCC(=O)C2(N2CCOCC2(C2C(C3Nc4ccccc4C4C=CCC43)CCCC2C23CC4CC(CC(C4)C2)C3)C23CC4CC(CC(C4)C2)C3)N1,11.1,0.24523877523053966,11.34523877523054,-11.1,0.24523877523053966,200
O=C(CCS(=O)(=O)C1=CC=CC2NCCC2C1)N1CCCN2NC(c3ccccc3)CC2C1(C1CCOC1C12CC3CC(CC(C3)C1)C2)C12CC3CC(CC(C3)C1)C2,6.2,0.2779797418290483,6.477979741829048,-6.2,0.2779797418290483,200
O=S(=O)(c1ccccc1)N1CC(C2NC(Cc3ccccc3)NO2)C1(C12CC3CC(CC(C3)C1)C2)C12CC3CC(CC(C3)C1)C2,8.7,0.3670434294833953,9.067043429483395,-8.7,0.3670434294833953,200
O=C(COc1ccccc1)N1CC(C2NCON2)C2(CCOCC2)C1(C12CC3CC(CC(C3)C1)C2)C12CC3CC(CC(C3)C1)C2,7.9,0.4154570246660937,8.315457024666093,-7.9,0.4154570246660937,200
C1=CC2c3ccccc3NC(C3CCC(C45CC6CC(CC(C6)C4)C5)C3N3CCC4(C56CC7CC(CC(C7)C5)C6)CC=CCC34)C2C1,10.0,0.3338807647755097,10.33388076477551,-10.0,0.3338807647755097,200
C1=CC(C2CCCC2C2CCCCC2C2CCCC2c2ccccc2)NC(CN2CCC(CCC3NC(C4CCOCC4)NO3)CC2)C1,8.2,0.22348718833858738,8.423487188338587,-8.2,0.22348718833858738,200
O=S(=O)(c1ccccc1)N1CC(C2NC(Cc3ccccc3)NO2)C1(C12CC3CC(CC(C3)C1)C2)C12CC3CC(CC(C3)C1)C2,8.7,0.3670434294833953,9.067043429483395,-8.7,0.3670434294833953,200
O=C(CC1(N2CC=CC2)CCOCC1)NC1NNC(C2CCCCC2)S1(c1cccc(-c2cccc(C34CC5CC(CC(C5)C3)C4)c2)c1)C1CCCCC1,8.0,0.2230864800462232,8.223086480046224,-8.0,0.2230864800462232,200
C1=CC(C2CCCC(C34CC5CC(CC(C5)C3)C4)C2C23CC4CC(CC(C4)C2)C3)(C23CC4CC(CC(C4)C2)C3)CC(CN2CCNc3ccccc32)C1,9.4,0.2954645287776601,9.695464528777661,-9.4,0.2954645287776601,200
O=C(c1ccccc1)N1CCN=C1N1CCN(c2ccccc2)CC1(C12CC3CC(CC(C3)C1)C2)C12CC3CC(CC(C3)C1)C2,9.7,0.3640642779647494,10.064064277964748,-9.7,0.3640642779647494,200
O=C(CCN1CCCN1)N1CCCC1CCC1NCCN1CC1CC1(C1Nc2ccccc2C2C=CCC21)N1CCC(C2CCC(C3CCCC3)C2)CC1,7.5,0.20375961757104935,7.703759617571049,-7.5,0.20375961757104935,200
O=C(CC1(N2CC=CC2)CCOCC1)NC1NNC(C2CCCCC2)S1(C1C(C23CC4CC(CC(C4)C2)C3)CCC1C12CC3CC(CC(C3)C1)C2)C12CC3CC(CC(C3)C1)C2,9.0,0.20174605515564495,9.201746055155645,-9.0,0.20174605515564495,200
O=C1NC(c2ccccc2)NC2C1CCNC2(N(CC(=O)C12CC3CC(CC(C3)C1)C2)C12CC3CC(CC(C3)C1)C2)C12CC3CC(CC(C3)C1)C2,8.0,0.27924099880923653,8.279240998809236,-8.0,0.27924099880923653,200
O=C(CC1(N2CC=CC2)CCOCC1)NC1NNC(C2CCCCC2)S1(c1ccccc1C1CCCC1c1ccccc1)C12CC3CC(CC(C3)C1)C2,8.0,0.22443238000640348,8.224432380006403,-8.0,0.22443238000640348,200
O=C1NC(=O)C2NCC(=O)C2(N2CCOCC2(c2ccc3c(c2)C2C=CCC2CN3)C2CCCC2C2CCCCC2C2CCCCC2)N1,9.6,0.3238373326014372,9.923837332601437,-9.6,0.3238373326014372,200
O=C(CC1CCNCC1)N1CCCC1C1NNCN1CC1CCNCC1(C1C(c2ccccc2)CCCC1C12CC3CC(CC(C3)C1)C2)C12CC3CC(CC(C3)C1)C2,9.0,0.20208049878006445,9.202080498780065,-9.0,0.20208049878006445,200
C1=CC(C2CCCCC2C2CCCC2C23CC4CC(CC(C4)C2)C3)(C23CC4CC(CC(C4)C2)C3)CC(CN2CCNc3ccccc32)C1,8.5,0.3094316361074081,8.809431636107409,-8.5,0.3094316361074081,200
C1=CC(C2CCC(c3ccc4c(c3)C3C=CCC3CN4)C2C23CC4CC(CC(C4)C2)C3)(C2Nc3ccccc3C3C=CCC32)NC(CN2CCC(CCC3NC(C4CCOCC4)NO3)CC2)C1,4.2,0.1509560623707493,4.3509560623707495,-4.2,0.1509560623707493,200
O=C(CCN1CCCN1)N1CCCC1CCC1NCCN1CC1CC1(c1ccc2c(c1)C1C=CCC1CN2)C1CCCC1C1CCCCC1c1ccccc1,6.3,0.1916206750618583,6.491620675061858,-6.3,0.1916206750618583,200
O=C(c1ccccc1)N1CCN=C1N1CCN(c2ccccc2)CC1(C12CC3CC(CC(C3)C1)C2)C12CC3CC(CC(C3)C1)C2,9.7,0.3640642779647494,10.064064277964748,-9.7,0.3640642779647494,200
O=C(CCN1CCCN1)N1CCCC1CCC1NCCN1CC1CC1(C1CCN(C2CCCC2C23CC4CC(CC(C4)C2)C3)CC1)C12CC3CC(CC(C3)C1)C2,6.9,0.21077105319951606,7.1107710531995165,-6.9,0.21077105319951606,200
O=C1CCCC1CCNC(=O)C1NC(c2ccccc2)N2C1CCCCC2(C12CC3CC(CC(C3)C1)C2)C12CC3CC(CC(C3)C1)C2,9.5,0.31868991465626784,9.818689914656268,-9.5,0.31868991465626784,200
O=C1N(CC2CC2)NC2N1CCCCC2(C1CCCC1C1CCCCC1C12CC3CC(CC(C3)C1)C2)C12CC3CC(CC(C3)C1)C2,8.7,0.31820607764996467,9.018206077649964,-8.7,0.31820607764996467,200
O=C(NC1CCCC1C(=O)N1CCc2ccccc2C1)C1=CC=CS1(c1ccc(-c2ccccc2)c(C2CCCCC2)c1)C12CC3CC(CC(C3)C1)C2,10.1,0.26374223365438937,10.363742233654389,-10.1,0.26374223365438937,200
O=C(CCC1CCCCC1)NC1CCN(C2CC(N3CCOCC3)CNN2)C1(C1CCCC1c1ccc2c(c1)C1C=CCC1CN2)C1CCCCC1C12CC3CC(CC(C3)C1)C2,8.5,0.17495007611100363,8.674950076111003,-8.5,0.17495007611100363,200
O=C(CC1CCNCC1)N1CCCC1C1NNCN1CC1CCNCC1(C12CC3CC(CC(C3)C1)C2)C12CC3CC(CC(C3)C1)C2,8.8,0.31373291919961716,9.113732919199618,-8.8,0.31373291919961716,200
O=C1N(CC2CC2)NC2N1CCCCC2(C1CCC(c2cccc(-c3ccccc3)c2)C1)C12CC3CC(CC(C3)C1)C2,8.4,0.38194016277787063,8.781940162777872,-8.4,0.38194016277787063,200
C1=CC2c3cc(C4CCCCC4C4(C5CCCCC5C56CC7CC(CC(C7)C5)C6)C5CNCC4CNC5)ccc3NCC2C1,10.6,0.3064892466695564,10.906489246669556,-10.6,0.3064892466695564,200
O=C1Nc2ccccc2OCC1CC(=O)N1CCN(C2CCCCN2)CC1(c1ccc(-c2ccccc2)cc1C1CCCCC1)C12CC3CC(CC(C3)C1)C2,9.0,0.25303931711469896,9.253039317114698,-9.0,0.25303931711469896,200
O=C(NC1CCCC1C(=O)N1CCc2ccccc2C1)C1=CC=CS1(C12CC3CC(CC(C3)C1)C2)C12CC3CC(CC(C3)C1)C2,7.9,0.3609014926949979,8.260901492694998,-7.9,0.3609014926949979,200
O=C(NC1CCCC1C(=O)N1CCc2ccccc2C1)C1=CC=CS1(C12CC3CC(CC(C3)C1)C2)C12CC3CC(CC(C3)C1)C2,7.9,0.3609014926949979,8.260901492694998,-7.9,0.3609014926949979,200
O=C(CC1CCNCC1)N1CCCC1C1NNCN1CC1CCNCC1(C12CC3CC(CC(C3)C1)C2)C12CC3CC(CC(C3)C1)C2,8.8,0.31373291919961716,9.113732919199618,-8.8,0.31373291919961716,200
O=C(CCNC1C(c2ccccc2)NC2CNCCN21)N1CCSCC1(C12CC3CC(CC(C3)C1)C2)C12CC3CC(CC(C3)C1)C2,8.7,0.35915437694811664,9.059154376948117,-8.7,0.35915437694811664,200
O=C1CCCC1CCNC(=O)C1NC(c2ccccc2)N2C1CCCCC2(C12CC3CC(CC(C3)C1)C2)C12CC3CC(CC(C3)C1)C2,9.5,0.31868991465626784,9.818689914656268,-9.5,0.31868991465626784,200
O=C1NC(=O)C2NCC(=O)C2(N2CCOCC2(C2CCC(C3CCCCC3)C2C2Nc3ccccc3C3C=CCC32)C23CC4CC(CC(C4)C2)C3)N1,9.3,0.2897487041795332,9.589748704179534,-9.3,0.2897487041795332,200
CC1CCCCC1C1CCCC1c1cccc(OC2(C3CCCCC3)NCCN2CCNN2NC(=O)C2CC2CC2)c1,7.3,0.30277502503154896,7.602775025031549,-7.3,0.30277502503154896,200
O=C1NN(NCCN2CCNC2C2CCC(N3CCCCC3)C2C2CCCC2C2CCCCC2)C1CC1CC1,8.5,0.3876667710065813,8.88766677100658,-8.5,0.3876667710065813,200
O=C(NC1CCCC1C(=O)N1CCc2ccccc2C1)C1=CC=CS1(C12CC3CC(CC(C3)C1)C2)C12CC3CC(CC(C3)C1)C2,7.9,0.3609014926949979,8.260901492694998,-7.9,0.3609014926949979,200
C1=CC(C2CCCC2c2ccc3c(c2)C2C=CCC2CN3)(C2CCCCC2C23CC4CC(CC(C4)C2)C3)CC(CN2CCNc3ccccc32)C1,9.4,0.29723661684783037,9.69723661684783,-9.4,0.29723661684783037,200
O=C(C1CNN(C2CC(c3ncno3)CCN2)C1)N1CCCC1(C1CCCCC1C1CS(=O)(=O)CC1C1CCCCC1)C12CC3CC(CC(C3)C1)C2,7.8,0.3515207952702944,8.151520795270294,-7.8,0.3515207952702944,200
O=C(c1ccccc1)N1CCN=C1N1CCN(c2ccccc2)CC1(C12CC3CC(CC(C3)C1)C2)C12CC3CC(CC(C3)C1)C2,9.7,0.3640642779647494,10.064064277964748,-9.7,0.3640642779647494,200
C1=CC2c3cc(C4CCCC4c4ccc5c(c4)C4C=CCC4C(C46CC=CCC4N(C47CC8CC(CC(C8)C4)C7)CC6)N5)ccc3NCC2C1,9.6,0.3189163822214283,9.918916382221427,-9.6,0.3189163822214283,200
O=C(CCNC1C(c2ccccc2)NC2CNCCN21)N1CCSCC1(C12CC3CC(CC(C3)C1)C2)C12CC3CC(CC(C3)C1)C2,8.7,0.35915437694811664,9.059154376948117,-8.7,0.35915437694811664,200
O=C1N(CC2CC2)NC2N1CCCCC2(C1CCCC1C1CCCCC1C12CC3CC(CC(C3)C1)C2)C1Nc2ccccc2C2C=CCC21,8.2,0.2983671255587802,8.49836712555878,-8.2,0.2983671255587802,200
O=C(CCS(=O)(=O)C1=CC=CC2NCCC2C1)N1CCCN2NC(c3ccccc3)CC2C1(C1C(C2CCCCC2)CCC1C1CCCC1)C12CC3CC(CC(C3)C1)C2,10.1,0.25852703237923347,10.358527032379232,-10.1,0.25852703237923347,200
O=C1NN(NCCN2CCNC2(C23CC4CC(CC(C4)C2)C3)C23CC4CC(CC(C4)C2)C3)C1CC1CC1,8.3,0.4629792433400359,8.762979243340036,-8.3,0.4629792433400359,200
O=C1CCCC1CCNC(=O)C1NC(c2ccccc2)N2C1CCCCC2(Nc1ccccc1C12CC3CC(CC(C3)C1)C2)C12CC3CC(CC(C3)C1)C2,8.9,0.24024860442966245,9.140248604429663,-8.9,0.24024860442966245,200
O=C1CC2C(CCCC2(C2CCC(c3ccc4c(c3)C3C=CCC3CN4)C2C23CC4CC(CC(C4)C2)C3)C2Nc3ccccc3C3C=CCC32)NN1,10.1,0.24102022638202103,10.341020226382021,-10.1,0.24102022638202103,200
C1=CC2c3ccccc3NC(C3C(C45CC6CC(CC(C6)C4)C5)CCCC3C3(C45CC6CC(CC(C6)C4)C5)C4CNCC3CNC4)C2C1,10.5,0.2861653418792022,10.786165341879203,-10.5,0.2861653418792022,200
C1=CC2c3ccccc3NC(C3(C4C(C56CC7CC(CC(C7)C5)C6)CCCC4C45CC6CC(CC(C6)C4)C5)C4CNCC3CNC4)C2C1,9.4,0.2861653418792022,9.686165341879203,-9.4,0.2861653418792022,200
O=C(c1ccccc1)N1CCN=C1N1CCN(c2ccccc2)CC1(c1ccccc1NC12CC3CC(CC(C3)C1)C2)C12CC3CC(CC(C3)C1)C2,7.5,0.28055952086208014,7.78055952086208,-7.5,0.28055952086208014,200
O=C(NC1CCCC1C(=O)N1CCc2ccccc2C1)C1=CC=CS1(C12CC3CC(CC(C3)C1)C2)C12CC3CC(CC(C3)C1)C2,7.9,0.3609014926949979,8.260901492694998,-7.9,0.3609014926949979,200
c1cc(C23CC4CC(CC(C4)C2)C3)c(C2(C34CC5CC(CC(C5)C3)C4)NCCCC2CN2CNC3CCCNC32)cc1C1CCCC1,10.3,0.29472714880824563,10.594727148808246,-10.3,0.29472714880824563,200
C1=CC(C23CC4CC(CC(C4)C2)C3)(C23CC4CC(CC(C4)C2)C3)CC(CN2CCNc3ccccc32)C1,8.3,0.42171694040086444,8.721716940400865,-8.3,0.42171694040086444,200
O=C1CC2C(CCCC2(C2CCC(C34CC5CC(CC(C5)C3)C4)C2C23CC4CC(CC(C4)C2)C3)C2Nc3ccccc3C3C=CCC32)NN1,11.1,0.2825002808868761,11.382500280886875,-11.1,0.2825002808868761,200
O=S(=O)(c1ccccc1)N1CC(C2NC(Cc3ccccc3)NO2)C1(C12CC3CC(CC(C3)C1)C2)C12CC3CC(CC(C3)C1)C2,8.7,0.3670434294833953,9.067043429483395,-8.7,0.3670434294833953,200
O=C(CCS(=O)(=O)C1=CC=CC2NCCC2C1)N1CCCN2NC(c3ccccc3)CC2C1(C12CC3CC(CC(C3)C1)C2)C12CC3CC(CC(C3)C1)C2,8.8,0.30509303801394183,9.105093038013942,-8.8,0.30509303801394183,200
O=C(CC1CCNCC1)N1CCCC1C1NNCN1CC1CCNCC1(C12CC3CC(CC(C3)C1)C2)C12CC3CC(CC(C3)C1)C2,8.8,0.31373291919961716,9.113732919199618,-8.8,0.31373291919961716,200
O=C(c1ccccc1)N1CCN=C1N1CCN(c2ccccc2)CC1(C12CC3CC(CC(C3)C1)C2)C12CC3CC(CC(C3)C1)C2,9.7,0.3640642779647494,10.064064277964748,-9.7,0.3640642779647494,200
O=C(c1ccccc1)N1CCN=C1N1CCN(c2ccccc2)CC1(C1CCC(c2ccccc2)C1C1CCCCC1)C12CC3CC(CC(C3)C1)C2,6.8,0.25808351331875107,7.058083513318751,-6.8,0.25808351331875107,200
C1=CC(c2ccccc2C2CCCCC2c2ccc3c(c2)C2C=CCC2CN3)(C2CCCCC2)CC(CN2CCNc3ccccc32)C1,10.3,0.26341357060034504,10.563413570600346,-10.3,0.26341357060034504,200
C1=CC(C2CCCCC2)(C2C(c3ccc4c(c3)C3C=CCC3CN4)CCC2C2CCCCC2)CC(CN2CCNc3ccccc32)C1,7.7,0.31138749783461966,8.01138749783462,-7.7,0.31138749783461966,200
C1=CCC2(C34CC5CC(CC(C5)C3)C4)CCN(C34CC5CC(CC(C5)C3)C4)C2C1,8.5,0.48039854832139206,8.980398548321393,-8.5,0.48039854832139206,200
O=C(C1CCOC1)N1CCCC(CCCN2CCCO2)C1(C12CC3CC(CC(C3)C1)C2)C12CC3CC(CC(C3)C1)C2,8.3,0.3391656493450831,8.639165649345085,-8.3,0.3391656493450831,200
C1=CC2c3cc(C4CCCC(C5NCCCC5CN5CNC6CCCNC65)C4C4CCCC4C4CCCCC4)ccc3NCC2C1,9.3,0.24578793693819667,9.545787936938197,-9.3,0.24578793693819667,200
O=C(CC1(N2CC=CC2)CCOCC1)NC1NNC(C2CCCCC2)S1(c1cccc(C2CCCC2)c1)c1ccccc1C12CC3CC(CC(C3)C1)C2,6.9,0.22426439978479432,7.124264399784795,-6.9,0.22426439978479432,200
C1=CC(c2ccccc2C2CCCC2c2ccccc2)(C23CC4CC(CC(C4)C2)C3)NC(CN2CCC(CCC3NC(C4CCOCC4)NO3)CC2)C1,8.1,0.213831995798296,8.313831995798296,-8.1,0.213831995798296,200
O=C1CCCC1CCNC(=O)C1NC(c2ccccc2)N2C1CCCCC2(C12CC3CC(CC(C3)C1)C2)C12CC3CC(CC(C3)C1)C2,9.5,0.31868991465626784,9.818689914656268,-9.5,0.31868991465626784,200
O=C(COc1ccccc1)N1CC(C2NCON2)C2(CCOCC2)C1(C12CC3CC(CC(C3)C1)C2)C12CC3CC(CC(C3)C1)C2,7.9,0.4154570246660937,8.315457024666093,-7.9,0.4154570246660937,200
O=C1CCCC1CCNC(=O)C1NC(c2ccccc2)N2C1CCCCC2(C12CC3CC(CC(C3)C1)C2)C12CC3CC(CC(C3)C1)C2,9.5,0.31868991465626784,9.818689914656268,-9.5,0.31868991465626784,200
C1=CC2c3ccccc3NC(C3(C4Nc5ccc(C6CCCCC6C6CCCCC6)cc5C5C=CCC54)C4CNCC3CNC4)C2C1,11.2,0.2563740220617343,11.456374022061734,-11.2,0.2563740220617343,200
C1=CC(c2ccccc2-c2ccc(C3CCCC3)cc2)(C23CC4CC(CC(C4)C2)C3)NC(CN2CCC(CCC3NC(C4CCOCC4)NO3)CC2)C1,7.7,0.21340538849733473,7.913405388497335,-7.7,0.21340538849733473,200
O=C(NC1CCCC1C(=O)N1CCc2ccccc2C1)C1=CC=CS1(C12CC3CC(CC(C3)C1)C2)C12CC3CC(CC(C3)C1)C2,7.9,0.3609014926949979,8.260901492694998,-7.9,0.3609014926949979,200
O=C1NC(=O)C2NCC(=O)C2(N2CCOCC2(C2C(C34CC5CC(CC(C5)C3)C4)CCCC2C23CC4CC(CC(C4)C2)C3)C23CC4CC(CC(C4)C2)C3)N1,10.2,0.2867652563312122,10.48676525633121,-10.2,0.2867652563312122,200
O=C(C1CCOC1)N1CCCC(CCCN2CCCO2)C1(C12CC3CC(CC(C3)C1)C2)C12CC3CC(CC(C3)C1)C2,8.3,0.3391656493450831,8.639165649345085,-8.3,0.3391656493450831,200
