Smiles,CATS_CosineReward,QEDReward,Tanimoto_map4Reward,Reward,CATS_CosineProperty,QEDProperty,Tanimoto_map4Property,Epoch
C=CC=Cc1ccc(-c2ccco2)cc1[SH]1C(NC(=O)CC2(N3CC=CC3)CCOCC2)NNC1C1CCCCC1,-0.0,0.17353065933728157,-0.5492187500000001,-0.3756880906627185,0.8509916037307829,0.17353065933728157,0.974609375,200
C1=CCC2(C3CCOC3)CCN(c3cc(-c4ccccc4-c4ccoc4)no3)C2C1,-0.0,0.5354082305731361,-0.5453125000000001,-0.009904269426863954,0.9451588259799133,0.5354082305731361,0.97265625,200
C=Cc1cccc(-c2ccc(N3CCC(C4C5CNCC4CNC5)C(O)C3)cc2)c1,-0.0,0.7335777043677307,-0.5296875000000001,0.20389020436773064,0.8485950079124561,0.7335777043677307,0.96484375,200
C=Cc1cccc(C2(OC(C)(C)c3ccco3)C=CCC(CN3CCNc4ccccc43)C2)c1,-0.0,0.3913434573089253,-0.5218750000000001,-0.1305315426910748,0.9174083989352287,0.3913434573089253,0.9609375,200
C=Cc1cc(C2CC(N3CNNN3)CC=C2C(=O)NC2=CCC3NC(=O)C4CCCN4C(=O)C3C2)ccc1-c1ccccc1-c1ccoc1,-0.0,0.2563499010482995,-0.5570312500000001,-0.30068134895170057,0.9309651200511855,0.2563499010482995,0.978515625,200
O=C(COc1ccccc1)N1CC(C2NCON2)C2(CCOCC2)C1(C=Cc1ccccc1)C=Cc1ccccc1,-0.17875895673684727,0.4153858309976104,-0.5218750000000001,-0.28524812573923697,0.7106205216315764,0.4153858309976104,0.9609375,200
C=Cc1cccc(-c2ccccc2C2(c3ccccc3)CC(N3CNNN3)CC=C2C(=O)NC2=CCC3NC(=O)C4CCCN4C(=O)C3C2)c1,-0.0,0.2578081819855816,-0.5414062500000001,-0.2835980680144185,0.8896459957877512,0.2578081819855816,0.970703125,200
C=Cc1ccccc1-c1ccccc1C1(C=C)CC(N2CNNN2)CC=C1C(=O)NC1=CCC2NC(=O)C3CCCN3C(=O)C2C1,-0.0,0.30244481960214253,-0.5394531250000001,-0.23700830539785755,0.8064871621426418,0.30244481960214253,0.9697265625,200
C=Cc1ccc(C=C)c(S2(C=C)C=CC=C2C(=O)NC2CCCC2C(=O)N2CCc3ccccc3C2)c1,-0.012418827624704143,0.45854972495196755,-0.5355468750000001,-0.08941597767273668,0.793790586187648,0.45854972495196755,0.9677734375,200
C=Cc1ccccc1C1(C2CCN(C=C)CC2)C=CCC(CN2CCNc3ccccc32)C1,-0.0,0.5313368625480236,-0.4964843750000001,0.0348524875480235,0.810198322165288,0.5313368625480236,0.9482421875,200
C=Cc1nc(C2(C=CC3CCNCC3)CN(c3ccccc3)CCN2C2=NCCN2C(=O)c2ccccc2)cs1,-0.0,0.44230111168917946,-0.5335937500000001,-0.09129263831082063,0.8808173360151476,0.44230111168917946,0.966796875,200
C=CC=CC1(c2cccc(C=C)c2)N(C(=O)COc2ccccc2)CC(C2NCON2)C12CCOCC2,-0.0,0.532939457345226,-0.5238281250000001,0.009111332345225875,0.8174512237714281,0.532939457345226,0.9619140625,200
C=CN1CCCC(S2(c3ccccc3-c3ccco3)C=CC=C2C(=O)NC2CCCC2C(=O)N2CCc3ccccc3C2)C1,-0.0,0.3142494608151716,-0.5277343750000001,-0.2134849141848285,0.8994618174145462,0.3142494608151716,0.9638671875,200
C=Cc1ccc(C2(C=Cc3ccccc3)CCCCC3C(C(=O)NCCC4CCCC4=O)NC(c4ccccc4)N32)cc1,-0.0,0.28860857753491215,-0.5316406250000001,-0.24303204746508794,0.9367958807550515,0.28860857753491215,0.9658203125,200
C=CN1CCC(C=Cc2cccc(C3C4CC(c5ccccc5)NN4CCCN3C(=O)CCS(=O)(=O)C3=CC=CC4NCCC4C3)c2)CC1,-0.0,0.3476319913973647,-0.5218750000000001,-0.17424300860263536,0.832114015915687,0.3476319913973647,0.9609375,200
C=CC=Cc1cc(C23CC=CCC2N(c2ccc4c(c2)OCO4)CC3)co1,-0.0,0.5621916238488851,-0.5492187500000001,0.012972873848885014,0.8356941914051599,0.5621916238488851,0.974609375,200
C=Cc1cc(C2(c3ccco3)CN(C3CNC(N4CCNCC4)NC3)CCC2C(=O)NCC2CCCO2)ccc1-c1ccccc1,-0.0,0.28860991159702737,-0.5394531250000001,-0.2508432134029727,0.9140105897261411,0.28860991159702737,0.9697265625,200
C=CN1CCCC(c2cc(C3(C=C)C=CCC(CN4CCNc5ccccc54)C3)co2)C1,-0.0,0.577336556238583,-0.4847656250000001,0.09257093123858295,0.8130104947614536,0.577336556238583,0.9423828125,200
C=Cc1ccc(-c2ccco2)cc1C1(C=C)C2CC(c3ccccc3)NN2CCCN1C(=O)CCS(=O)(=O)C1=CC=CC2NCCC2C1,-0.0,0.26522948357730086,-0.5433593750000001,-0.2781298914226992,0.9335258484639841,0.26522948357730086,0.9716796875,200
C=Cc1ccc(C=C)c(C2(c3ccccc3)C=CCC(CN3CCC(CCC4NC(C5CCOCC5)NO4)CC3)N2)c1,-0.0,0.31379176514683144,-0.5335937500000001,-0.21980198485316865,0.9294218452102961,0.31379176514683144,0.966796875,200
C=CC1(c2cccc(-c3ccc(C4CCNCC4)cc3)c2)C2CNCC1CNC2,-0.0,0.7006031167856249,-0.5394531250000001,0.16114999178562484,0.8914148328371664,0.7006031167856249,0.9697265625,200
C=CC=CC1(C2CCCC2C=C)CN(c2ccccc2)CCN1C1=NCCN1C(=O)c1ccccc1,-0.01874942911610966,0.4103045835022239,-0.5023437500000001,-0.11078859561388588,0.7906252854419452,0.4103045835022239,0.951171875,200
C=Cc1ccc(N2CCCC(C3(C=C)CN(c4ccccc4)CCN3C3=NCCN3C(=O)c3ccccc3)C2)cc1,-0.0,0.3671324049878201,-0.4828125000000001,-0.11568009501217996,0.8189294382471414,0.3671324049878201,0.94140625,200
C=Cc1ccccc1C1(N2CCCC(c3ccccc3)C2)CCCC12C(C(=O)NCC1CCCN1)c1ccccc1C(=O)N2C1C=CC=CC1,-0.0,0.26465190120187015,-0.5082031250000001,-0.24355122379812993,0.8210729125988466,0.26465190120187015,0.9541015625,200
C=Cc1ccc(-c2coc(N3CCC(C4CCCCN5C(=O)N(CC6CC6)NC45)CC3)c2)cc1,-0.0,0.6110475092647353,-0.5277343750000001,0.08331313426473519,0.8439455642120921,0.6110475092647353,0.9638671875,200
C=Cc1ccc(N2CCCC(N3CCC4(c5ccco5)CC=CCC34)C2)cc1,-0.24363559080664943,0.6812719275147391,-0.4203125000000001,0.01732383670808957,0.6781822045966753,0.6812719275147391,0.91015625,200
C=Cc1ccc(C2(C=C)C=CCC(CN3CCC(CCC4NC(C5CCOCC5)NO4)CC3)N2)c(-c2ccccc2)c1,-0.0,0.3062601390347045,-0.5277343750000001,-0.22147423596529558,0.904844485617143,0.3062601390347045,0.9638671875,200
C=CC1(C=Cc2coc(-c3ccccc3)c2)N(C(=O)COc2ccccc2)CC(C2NCON2)C12CCOCC2,-0.0,0.4025525874244473,-0.5433593750000001,-0.14080678757555282,0.8327981929147918,0.4025525874244473,0.9716796875,200
C=CC1(C=Cc2cc(-c3ccco3)on2)C=CCC(C2=CCC(N3CCOCC3)NN2)C1,-0.0,0.6623766090844445,-0.5687500000000001,0.09362660908444442,0.8317833785455794,0.6623766090844445,0.984375,200
C=Cc1ccc(-c2cc(C3C=CCC(CN4CCC(CCC5NC(C6CCOCC6)NO5)CC4)N3)co2)c(-c2ccccc2)c1,-0.0,0.21616514665579842,-0.5316406250000001,-0.31547547834420164,0.9606131043700524,0.21616514665579842,0.9658203125,200
C=Cc1cc(C=CC2(C=C)NCCC3C(=O)NC(c4ccccc4)NC32)co1,-0.10501061362769248,0.702081188448214,-0.5667968750000001,0.030273699820521416,0.7474946931861538,0.702081188448214,0.9833984375,200
C=Cc1ccc(C2(c3nnco3)CC2CN2CCNC2CCC2CCCN2C(=O)CCN2CCCN2)cc1-c1ccccc1,-0.0,0.32078161724812715,-0.5082031250000001,-0.18742150775187294,0.943109640019659,0.32078161724812715,0.9541015625,200
C=Cc1coc(-c2ccc(C3(c4ccco4)CC3CN3CCNC3CCC3CCCN3C(=O)CCN3CCCN3)cc2)c1,-0.0,0.3076212208511364,-0.5238281250000001,-0.21620690414886368,0.933934156722724,0.3076212208511364,0.9619140625,200
C=Cc1coc(-c2cc(C3(c4ccccc4)CC(OC4NOC(C5CNCCN5)N4)CCN3C(=O)C3CCOC3)co2)c1,-0.0,0.31210042175716207,-0.5277343750000001,-0.21563395324283802,0.9053131996507032,0.31210042175716207,0.9638671875,200
O=C(CC1(N2CC=CC2)CCOCC1)NC1NNC(C2CCCCC2)[SH]1C1CCN(c2ccc(-c3ccccc3)cc2)CC1c1ccccc1,-0.0,0.14393742627761813,-0.5199218750000001,-0.37598444872238196,0.93792957618378,0.14393742627761813,0.9599609375,200
C=Cc1ccc(-c2ccc(C3COCCN3C34NC(=O)NC(=O)C3NCC4=O)cc2C=C)cc1,-0.0,0.634683202839485,-0.5453125000000001,0.0893707028394849,0.8571712010619622,0.634683202839485,0.97265625,200
C=Cc1ccccc1C1CCN(C2CSCCN2C(=O)CCNC2C(c3ccccc3)NC3CNCCN32)CC1C=C,-0.11345822432232633,0.3876006455257345,-0.5414062500000001,-0.26726382879659194,0.7432708878388369,0.3876006455257345,0.970703125,200
C=Cc1coc(C2(C=Cc3ccccc3)C3CNCC2CNC3)c1,-0.0,0.9073703774725774,-0.5433593750000001,0.36401100247257734,0.8445063445192024,0.9073703774725774,0.9716796875,200
O=C(CC1CCNCC1)N1CCCC1C1NNCN1CC1CCNCC1c1ccc(C=Cc2ccc(-c3ccccc3)cc2)cc1,-0.0,0.24453840787919906,-0.5082031250000001,-0.26366471712080103,0.9456585585838115,0.24453840787919906,0.9541015625,200
C=Cc1ccc(C=CC2CCCNC2)cc1C1C(CC2NCNN2)CN1C(=O)Nc1ccccc1,-0.00426090664936174,0.42217462358819285,-0.4886718750000001,-0.07075815806116897,0.7978695466753192,0.42217462358819285,0.9443359375,200
C=Cc1cc(C2(c3ccccc3C=C)CCCN2C(=O)C2CNN(C3CC(c4ncno4)CCN3)C2)co1,-0.0,0.49200512368323285,-0.5492187500000001,-0.05721362631676724,0.8673919083554512,0.49200512368323285,0.974609375,200
C=Cc1cc(-c2cccc(C3(C=C)CCCC4NNC(=O)CC43)c2)co1,-0.0,0.8141093066811355,-0.5472656250000001,0.26684368168113537,0.8939928240881838,0.8141093066811355,0.9736328125,200
C=Cc1cccc(C2(C=Cc3ccccc3)C=CCC(C3=CCC(N4CCOCC4)NN3)C2)c1,-0.0,0.5831685071610286,-0.5199218750000001,0.06324663216102855,0.8755776905680511,0.5831685071610286,0.9599609375,200
C=CN(S1(c2ccccc2)C=CC=C1C(=O)NC1CCCC1C(=O)N1CCc2ccccc2C1)S(=O)(=O)C=C,-0.04767284948117578,0.4917412587620631,-0.5355468750000001,-0.09147846571911278,0.7761635752594122,0.4917412587620631,0.9677734375,200
C=CC=Cc1ccc(C2(c3ccccc3)C=CCC(CN3CCC(CCC4NC(C5CCOCC5)NO4)CC3)N2)cc1,-0.0,0.2510126842661236,-0.5355468750000001,-0.2845341907338765,0.9294218452102961,0.2510126842661236,0.9677734375,200
C=Cc1ccccc1-c1ccc(S2(N(C)C)C=CC=C2C(=O)NC2CCCC2C(=O)N2CCc3ccccc3C2)cc1,-0.0,0.3318075562260363,-0.5355468750000001,-0.20373931877396378,0.9094871882384468,0.3318075562260363,0.9677734375,200
C=Cc1ccc(C2(c3coc(C=C)c3)NCCCC2CN2CNC3CCCNC32)cc1,-0.0,0.6671447459743801,-0.5355468750000001,0.13159787097438003,0.8842906565251546,0.6671447459743801,0.9677734375,200
C=Cc1ccc(-c2cccc(C3(C=C)NCCCC3CN3CNC4CCCNC43)c2)cc1,-0.0,0.5995315224044201,-0.5316406250000001,0.06789089740442,0.9222177564208653,0.5995315224044201,0.9658203125,200
C=Cc1ccc(-c2ccc(C3C(NC(=O)CCC4CCCCC4)CCN3C3CC(N4CCOCC4)CNN3)c(C=C)c2)cc1,-0.0,0.3239093727367755,-0.5082031250000001,-0.1842937522632246,0.9085284103061919,0.3239093727367755,0.9541015625,200
C=Cc1ccccc1-c1cc(C2CC2CN2CCNC2CCC2CCCN2C(=O)CCN2CCCN2)ccc1C1CCCNC1,-0.0,0.3084392702753847,-0.5160156250000001,-0.2075763547246154,0.9114528098748333,0.3084392702753847,0.9580078125,200
C=Cc1nnc(C2(C=Cc3ccoc3)C=CCC(CN3CCNc4ccccc43)C2)o1,-0.0,0.5624720978285129,-0.5511718750000001,0.01130022282851284,0.9064796075632665,0.5624720978285129,0.9755859375,200
C=Cc1cc(C2(C=C)C=CCC(C3=CCC(N4CCOCC4)NN3)C2)ccc1-c1ccc2c(c1)OCO2,-0.0,0.5383214389524815,-0.5316406250000001,0.006680813952481435,0.9241913789180285,0.5383214389524815,0.9658203125,200
C=Cc1cccc(-c2ccccc2C=C[SH]2C(NC(=O)CC3(N4CC=CC4)CCOCC3)NNC2C2CCCCC2)c1,-0.0,0.20842550367796991,-0.5316406250000001,-0.3232151213220302,0.853644444226523,0.20842550367796991,0.9658203125,200
C=CC=CS1(c2cccc(N3CCCCC3)c2)C=CC=C1C(=O)NC1CCCC1C(=O)N1CCc2ccccc2C1,-0.02082260616830034,0.37368957163744715,-0.5238281250000001,-0.17096115953085328,0.7895886969158499,0.37368957163744715,0.9619140625,200
C=Cc1cccc(C2(c3cccc(C=C)c3)COCCN2C23NC(=O)NC(=O)C2NCC3=O)c1,-0.0,0.6299478352320934,-0.5472656250000001,0.08268221023209332,0.8330443238103147,0.6299478352320934,0.9736328125,200
C=CS1(C=Cc2coc(-c3ccccc3)c2)C(NC(=O)CC2(N3CC=CC3)CCOCC2)NNC1C1CCCCC1,-0.0,0.31374013381764,-0.5394531250000001,-0.2257129911823601,0.8674990542005573,0.31374013381764,0.9697265625,200
C=CN1CCCC(c2ccc(C3(C=C)C=CCC(CN4CCNc5ccccc54)C3)cc2)C1,-0.0,0.5305526196143479,-0.4652343750000001,0.06531824461434776,0.8096322639942547,0.5305526196143479,0.9326171875,200
C=Cc1ccc(N2CCC(c3ccccc3)CC2)c(C2C=CCC(C3NCCN4CCNC34)C2)c1,-0.0,0.6070520983940872,-0.4925781250000001,0.11447397339408716,0.8612324189282728,0.6070520983940872,0.9462890625,200
C=Cc1ccccc1-c1cc(C2(C=C)CCCN2C(=O)C2CNN(C3CC(c4ncno4)CCN3)C2)on1,-0.0,0.45776713893568455,-0.5394531250000001,-0.08168598606431554,0.8614762400380699,0.45776713893568455,0.9697265625,200
C1=CC(c2ccccc2-c2ccccc2C2CCCN(c3ccoc3)C2)NC(CN2CCC(CCC3NC(C4CCOCC4)NO3)CC2)C1,-0.0,0.2004578701050005,-0.5042968750000001,-0.3038390048949996,0.9512100473954304,0.2004578701050005,0.9521484375,200
C=Cc1ccc(-c2ccccc2C2(C=C)CC(N3CNNN3)CC=C2C(=O)NC2=CCC3NC(=O)C4CCCN4C(=O)C3C2)cc1,-0.0,0.30244481960214253,-0.5414062500000001,-0.23896143039785755,0.8064871621426418,0.30244481960214253,0.970703125,200
C=CC1(C=Cc2cc(C3CCCNC3)co2)C(CC2NCNN2)CN1C(=O)Nc1ccccc1,-0.18184289694589606,0.40592423823632606,-0.5238281250000001,-0.2997467837095701,0.709078551527052,0.40592423823632606,0.9619140625,200
C=Cc1cc(C=CC2(COC)C(C3NC(Cc4ccccc4)NO3)CN2S(=O)(=O)c2ccccc2)co1,-0.02470034776285579,0.42066136717492597,-0.5414062500000001,-0.1454452305879299,0.7876498261185721,0.42066136717492597,0.970703125,200
C=Cc1cc(-c2ccc(C3(C=C)CN(C4CCCCN4)CCN3C(=O)CC3COc4ccccc4NC3=O)cc2)co1,-0.0,0.380070035387999,-0.5199218750000001,-0.1398518396120011,0.8790748279203139,0.380070035387999,0.9599609375,200
C=Cc1cc(C2(C=Cc3ccccc3)C(NC(=O)CCC3CCCCC3)CCN2C2CC(N3CCOCC3)CNN2)co1,-0.0,0.36464666574821336,-0.5042968750000001,-0.13965020925178673,0.8356907953925979,0.36464666574821336,0.9521484375,200
C=CNNC=CC1(c2ccccc2)N(C(=O)COc2ccccc2)CC(C2NCON2)C12CCOCC2,-0.1239140156573606,0.3048882347624064,-0.5335937500000001,-0.3526195308949543,0.7380429921713197,0.3048882347624064,0.966796875,200
C=Cc1ccc(C=C)c(C2(C=C)N(C(=O)COc3ccccc3)CC(C3NCON3)C23CCOCC3)c1,-0.0,0.5311068226053999,-0.5238281250000001,0.0072786976053997865,0.8174512237714281,0.5311068226053999,0.9619140625,200
C=Cc1coc(C2(c3cccc(OC)c3)C3CNCC2CNC3)c1,-0.0,0.9075870348723974,-0.5277343750000001,0.37985265987239736,0.8037910273014649,0.9075870348723974,0.9638671875,200
C=CC1CN(C2(c3ccccc3)CN(c3ccccc3)CCN2C2=NCCN2C(=O)c2ccccc2)CCC1c1ccccc1,-0.0,0.23997192576863613,-0.4847656250000001,-0.24479369923136396,0.859589102851196,0.23997192576863613,0.9423828125,200
C=Cc1ccc(C=C)c(C2(C=C)C(C3NC(Cc4ccccc4)NO3)CN2S(=O)(=O)c2ccccc2)c1,-0.0,0.4063314421474786,-0.5277343750000001,-0.12140293285252146,0.8560150421073263,0.4063314421474786,0.9638671875,200
C=Cc1ccc(C2(C=Cc3ccccc3)NCCCC2CN2CNC3CCCNC32)cc1,-0.0,0.6455642769508357,-0.5218750000000001,0.12368927695083565,0.9036598242084007,0.6455642769508357,0.9609375,200
O=C(C1CCOC1)N1CCC(OC2NOC(C3CNCCN3)N2)CC1(C=Cc1ccco1)c1ccccc1-c1ccco1,-0.0,0.3121045941076319,-0.5472656250000001,-0.23516103089236817,0.8663492218554193,0.3121045941076319,0.9736328125,200
C=Cc1ccc(C2(Cl)C(C3NC(Cc4ccccc4)NO3)CN2S(=O)(=O)c2ccccc2)c(C=C)c1,-0.0,0.331861897906186,-0.5375000000000001,-0.2056381020938141,0.8585387298953412,0.331861897906186,0.96875,200
C=CCOC1(c2coc(-c3nnc(N4CCCCC4)o3)c2)C=CCC(CN2CCNc3ccccc32)C1,-0.0,0.3987955575774957,-0.5316406250000001,-0.1328450674225044,0.8894103192722925,0.3987955575774957,0.9658203125,200
O=C(CCN1CCCN1)N1CCCC1CCC1NCCN1CC1CC1c1cc(-c2ccccc2C2CCCN(c3ccccc3)C2)co1,-0.0,0.24803510165928802,-0.4847656250000001,-0.23673052334071207,0.9340050186361455,0.24803510165928802,0.9423828125,200
C=CC=Cc1ccc(-c2ccc(C3C=CCC(C4=CCC(N5CCOCC5)NN4)C3)cc2)cc1,-0.0,0.43821629090958913,-0.5414062500000001,-0.10318995909041095,0.8935535596176384,0.43821629090958913,0.970703125,200
C=CC1=CC(C(=O)[O-])CC1C1(c2ccccc2-c2ccccc2)C=CCC(N2CCCC2)C1,-0.0,0.6024656103230284,-0.5257812500000001,0.07668436032302828,0.8754705951940082,0.6024656103230284,0.962890625,200
C=CC1(c2cc(-c3ccc(-c4ccco4)cc3)co2)CC(N2CNNN2)CC=C1C(=O)NC1=CCC2NC(=O)C3CCCN3C(=O)C2C1,-0.0,0.24345635033031163,-0.5492187500000001,-0.30576239966968843,0.9210828010623691,0.24345635033031163,0.974609375,200
C=Cc1cc(C=CC2(c3ccccc3)NCCCC2CN2CNC3CCCNC32)co1,-0.0,0.6667751043066328,-0.5316406250000001,0.1351344793066327,0.8892052332154479,0.6667751043066328,0.9658203125,200
C=Cc1ccc(N2CCCC(C3N(C(=O)COc4ccccc4)CC(C4NCON4)C34CCOCC4)C2)c(C=C)c1,-0.2606934826914833,0.5005534699989278,-0.5257812500000001,-0.2859212626925556,0.6696532586542584,0.5005534699989278,0.962890625,200
C=Cc1ccc(-c2cc(C=C)ccc2C2C=CCC(C3=CCC(N4CCOCC4)NN3)C2)cc1,-0.0,0.5479055548326354,-0.5296875000000001,0.018218054832635278,0.8909291871075884,0.5479055548326354,0.96484375,200
C=CC1(C=CC=Cc2ccoc2)C(C2NC(Cc3ccccc3)NO2)CN1S(=O)(=O)c1ccccc1,-0.10304634045173122,0.33777569224743254,-0.5531250000000001,-0.3183956482042988,0.7484768297741344,0.33777569224743254,0.9765625,200
C=CC=CC1(c2coc(-c3ccccc3)c2)CC(N2CNNN2)CC=C1C(=O)NC1=CCC2NC(=O)C3CCCN3C(=O)C2C1,-0.0,0.3032185960880512,-0.5531250000000001,-0.2499064039119489,0.806710803691384,0.3032185960880512,0.9765625,200
C=CC1(c2ccccc2C=Cc2ccccc2)C=CCC(CN2CCC(CCC3NC(C4CCOCC4)NO3)CC2)N1,-0.0,0.24695834850216727,-0.5160156250000001,-0.26905727649783284,0.923450108136749,0.24695834850216727,0.9580078125,200
C=CC1CN(C=CC2CCCNC2)CCC1C1CN(c2ccccc2)CCN1C1=NCCN1C(=O)c1ccccc1,-0.07319410656890568,0.541180554258713,-0.4671875000000001,0.0007989476898072612,0.7634029467155472,0.541180554258713,0.93359375,200
C=Cc1ccc(-c2ccccc2C2(c3ccoc3)CC(N3CNNN3)CC=C2C(=O)NC2=CCC3NC(=O)C4CCCN4C(=O)C3C2)cc1,-0.0,0.2600825418067478,-0.5472656250000001,-0.2871830831932523,0.8840123992595877,0.2600825418067478,0.9736328125,200
C=Cc1ccccc1-c1cc(C2(C=C)C3CC(c4ccccc4)NN3CCCN2C(=O)CCS(=O)(=O)C2=CC=CC3NCCC3C2)co1,-0.0,0.26522948357730086,-0.5453125000000001,-0.2800830164226992,0.9291085212552633,0.26522948357730086,0.97265625,200
C=Cc1cc(-c2cc(C3(c4ccccc4)CC3CN3CCNC3CCC3CCCN3C(=O)CCN3CCCN3)co2)co1,-0.0,0.3076212208511364,-0.5062500000000001,-0.19862877914886368,0.9369946405071115,0.3076212208511364,0.953125,200
C=Cc1coc(-c2cc(C3CNCCC3CN3CNNC3C3CCCN3C(=O)CC3CCNCC3)ccc2C=C)c1,-0.0,0.370351630099138,-0.5218750000000001,-0.15152336990086207,0.8649556602272371,0.370351630099138,0.9609375,200
C=Cc1ccc(C2(c3ccccc3)CC(OC3NOC(C4CNCCN4)N3)CCN2C(=O)C2CCOC2)c(C=C)c1,-0.0,0.39220743532254637,-0.5316406250000001,-0.13943318967745372,0.8421545506833408,0.39220743532254637,0.9658203125,200
C(=CN1CCC(C2C3CNCC2CNC3)CC1)c1cccc(-c2ccco2)c1,-0.0,0.8527040361698103,-0.5238281250000001,0.3288759111698102,0.8085313000734761,0.8527040361698103,0.9619140625,200
C=Cc1ccc(C2(c3ccccc3C=C)CNCCC2CN2CNNC2C2CCCN2C(=O)CC2CCNCC2)cc1,-0.0,0.3675227954055018,-0.4906250000000001,-0.12310220459449828,0.8772000682298142,0.3675227954055018,0.9453125,200
C=Cc1cccc(C2(c3ccc(-c4ccccc4)cc3)CNCCC2CN2CNNC2C2CCCN2C(=O)CC2CCNCC2)c1,-0.0,0.2717932636326688,-0.4847656250000001,-0.21297236136733128,0.9418139671443928,0.2717932636326688,0.9423828125,200
C=Cc1ccccc1-c1ccc(C=CC2COCCN2C23NC(=O)NC(=O)C2NCC3=O)cc1,-0.0,0.6319158288456121,-0.5316406250000001,0.10027520384561206,0.8227755379229799,0.6319158288456121,0.9658203125,200
C=CC=Cc1coc(-c2cc(C3C=CCC(C4=CCC(N5CCOCC5)NN4)C3)co2)c1,-0.0,0.5026735380853008,-0.5433593750000001,-0.04068583691469929,0.8520958232111575,0.5026735380853008,0.9716796875,200
C=Cc1ccc(C=C)c(C2(c3ccccc3[N+](=O)[O-])C3CNCC2CNC3)c1,-0.0,0.6188882872451617,-0.5511718750000001,0.06771641224516156,0.829321098574922,0.6188882872451617,0.9755859375,200
C=Cc1ccc(-c2cccc(C3COCCN3C34NC(=O)NC(=O)C3NCC4=O)c2)cc1C1CCNCC1,-0.0,0.4814671773752142,-0.5316406250000001,-0.05017344762478587,0.8122282522729904,0.4814671773752142,0.9658203125,200
C=Cc1ccc(C2(C=C)N(C(=O)COc3ccccc3)CC(C3NCON3)C23CCOCC3)cc1C=C,-0.0,0.5311068226053999,-0.5277343750000001,0.0033724476053997865,0.8174512237714281,0.5311068226053999,0.9638671875,200
O=C(CC1CCNCC1)N1CCCC1C1NNCN1CC1CCNCC1(c1ccc(-c2ccccc2)cc1-c1ccccc1)C1CCCNC1,-0.0,0.21995937779960426,-0.4945312500000001,-0.2745718722003958,0.9275352108011421,0.21995937779960426,0.947265625,200
C=CC1(C(=S)c2ccc(-c3ccccc3)cc2)CCCC2NNC(=O)CC21,-0.0,0.4709271551285213,-0.5394531250000001,-0.0685259698714788,0.9113731773005954,0.4709271551285213,0.9697265625,200
C=Cc1cccc(S2(C3CCN(C=C)CC3)C=CC=C2C(=O)NC2CCCC2C(=O)N2CCc3ccccc3C2)c1,-0.0,0.42239724593871714,-0.5316406250000001,-0.10924337906128295,0.8081426632952741,0.42239724593871714,0.9658203125,200
C=CCN(C)C1(c2cc(-c3nnco3)ccn2)C=CCC(CN2CCNc3ccccc32)C1,-0.0,0.5458347919281977,-0.5453125000000001,0.0005222919281976379,0.906255533091199,0.5458347919281977,0.97265625,200
C=Cc1ccc(N2CCCC(c3ccccc3)C2)c(C2C=CCC(CN3CCNc4ccccc43)C2)c1,-0.0,0.3580267904295768,-0.4652343750000001,-0.10720758457042329,0.9263855142624942,0.3580267904295768,0.9326171875,200
C=CC1(c2cccc(-c3coc(-c4ccccc4)c3)c2)CNCCC1CN1CNNC1C1CCCN1C(=O)CC1CCNCC1,-0.0,0.2618294095611726,-0.5179687500000001,-0.25613934043882747,0.9491804170607862,0.2618294095611726,0.958984375,200
O=C(NCC1CCCO1)C1CCN(C2CNC(N3CCNCC3)NC2)CC1(C=Cc1ccoc1)c1coc(-c2ccco2)c1,-0.0,0.29002954108254164,-0.5355468750000001,-0.24551733391745845,0.8511236096437393,0.29002954108254164,0.9677734375,200
O=C(CCN1CCCN1)N1CCCC1CCC1NCCN1CC1CC1(c1ccc(C2CCCN(c3ccccc3)C2)cc1)c1ccco1,-0.0,0.26577942757773215,-0.4632812500000001,-0.19750182242226794,0.9420802414906455,0.26577942757773215,0.931640625,200
C#Cc1ccc(C2C(CCCN3CCCO3)CCCN2C(=O)C2CCOC2)c(C(c2ccccc2)C(C)C)c1,-0.0,0.3641538699856215,-0.4945312500000001,-0.1303773800143786,0.8705458408621688,0.3641538699856215,0.947265625,200
C=Cc1ccccc1C1(N2CCCC(C=C)C2)N(C(=O)COc2ccccc2)CC(C2NCON2)C12CCOCC2,-0.0,0.47237608585860735,-0.5160156250000001,-0.043639539141392736,0.8036718956535024,0.47237608585860735,0.9580078125,200
C=Cc1ccc(C2(c3cccc(C=C)c3)CNCCC2CN2CNNC2C2CCCN2C(=O)CC2CCNCC2)cc1,-0.0,0.3675227954055018,-0.4925781250000001,-0.12505532959449828,0.8772000682298142,0.3675227954055018,0.9462890625,200
C=Cc1cc(C2CCN(c3ccccc3)CC2)ccc1C1N(C(=O)COc2ccccc2)CC(C2NCON2)C12CCOCC2,-0.0,0.3501217668175653,-0.5082031250000001,-0.1580813581824348,0.8469559995438831,0.3501217668175653,0.9541015625,200
C=Cc1ccc(C2(C3CCN(c4ccco4)CC3)CCCC23C(C(=O)NCC2CCCN2)c2ccccc2C(=O)N3C2C=CC=CC2)cc1,-0.0,0.27341904690449365,-0.5121093750000001,-0.23869032809550644,0.9047666079578406,0.27341904690449365,0.9560546875,200
C=Cc1ccc(-c2ccccc2)cc1C1(C=C)C(NC(=O)CCC2CCCCC2)CCN1C1CC(N2CCOCC2)CNN1,-0.0,0.31659559670308773,-0.5042968750000001,-0.18770127829691235,0.8950050812590188,0.31659559670308773,0.9521484375,200
C=Cc1ccc(-c2ccccc2C2(C=C)CC2CN2CCNC2CCC2CCCN2C(=O)CCN2CCCN2)cc1,-0.0,0.36079278801973114,-0.5003906250000001,-0.13959783698026895,0.8795235097942415,0.36079278801973114,0.9501953125,200
c1csc(-c2ccc(C3(c4ccc(C5CCCNC5)cc4)C4CNCC3CNC4)cc2)c1,-0.0,0.551245990532862,-0.5062500000000001,0.04499599053286196,0.9112571168911893,0.551245990532862,0.953125,200
C=CC=CC1(c2ccccc2-c2ccccc2)C=CCC(C2NCCN3CCNC23)C1,-0.0,0.5602266576711741,-0.5433593750000001,0.01686728267117399,0.8890278315974866,0.5602266576711741,0.9716796875,200
C=CC1CNCCC1c1ccccc1S1(C=C)C=CC=C1C(=O)NC1CCCC1C(=O)N1CCc2ccccc2C1,-0.05870117115051521,0.3945438639647183,-0.5375000000000001,-0.201657307185797,0.7706494144247424,0.3945438639647183,0.96875,200
C=Cc1nnc(C2(c3ccccc3C=C)NCCCC2CN2CNC3CCCNC32)o1,-0.0,0.6628268099985267,-0.5375000000000001,0.12532680999852663,0.8553926417080702,0.6628268099985267,0.96875,200
C=Cc1ccc(-c2ccccc2)cc1S1(C=C)C(NC(=O)CC2(N3CC=CC3)CCOCC2)NNC1C1CCCCC1,-0.0,0.2918147299610132,-0.5238281250000001,-0.23201339503898688,0.9099752333657316,0.2918147299610132,0.9619140625,200
C=CC=Cc1cccc(C2(c3ccoc3)CCCCN3C(=O)N(CC4CC4)NC32)c1,-0.0,0.6961567390539165,-0.5257812500000001,0.17037548905391642,0.9147892230328314,0.6961567390539165,0.962890625,200
C=Cc1cc(C=Cc2ccccc2)ccc1C1CCCCN2C(=O)N(CC3CC3)NC12,-0.0,0.6125550103277743,-0.4925781250000001,0.11997688532777417,0.9422468306026864,0.6125550103277743,0.9462890625,200
C=CC=Cc1ncc(C2(C=C)C(C3NC(Cc4ccccc4)NO3)CN2S(=O)(=O)c2ccccc2)cn1,-0.0,0.33310557335696195,-0.5589843750000001,-0.22587880164303814,0.8432625502934985,0.33310557335696195,0.9794921875,200
O=C1CC2C(CCCC2(C=Cc2ccccc2)C=Cc2ccoc2)NN1,-0.15378817340101825,0.8711547646488466,-0.5531250000000001,0.16424159124782822,0.7231059132994909,0.8711547646488466,0.9765625,200
C=Cc1coc(-c2cc(C3(c4ccccc4)CC3CN3CCNC3CCC3CCCN3C(=O)CCN3CCCN3)co2)c1,-0.0,0.3076212208511364,-0.5003906250000001,-0.19276940414886368,0.9369946405071115,0.3076212208511364,0.9501953125,200
C=Cc1ccccc1C1(c2cccc(-c3ccco3)c2)CN(C2CNC(N3CCNCC3)NC2)CCC1C(=O)NCC1CCCO1,-0.0,0.28860991159702737,-0.5296875000000001,-0.24107758840297272,0.9132656738870218,0.28860991159702737,0.96484375,200
C=Cc1cc(-c2ccccc2C2(C=C)C3CC(c4ccccc4)NN3CCCN2C(=O)CCS(=O)(=O)C2=CC=CC3NCCC3C2)co1,-0.0,0.26522948357730086,-0.5492187500000001,-0.2839892664226992,0.9256687416945177,0.26522948357730086,0.974609375,200
C=Cc1cccc(C2(C3CCCN(C=C)C3)N(C(=O)COc3ccccc3)CC(C3NCON3)C23CCOCC3)c1,-0.0063548332284162345,0.5049664377980756,-0.5140625000000001,-0.015450895430340728,0.7968225833857919,0.5049664377980756,0.95703125,200
C=CC=CC1(c2coc(C=C)c2)C(C2NC(Cc3ccccc3)NO2)CN1S(=O)(=O)c1ccccc1,-0.0,0.4260718637658966,-0.5550781250000001,-0.12900626123410347,0.8483012784430015,0.4260718637658966,0.9775390625,200
C=CC=Cc1ccccc1-c1ccc(C2NCCCC2CN2CNC3CCCNC32)cc1,-0.0,0.5911953202863904,-0.5257812500000001,0.06541407028639035,0.9198299750319228,0.5911953202863904,0.962890625,200
C=CC=Cc1ccc(C2(C=C)CCCC23C(C(=O)NCC2CCCN2)c2ccccc2C(=O)N3C2C=CC=CC2)cc1,-0.0029254989285090183,0.2980373479692326,-0.5218750000000001,-0.22676315095927652,0.7985372505357455,0.2980373479692326,0.9609375,200
C=Cc1ccc(C2(c3ccccc3C=C)COCCN2C23NC(=O)NC(=O)C2NCC3=O)cc1,-0.0,0.6299478352320937,-0.5453125000000001,0.08463533523209366,0.8330443238103147,0.6299478352320937,0.97265625,200
C=CN1CCCC(S2(C=Cc3ccccc3)C=CC=C2C(=O)NC2CCCC2C(=O)N2CCc3ccccc3C2)C1,-0.04225544125267122,0.4242507217364357,-0.5062500000000001,-0.12425471951623562,0.7788722793736644,0.4242507217364357,0.953125,200
O=C(COc1ccccc1)N1CC(C2NCON2)C2(CCOCC2)C1(C=CC=Cc1ccccc1)c1ccco1,-0.007915015871081899,0.4068005298183083,-0.5257812500000001,-0.1268957360527737,0.7960424920644591,0.4068005298183083,0.962890625,200
C=CC=CC1(c2cc(C=C)co2)CSCCN1C(=O)CCNC1C(c2ccccc2)NC2CNCCN21,-0.1398280005553738,0.43921302746358737,-0.5531250000000001,-0.25373997309178653,0.7300859997223131,0.43921302746358737,0.9765625,200
C=Cc1ccc(C2(C=Cc3ccccc3)CNCCC2CN2CNNC2C2CCCN2C(=O)CC2CCNCC2)cc1,-0.0,0.3672450572228457,-0.4925781250000001,-0.12533306777715436,0.8583193593625943,0.3672450572228457,0.9462890625,200
O=C(C1CCOC1)N1CCC(OC2NOC(C3CNCCN3)N2)CC1c1cccc(C=Cc2ccccc2-c2ccoc2)c1,-0.0,0.2895046298543818,-0.5433593750000001,-0.2538547451456183,0.9280978764199448,0.2895046298543818,0.9716796875,200
C=Cc1ccc(C2(C=C)C3CC(c4ccccc4)NN3CCCN2C(=O)CCS(=O)(=O)C2=CC=CC3NCCC3C2)cc1C=C,-0.0,0.357282296996902,-0.5394531250000001,-0.18217082800309808,0.831452240518562,0.357282296996902,0.9697265625,200
C=Cc1cc(C2(C=C)CC2CN2CCNC2CCC2CCCN2C(=O)CCN2CCCN2)ccc1-c1ccco1,-0.0,0.38066720345749755,-0.5160156250000001,-0.13534842154250254,0.8536425798628523,0.38066720345749755,0.9580078125,200
C=CC=Cc1cccc(C(C(C)C)C2NCCC3C(=O)NC(c4ccccc4)NC32)c1,-0.08540402591686647,0.613530705149371,-0.5492187500000001,-0.02109207076749553,0.7572979870415668,0.613530705149371,0.974609375,200
C=CC=Cc1cc(-c2ccco2)ccc1C1C=CCC(CN2CCC(CCC3NC(C4CCOCC4)NO3)CC2)N1,-0.0,0.2515032726173272,-0.5472656250000001,-0.2957623523826729,0.8774938734386708,0.2515032726173272,0.9736328125,200
C=Cc1ccc(C2(c3ccccc3C=C)C=CCC(N3CCCC3)C2)cc1,-0.0,0.5881173217289865,-0.4789062500000001,0.10921107172898636,0.837465173812112,0.5881173217289865,0.939453125,200
C=Cc1ccc(-c2ccc(C3CCCNC3)cc2C2CNCCC2CN2CNNC2C2CCCN2C(=O)CC2CCNCC2)cc1,-0.0,0.2854656188322797,-0.5023437500000001,-0.21687813116772037,0.8668582832894772,0.2854656188322797,0.951171875,200
C=Cc1ccccc1-c1ccccc1C1(C=C)C=CCC(C2=CCC(N3CCOCC3)NN2)C1,-0.0,0.5723270434517461,-0.5238281250000001,0.04849891845174603,0.8909291871075884,0.5723270434517461,0.9619140625,200
C=Cc1cccc(C2(c3ccccc3-c3ccoc3)CNCCC2CN2CNNC2C2CCCN2C(=O)CC2CCNCC2)c1,-0.0,0.28361321078642954,-0.5121093750000001,-0.22849616421357055,0.9366099324919868,0.28361321078642954,0.9560546875,200
C=CC1(c2cccc(C3CCNCC3c3ccccc3)c2)CCCCN2C(=O)N(CC3CC3)NC21,-0.0,0.5754014172027395,-0.5023437500000001,0.07305766720273943,0.9284472020254559,0.5754014172027395,0.951171875,200
C=Cc1ccc(C2(c3cccc(C=C)c3)CNCCC2CN2CNNC2C2CCCN2C(=O)CC2CCNCC2)cc1,-0.0,0.3675227954055018,-0.4925781250000001,-0.12505532959449828,0.8772000682298142,0.3675227954055018,0.9462890625,200
C=Cc1coc(-c2ccc(C=C)cc2C2C=CCC(C3=CCC(N4CCOCC4)NN3)C2)c1,-0.0,0.5917975695188328,-0.5335937500000001,0.05820381951883269,0.8669596483111587,0.5917975695188328,0.966796875,200
C=Cc1ccccc1-c1ccc(C=C)c(C2CN(C3CNC(N4CCNCC4)NC3)CCC2C(=O)NCC2CCCO2)c1,-0.0,0.3608922488590157,-0.5316406250000001,-0.17074837614098437,0.8519896378882936,0.3608922488590157,0.9658203125,200
C=Cc1ccc(-c2ccco2)c(NNC2C=CCC(N3CCCC3)C2)c1,-0.0,0.5862836861031495,-0.5121093750000001,0.07417431110314943,0.8596260971681671,0.5862836861031495,0.9560546875,200
C=Cc1ccccc1C1(c2ccccc2C=C)C=CCC(CN2CCC(CCC3NC(C4CCOCC4)NO3)CC2)N1,-0.0,0.31379176514683144,-0.5316406250000001,-0.21784885985316865,0.9294218452102961,0.31379176514683144,0.9658203125,200
C=CC=Cc1cccc(C2(c3ccco3)C3CNCC2CNC3)c1,-0.04233955267886658,0.8496236805109623,-0.5589843750000001,0.2482997528320956,0.7788302236605668,0.8496236805109623,0.9794921875,200
C=Cc1ccc(C=C)c(C2(C=C)CCCCC3C(C(=O)NCCC4CCCC4=O)NC(c4ccccc4)N32)c1,-0.0,0.38749599062212453,-0.5335937500000001,-0.14609775937787556,0.910789492117062,0.38749599062212453,0.966796875,200
C=CC=Cc1cccc(S2(C=C)C=CC=C2C(=O)NC2CCCC2C(=O)N2CCc3ccccc3C2)c1,-0.012418827624704143,0.433923875911591,-0.5433593750000001,-0.12185432671311325,0.793790586187648,0.433923875911591,0.9716796875,200
COCC1(c2ccccc2-c2ccccc2-c2ccccc2)CN(C2CNC(N3CCNCC3)NC2)CCC1C(=O)NCC1CCCO1,-0.0,0.26569749114388863,-0.5335937500000001,-0.26789625885611146,0.9177800176499346,0.26569749114388863,0.966796875,200
C=Cc1ccc(C=C)c(-c2coc(C3CCCC34C(C(=O)NCC3CCCN3)c3ccccc3C(=O)N4C3C=CC=CC3)c2)c1,-0.0,0.2865323539836888,-0.5199218750000001,-0.23338952101631127,0.8840110086129596,0.2865323539836888,0.9599609375,200
C=Cc1cc(C2(C=C)COCCN2C23NC(=O)NC(=O)C2NCC3=O)ccc1-c1ccccc1,-0.0,0.5911270491665952,-0.5433593750000001,0.04776767416659511,0.8571712010619622,0.5911270491665952,0.9716796875,200
O=C(C1CNN(C2CC(c3ncno3)CCN2)C1)N1CCCC1C=Cc1cccc(-c2ccc(C3CCCNC3)cc2)c1,-0.0,0.38322917820860875,-0.5355468750000001,-0.15231769679139134,0.8921274889219818,0.38322917820860875,0.9677734375,200
C=Cc1ccc(C2(c3ccccc3)NCCN2CCNN2NC(=O)C2CC2CC2)c(C=C)c1,-0.0,0.5268877494170504,-0.5199218750000001,0.006965874417050322,0.9229687020966458,0.5268877494170504,0.9599609375,200
CC(C)(OC1(c2ccccc2)C=CCC(C2=CCC(N3CCOCC3)NN2)C1)c1cccc(-c2ccccc2)c1,-0.0,0.3380060030106408,-0.5199218750000001,-0.18191587198935927,0.9469188858348141,0.3380060030106408,0.9599609375,200
C=CC=CN1CCC2(c3ccccc3-c3ccccc3)CC=CCC12,-0.0,0.5129442407956415,-0.5355468750000001,-0.022602634204358596,0.8181642213665804,0.5129442407956415,0.9677734375,200
C=Cc1ccc(C2(c3ccc(C=C)cc3)C=CCC(C3=CCC(N4CCOCC4)NN3)C2)cc1,-0.0,0.584844197449873,-0.5238281250000001,0.06101607244987295,0.8994589930846463,0.584844197449873,0.9619140625,200
O=C(NC1CCCC1C(=O)N1CCc2ccccc2C1)C1=CC=CS1(C=CC1CCN(c2ccccc2)CC1)c1ccoc1,-0.0653761192211666,0.3097843448564761,-0.5238281250000001,-0.2794198993646906,0.7673119403894167,0.3097843448564761,0.9619140625,200
C=COc1cccc(-c2cc(C3NCCC4C(=O)NC(c5ccccc5)NC43)ccc2C=C)c1,-0.0,0.4639624715961943,-0.5218750000000001,-0.057912528403805785,0.9305515409371138,0.4639624715961943,0.9609375,200
C=Cc1ccc(C2(C#N)C(CC3NCNN3)CN2C(=O)Nc2ccccc2)c(C=C)c1,-0.0016328358377992735,0.5825457039866624,-0.5355468750000001,0.045365993148863026,0.7991835820811004,0.5825457039866624,0.9677734375,200
C=Cc1ccc(C2(C3CCc4cnn(C)c4C3)C=CCC(C3NCCN4CCNC34)C2)c(-c2ccccc2)c1,-0.0,0.4688769145124315,-0.5453125000000001,-0.07643558548756857,0.8944385752290243,0.4688769145124315,0.97265625,200
C=Cc1cccc(-c2cccc(C3(N4CCOCC4)COCCN3C34NC(=O)NC(=O)C3NCC4=O)c2)c1,-0.0,0.5364157815345185,-0.5511718750000001,-0.014756093465481568,0.8241126723495668,0.5364157815345185,0.9755859375,200
C=Cc1cccc(C=CC2(c3ccccc3)CNCCC2CN2CNNC2C2CCCN2C(=O)CC2CCNCC2)c1,-0.0,0.3672450572228457,-0.4945312500000001,-0.12728619277715436,0.8583193593625943,0.3672450572228457,0.947265625,200
C=Cc1ccccc1C=CC1(c2ccoc2)N(C(=O)COc2ccccc2)CC(C2NCON2)C12CCOCC2,-0.0,0.4321274061911179,-0.5218750000000001,-0.0897475938088822,0.8575493187889338,0.4321274061911179,0.9609375,200
C=Cc1cccc(-c2ccccc2C2(C=C)C=CCC(C3NCCN4CCNC34)C2)c1,-0.0,0.7049347430035728,-0.5414062500000001,0.16352849300357275,0.8890278315974866,0.7049347430035728,0.970703125,200
C=Cc1ccc(C2(C=Cc3ccccc3)CCCCN3C(=O)N(CC4CC4)NC32)cc1,-0.0,0.6841167892067553,-0.5140625000000001,0.17005428920675525,0.899545086277885,0.6841167892067553,0.95703125,200
C=Cc1ccc(C2(c3ccccc3C=C)CC2CN2CCNC2CCC2CCCN2C(=O)CCN2CCCN2)cc1,-0.0,0.3924596949540621,-0.4828125000000001,-0.09035280504593801,0.9042375543335356,0.3924596949540621,0.94140625,200
C=Cc1ccc(-c2ccccc2C2(C=C)CCCN2C(=O)C2CNN(C3CC(c4ncno4)CCN3)C2)cc1,-0.0,0.44554815125747066,-0.5472656250000001,-0.10171747374252943,0.8874898760379456,0.44554815125747066,0.9736328125,200
O=C(CC1CCNCC1)N1CCCC1C1NNCN1CC1CCNCC1c1ccccc1C=Cc1coc(-c2ccccc2)c1,-0.0,0.27559194939741155,-0.5179687500000001,-0.24237680060258854,0.9375267837268835,0.27559194939741155,0.958984375,200
O=C(CCS(=O)(=O)C1=CC=CC2NCCC2C1)N1CCCN2NC(c3ccccc3)CC2C1(C=Cc1ccccc1)c1cc(C2CCCNC2)co1,-0.0,0.2535662259167335,-0.5335937500000001,-0.2800275240832666,0.888233630809244,0.2535662259167335,0.966796875,200
C=Cc1ccc(C2(N3CCC(C=C)CC3)C(CC3NCNN3)CN2C(=O)Nc2ccccc2)cc1,-0.0,0.4601115351046986,-0.5277343750000001,-0.06762283989530149,0.8061057478127716,0.4601115351046986,0.9638671875,200
C=Cc1ccc(C2(c3ccccc3C=C)CC(N3CNNN3)CC=C2C(=O)NC2=CCC3NC(=O)C4CCCN4C(=O)C3C2)cc1,-0.018101469705096962,0.32360431739594153,-0.5394531250000001,-0.23395027730915552,0.7909492651474516,0.32360431739594153,0.9697265625,200
C=Cc1cc(-c2ccccc2)ccc1C1(C=C)C=CCC(CN2CCC(CCC3NC(C4CCOCC4)NO3)CC2)N1,-0.0,0.306260139034705,-0.5277343750000001,-0.22147423596529509,0.9002686372892947,0.306260139034705,0.9638671875,200
C=Cc1ccc(-c2ccoc2)cc1N1CCCC(C2CCCC3NNC(=O)CC32)C1,-0.0,0.7795896172474931,-0.5082031250000001,0.271386492247493,0.8446665843004135,0.7795896172474931,0.9541015625,200
C=Cc1cccc(OC2(c3ccc(C=C)s3)C3CNCC2CNC3)c1,-0.0,0.8598201042175652,-0.5433593750000001,0.3164607292175651,0.8178892337361257,0.8598201042175652,0.9716796875,200
C=Cc1ccc(S2(c3ccco3)C=CC=C2C(=O)NC2CCCC2C(=O)N2CCc3ccccc3C2)c(C=C)c1,-0.0,0.3422917002764814,-0.5199218750000001,-0.17763017472351866,0.896893600244919,0.3422917002764814,0.9599609375,200
C=Cc1ccc(C=CC2NCCCC2CN2CNC3CCCNC32)cc1-c1ccccc1,-0.0,0.6408764190916257,-0.5042968750000001,0.13657954409162565,0.8946903317480046,0.6408764190916257,0.9521484375,200
C=Cc1cc(C2CCCCC3C(C(=O)NCCC4CCCC4=O)NC(c4ccccc4)N23)ccc1-c1ccccc1N1CCCCC1,-0.0,0.25249949189711135,-0.4886718750000001,-0.23617238310288874,0.9699422192599624,0.25249949189711135,0.9443359375,200
C=Cc1cccc(C2(c3coc(C=C)c3)CC2CN2CCNC2CCC2CCCN2C(=O)CCN2CCCN2)c1,-0.0,0.411883562831298,-0.5003906250000001,-0.08850706216870208,0.875317877570567,0.411883562831298,0.9501953125,200
C=CC1CCN(c2coc(C3CCCCC4C(C(=O)NCCC5CCCC5=O)NC(c5ccccc5)N34)c2)CC1C=C,-0.0,0.3643489488165634,-0.5472656250000001,-0.1829166761834367,0.8925961259166807,0.3643489488165634,0.9736328125,200
C=Cc1ccccc1OC1(c2ccccc2)CCCCN2C(=O)N(CC3CC3)NC21,-0.0,0.7559137703775896,-0.4945312500000001,0.26138252037758947,0.9377250697089792,0.7559137703775896,0.947265625,200
C=CC1CCN(C2(c3ccccc3-c3ccccc3)COCCN2C23NC(=O)NC(=O)C2NCC3=O)CC1O,-0.03369353612382486,0.41788486770849764,-0.5531250000000001,-0.1689336684153273,0.7831532319380876,0.41788486770849764,0.9765625,200
C=CC1(c2cc(-c3ccccc3)ccc2-c2ccno2)NCCN1CCNN1NC(=O)C1CC1CC1,-0.0,0.3809778370603055,-0.5375000000000001,-0.15652216293969456,0.9627399353761165,0.3809778370603055,0.96875,200
C=Cc1ccc(C2(C=C)N(C(=O)COc3ccccc3)CC(C3NCON3)C23CCOCC3)c(C=C)c1,-0.0,0.5311068226053999,-0.5238281250000001,0.0072786976053997865,0.8174512237714281,0.5311068226053999,0.9619140625,200
C=Cc1ccc(C2(c3ccccc3)C=CCC(C3=CCC(N4CCOCC4)NN3)C2)cc1C=C,-0.0,0.584844197449873,-0.5179687500000001,0.06687544744987295,0.8994589930846463,0.584844197449873,0.958984375,200
C=CN1CCC(C2(c3ccccc3)CC2CN2CCNC2CCC2CCCN2C(=O)CCN2CCCN2)C(c2ccccc2)C1,-0.0,0.36049727123356834,-0.5082031250000001,-0.14770585376643175,0.8763386946095093,0.36049727123356834,0.9541015625,200
C=Cc1cc(C2(c3ccoc3)CCCN2C(=O)C2CNN(C3CC(c4ncno4)CCN3)C2)ccc1C1CCNCC1,-0.0,0.3919372222165413,-0.5375000000000001,-0.14556277778345877,0.8571282578686696,0.3919372222165413,0.96875,200
C=CCNC(=O)c1ccc(C=CC2CCCCC3C(C(=O)NCCC4CCCC4=O)NC(c4ccccc4)N23)cc1,-0.0,0.36816683054878985,-0.5316406250000001,-0.16347379445121024,0.8044162067930397,0.36816683054878985,0.9658203125,200
C=Cc1ccc(-c2ccc(C3(c4ccoc4)C(NC(=O)CCC4CCCCC4)CCN3C3CC(N4CCOCC4)CNN3)cc2)cc1,-0.0,0.2551691884617841,-0.5179687500000001,-0.262799561538216,0.9406961523754648,0.2551691884617841,0.958984375,200
C=CC=Cc1ccccc1C1(c2ccccc2)C=CCC(CN2CCC(CCC3NC(C4CCOCC4)NO3)CC2)N1,-0.0,0.25101268426612405,-0.5316406250000001,-0.28062794073387604,0.9294218452102961,0.25101268426612405,0.9658203125,200
C=Cc1cc(C2(C=C)CN(C3CNC(N4CCNCC4)NC3)CCC2C(=O)NCC2CCCO2)ccc1-c1ccccc1,-0.0,0.3378284130376777,-0.5277343750000001,-0.1899059619623224,0.8634175923600578,0.3378284130376777,0.9638671875,200
C=CC=Cc1ccccc1C1(C=C)NCCC2C(=O)NC(c3ccccc3)NC21,-0.0,0.5438193059779306,-0.5531250000000001,-0.009305694022069488,0.8086252051860267,0.5438193059779306,0.9765625,200
C=CN1C(=O)CCC1C1(c2cc(-c3ccccc3)co2)CCCCC2C(C(=O)NCCC3CCCC3=O)NC(c3ccccc3)N21,-0.0,0.3018425336302704,-0.5433593750000001,-0.24151684136972967,0.9429255232694016,0.3018425336302704,0.9716796875,200
C=Cc1cc(-c2ccccc2)ccc1S1(c2ccoc2)C(NC(=O)CC2(N3CC=CC3)CCOCC2)NNC1C1CCCCC1,-0.0,0.221374524014725,-0.5472656250000001,-0.3258911009852751,0.9283398854777861,0.221374524014725,0.9736328125,200
C=Cc1ccc(S2(c3cccc(N4CCCCC4)c3)C(NC(=O)CC3(N4CC=CC4)CCOCC3)NNC2C2CCCCC2)cc1,-0.0,0.26238853079380603,-0.5003906250000001,-0.23800209420619406,0.8561753807352875,0.26238853079380603,0.9501953125,200
C=CC=CN1CCC(C2(c3ccco3)CCCCC3C(C(=O)NCCC4CCCC4=O)NC(c4ccccc4)N32)CC1,-0.0,0.3781327984159253,-0.5335937500000001,-0.1554609515840748,0.8834677803219271,0.3781327984159253,0.966796875,200
C=Cc1ccc(C2(c3ccco3)C=CCC(CN3CCC(CCC4NC(C5CCOCC5)NO4)CC3)N2)cc1C=C,-0.0,0.3364268043112684,-0.5277343750000001,-0.19130757068873167,0.9012500026687483,0.3364268043112684,0.9638671875,200
C=CC=Cc1ccc(C2CN(C3CCCCN3)CCN2C(=O)CC2COc3ccccc3NC2=O)c(C=C)c1,-0.05445909473040733,0.5048278829742959,-0.5238281250000001,-0.07345933675611149,0.7727704526347964,0.5048278829742959,0.9619140625,200
C1=CC(c2cc(C3COc4cc(C=CC5CCCNC5)ccc4O3)co2)CC(C2NCCN3CCNC23)C1,-0.0,0.5180440148107136,-0.5257812500000001,-0.007737235189286484,0.8927201670354886,0.5180440148107136,0.962890625,200
C=Cc1ccc(C2C(NC(=O)CCC3CCCCC3)CCN2C2CC(N3CCOCC3)CNN2)c(-c2coc(C=C)c2)c1,-0.0,0.3458471607964938,-0.5238281250000001,-0.1779809642035063,0.8470674409242044,0.3458471607964938,0.9619140625,200
C=CN1CCCC(C23CC=CCC2N(c2ccccc2-c2ccoc2)CC3)C1,-0.0,0.638478682540937,-0.5218750000000001,0.11660368254093689,0.8930740552540346,0.638478682540937,0.9609375,200
C=Cc1cccc(-c2cccc(C3(C=C)C(CCCN4CCCO4)CCCN3C(=O)C3CCOC3)c2)c1,-0.0,0.39203703229610326,-0.5257812500000001,-0.13374421770389683,0.8910917003757013,0.39203703229610326,0.962890625,200
C=CC=Cc1ccc(C=C)cc1C1CSCCN1C(=O)CCNC1C(c2ccccc2)NC2CNCCN21,-0.07802044540193953,0.42676413672188696,-0.5375000000000001,-0.18875630868005266,0.7609897772990303,0.42676413672188696,0.96875,200
O=C(CCN1CCCN1)N1CCCC1CCC1NCCN1CC1CC1(c1cc(C2CCNCC2)co1)c1ccccc1-c1ccccc1,-0.0,0.2450836153483397,-0.4964843750000001,-0.2514007596516604,0.9559947646576885,0.2450836153483397,0.9482421875,200
C=Cc1ccc(N2CCC(c3ccccc3)C(C3CCCC4NNC(=O)CC43)C2)cc1,-0.01701955710343328,0.7574697599721615,-0.4867187500000001,0.2537314528687281,0.7914902214482834,0.7574697599721615,0.943359375,200
C=CC1(c2cc(-c3ccccc3-c3ccoc3)co2)CC(OC2NOC(C3CNCCN3)N2)CCN1C(=O)C1CCOC1,-0.0,0.2919305684279421,-0.5531250000000001,-0.26119443157205796,0.9139139755862599,0.2919305684279421,0.9765625,200
C=Cc1ccc(C2C3CC(c4ccccc4)NN3CCCN2C(=O)CCS(=O)(=O)C2=CC=CC3NCCC3C2)cc1C=Cc1ccccc1,-0.0,0.24554862881943862,-0.5335937500000001,-0.28804512118056147,0.9339815838766542,0.24554862881943862,0.966796875,200
C=CN1CCCC(c2cccc(C3(c4ccccc4)C4CNCC3CNC4)c2)C1,-0.0,0.8369949553597338,-0.4730468750000001,0.3639480803597337,0.8362465823723024,0.8369949553597338,0.9365234375,200
C=Cc1ccc(C2(C=C)CCCC23C(C(=O)NCC2CCCN2)c2ccccc2C(=O)N3C2C=CC=CC2)cc1C=C,-0.0029254989285090183,0.3727460423602143,-0.5277343750000001,-0.1579138315682948,0.7985372505357455,0.3727460423602143,0.9638671875,200
C=Cc1cccc(S(=O)(=O)N(c2ccco2)C23CC=CCC2NCC3)c1,-0.0,0.8175716445330686,-0.5433593750000001,0.27421226953306854,0.804843435988998,0.8175716445330686,0.9716796875,200
C=Cc1cc(C2(C=C)C3CC(c4ccccc4)NN3CCCN2C(=O)CCS(=O)(=O)C2=CC=CC3NCCC3C2)ccc1-c1ccco1,-0.0,0.26522948357730086,-0.5335937500000001,-0.2683642664226992,0.9253529372430245,0.26522948357730086,0.966796875,200
C1=CC(c2ccco2)(c2ccccc2C2CCN(c3ccccc3)CC2)CC(C2=CCC(N3CCOCC3)NN2)C1,-0.0,0.3698453654655851,-0.4750000000000001,-0.10515463453441498,0.9260257327105917,0.3698453654655851,0.9375,200
C=Cc1cccc(N2C(=O)CCC2c2ccccc2C2C3CNCC2CNC3)c1,-0.0,0.8404236897720583,-0.4984375000000001,0.3419861897720582,0.8987223098548425,0.8404236897720583,0.94921875,200
C=Cc1cc2c(cc1C1CCCN(c3ccccc3)C1)OCC(C1CCCC3NNC(=O)CC31)O2,-0.0,0.6762194874505348,-0.4710937500000001,0.20512573745053475,0.8979303222166234,0.6762194874505348,0.935546875,200
C1=CC(C=Cc2ccc(-c3ccccc3)cc2)(c2ccccc2)NC(CN2CCC(CCC3NC(C4CCOCC4)NO3)CC2)C1,-0.0,0.21565995976396196,-0.5179687500000001,-0.3023087902360381,0.9630091554243628,0.21565995976396196,0.958984375,200
C=Cc1cc(-c2ccc(C3(C=C)CCCN3C(=O)C3CNN(C4CC(c5ncno5)CCN4)C3)s2)co1,-0.0,0.4517736381284928,-0.5628906250000001,-0.11111698687150728,0.8410266963072791,0.4517736381284928,0.9814453125,200
C=Cc1ccc(S2(c3ccccc3)C(NC(=O)CC3(N4CC=CC4)CCOCC3)NNC2C2CCCCC2)c(C=C)c1,-0.0,0.296117227184837,-0.5414062500000001,-0.24528902281516307,0.8594783461677198,0.296117227184837,0.970703125,200
C=Cc1cc(-c2ccccc2C2(C3CCNCC3)C(NC(=O)CCC3CCCCC3)CCN2C2CC(N3CCOCC3)CNN2)co1,-0.0,0.291663300833737,-0.5199218750000001,-0.2282585741662631,0.8034037954716675,0.291663300833737,0.9599609375,200
O=C1NC(c2ccccc2)NC2C1CCNC2c1coc(C=CC=Cc2ccco2)c1,-0.0,0.5483995340289461,-0.5257812500000001,0.022618284028946056,0.8789655499145511,0.5483995340289461,0.962890625,200
C=Cc1cccc(-c2cc(C3COCCN3C34NC(=O)NC(=O)C3NCC4=O)ccc2C=C)c1,-0.0,0.634683202839485,-0.5433593750000001,0.0913238278394849,0.8428798906022025,0.634683202839485,0.9716796875,200
C=CC1(C=Cc2cc(-c3ccc4c(c3)OCCO4)co2)C=CCC(CN2CCNc3ccccc32)C1,-0.0,0.3931942104742846,-0.5277343750000001,-0.1345401645257155,0.892193628427203,0.3931942104742846,0.9638671875,200
C=Cc1ccccc1-c1ccc(C2(N3CCCCC3)CC2CN2CCNC2CCC2CCCN2C(=O)CCN2CCCN2)cc1,-0.0,0.34039044499495574,-0.4906250000000001,-0.15023455500504435,0.8935310200779207,0.34039044499495574,0.9453125,200
C=Cc1ccc(C2(C3CC3)NCCCC2CN2CNC3CCCNC32)cc1-c1ccoc1,-0.0,0.640724896673806,-0.5414062500000001,0.09931864667380597,0.8691453323613034,0.640724896673806,0.970703125,200
C=Cc1ccc(C2(c3ccco3)CCCCN3C(=O)N(CC4CC4)NC32)cc1-c1ccco1,-0.0,0.53626548516122,-0.5316406250000001,0.004624860161219879,0.9727884291569304,0.53626548516122,0.9658203125,200
C=Cc1ccc(C2C(CCCN3CCCO3)CCCN2C(=O)C2CCOC2)c(-c2coc(-c3ccccc3)c2)c1,-0.0,0.29279813229301815,-0.5218750000000001,-0.22907686770698193,0.9346437297563328,0.29279813229301815,0.9609375,200
C=CC1CCN(C2CN(c3ccccc3)CCN2C2=NCCN2C(=O)c2ccccc2)CC1C=Cc1ccco1,-0.0,0.41244544486824103,-0.5199218750000001,-0.10747643013175906,0.8079153667882967,0.41244544486824103,0.9599609375,200
C=CC=CC1(C=CC=C)CN(c2ccccc2)CCN1C1=NCCN1C(=O)c1ccccc1,-0.0,0.621688899361474,-0.5082031250000001,0.11348577436147389,0.8430080287647397,0.621688899361474,0.9541015625,200
C=Cc1ccc(C2(c3ccccc3C=C)C=CCC(C3NCCN4CCNC34)C2)cc1,-0.0,0.7130917763998593,-0.5179687500000001,0.19512302639985923,0.880789600545338,0.7130917763998593,0.958984375,200
C=Cc1cccc(C2(c3nnc(-c4ccccc4)o3)CN(C3CNC(N4CCNCC4)NC3)CCC2C(=O)NCC2CCCO2)c1,-0.0,0.2810514681046978,-0.5257812500000001,-0.2447297818953023,0.897155288417509,0.2810514681046978,0.962890625,200
C=Cc1cc(C2(N3CCC(c4ccco4)CC3)CCCCC3C(C(=O)NCCC4CCCC4=O)NC(c4ccccc4)N32)co1,-0.0,0.2923052698860369,-0.5375000000000001,-0.2451947301139632,0.8857277188742636,0.2923052698860369,0.96875,200
C=Cc1ccccc1-c1coc(C2(C=C)NCCN2CCNN2NC(=O)C2CC2CC2)c1,-0.0,0.500705095711024,-0.5453125000000001,-0.04460740428897614,0.8947250168603624,0.500705095711024,0.97265625,200
C=CC=Cc1ccc(S2(c3ccco3)C(NC(=O)CC3(N4CC=CC4)CCOCC3)NNC2C2CCCCC2)cc1,-0.0,0.2539015472159592,-0.5492187500000001,-0.2953172027840409,0.8215599733210995,0.2539015472159592,0.974609375,200
C=Cc1coc(N(c2ccccc2)C2CCCCN3C(=O)N(CC4CC4)NC23)c1,-0.0,0.7811072556446205,-0.5042968750000001,0.2768103806446204,0.9105251443968174,0.7811072556446205,0.9521484375,200
C=Cc1cccc(C2(c3coc(C=C)c3)COCCN2C23NC(=O)NC(=O)C2NCC3=O)c1,-0.0,0.6304202646718045,-0.5570312500000001,0.07338901467180436,0.8056775360435342,0.6304202646718045,0.978515625,200
C=CC1(c2ccc(-c3ccccc3)cc2N2CCCCC2)CSCCN1C(=O)CCNC1C(c2ccccc2)NC2CNCCN21,-0.0,0.2800013037052945,-0.5082031250000001,-0.22820182129470556,0.8952689604317725,0.2800013037052945,0.9541015625,200
C=CN(c1coc(C2CN(c3ccccc3)CCN2C2=NCCN2C(=O)c2ccccc2)c1)S(=O)(=O)C=C,-0.0,0.456576101232335,-0.5218750000000001,-0.06529889876766509,0.8509148595294233,0.456576101232335,0.9609375,200
C=Cc1ccc(C2(C=C)C3CC(c4ccccc4)NN3CCCN2C(=O)CCS(=O)(=O)C2=CC=CC3NCCC3C2)c(C=C)c1,-0.0,0.357282296996902,-0.5375000000000001,-0.18021770300309808,0.831452240518562,0.357282296996902,0.96875,200
COCC1(c2ccc(C=Cc3ccno3)cc2)CCCC2NNC(=O)CC21,-0.0,0.8497472334962579,-0.5394531250000001,0.3102941084962578,0.9043798148140894,0.8497472334962579,0.9697265625,200
O=C(COc1ccccc1)N1CC(C2NCON2)C2(CCOCC2)C1(c1ccc(C2CCCN(c3ccoc3)C2)cc1)N1CCCCC1,-0.0,0.3463866190521896,-0.4984375000000001,-0.1520508809478105,0.8760100713105021,0.3463866190521896,0.94921875,200
O=C1Nc2ccccc2OCC1CC(=O)N1CCN(C2CCCCN2)CC1(C=Cc1ccccc1)NNc1ccco1,-0.09491125267813305,0.3021946019878842,-0.5218750000000001,-0.3145916506902489,0.7525443736609335,0.3021946019878842,0.9609375,200
C=Cc1coc(C2(c3ccc(C=C)s3)CCCCN3C(=O)N(CC4CC4)NC32)c1,-0.0,0.7241304871466693,-0.5375000000000001,0.1866304871466692,0.8663208090726556,0.7241304871466693,0.96875,200
C=CN1CCCC(NC(C)(C)c2coc(C3C=CCC(CN4CCNc5ccccc54)C3)c2)C1,-0.0,0.5194909158791727,-0.5140625000000001,0.005428415879172643,0.8101332505758466,0.5194909158791727,0.95703125,200
O=C(CC1CCNCC1)N1CCCC1C1NNCN1CC1CCNCC1c1ccc(-c2ccccc2C2CCNCC2)cc1-c1ccccc1,-0.0,0.21199538613038219,-0.5023437500000001,-0.29034836386961793,0.9477394580734475,0.21199538613038219,0.951171875,200
C=CC1(CN(C)c2cccc(-c3ccccc3)c2)CCCCN2C(=O)N(CC3CC3)NC21,-0.0,0.6195323252744676,-0.4925781250000001,0.12695420027446747,0.906056946066526,0.6195323252744676,0.9462890625,200
C=CC1CCN(c2ccoc2)CC1C1(C=C)C=CCC(CN2CCNc3ccccc32)C1,-0.12938450975543536,0.5726524882415543,-0.5199218750000001,-0.0766538965138811,0.7353077451222824,0.5726524882415543,0.9599609375,200
C=Cc1ccc(-c2ccc(C3CCN(C4C5CNCC4CNC5)CC3O)cc2)cc1,-0.0,0.7346784322150319,-0.5375000000000001,0.19717843221503184,0.8857637289441412,0.7346784322150319,0.96875,200
C=CN1CCCC(c2ccccc2C=CC2C3CC(c4ccccc4)NN3CCCN2C(=O)CCS(=O)(=O)C2=CC=CC3NCCC3C2)C1,-0.0,0.3582761829316561,-0.5296875000000001,-0.171411317068344,0.8198054026861985,0.3582761829316561,0.96484375,200
C=Cc1cccc(-c2cccc(C3(c4ccccc4)COCCN3C34NC(=O)NC(=O)C3NCC4=O)c2)c1,-0.0,0.49022297200504417,-0.5414062500000001,-0.05118327799495592,0.9165045161487536,0.49022297200504417,0.970703125,200
C=Cc1cccc(-c2ccc(C3(c4ccoc4)CC3CN3CCNC3CCC3CCCN3C(=O)CCN3CCCN3)cc2)c1,-0.0,0.289375610901422,-0.5179687500000001,-0.2285931390985781,0.9424295416501106,0.289375610901422,0.958984375,200
C=CC=CS1(c2ccccc2-c2ccccc2)C(NC(=O)CC2(N3CC=CC3)CCOCC2)NNC1C1CCCCC1,-0.0,0.2331298422210635,-0.5355468750000001,-0.3024170327789366,0.8843255970794747,0.2331298422210635,0.9677734375,200
C=Cc1ccc(C=C)c(-c2cccc(C3CC(OC4NOC(C5CNCCN5)N4)CCN3C(=O)C3CCOC3)c2)c1,-0.0,0.39227128867363137,-0.5394531250000001,-0.14718183632636872,0.8498826604646772,0.39227128867363137,0.9697265625,200
N#CN1CCC2(c3ccccc3C=Cc3ccccc3)CC=CCC12,-0.0,0.4507134464876053,-0.4964843750000001,-0.04577092851239478,0.9023109588492753,0.4507134464876053,0.9482421875,200
C=CC=Cc1ccccc1-c1cnc(C2CCCCN3C(=O)N(CC4CC4)NC23)nc1,-0.0,0.7012992902924767,-0.5335937500000001,0.16770554029247664,0.918116518228079,0.7012992902924767,0.966796875,200
C1=CCC2C(C1)CCN2c1cc(C2CCCC2c2ccc(-c3ccccc3)cc2)co1,-0.0,0.41377726976703794,-0.5257812500000001,-0.11200398023296215,0.9490919842144114,0.41377726976703794,0.962890625,200
C=Cc1ccc(C=C)c(C2(C=C)C3CC(c4ccccc4)NN3CCCN2C(=O)CCS(=O)(=O)C2=CC=CC3NCCC3C2)c1,-0.0,0.35728229699690195,-0.5277343750000001,-0.17045207800309814,0.831452240518562,0.35728229699690195,0.9638671875,200
C=CC=CC1(C=Cc2ccccc2)CN(c2ccccc2)CCN1C1=NCCN1C(=O)c1ccccc1,-0.0,0.42939436003719306,-0.5101562500000001,-0.08076188996280703,0.8524849099899118,0.42939436003719306,0.955078125,200
C=Cc1ccccc1C=CNNC1CCCN1C(=O)C1CNN(C2CC(c3ncno3)CCN2)C1,-0.2638250262086572,0.4210917263748683,-0.5375000000000001,-0.380233299833789,0.6680874868956714,0.4210917263748683,0.96875,200
C=Cc1cc(-c2cccc(C3(C=C)C=CCC(CN4CCC(CCC5NC(C6CCOCC6)NO5)CC4)N3)c2)co1,-0.0,0.32881961387517716,-0.5472656250000001,-0.21844601112482293,0.8770485659185044,0.32881961387517716,0.9736328125,200
O=C(CC1(N2CC=CC2)CCOCC1)NC1NNC(C2CCCCC2)S1(c1ccccc1)c1cccc(C2CCCN(c3ccco3)C2)c1,-0.0,0.20757610442489288,-0.5296875000000001,-0.3221113955751072,0.8995393007244649,0.20757610442489288,0.96484375,200
C=Cc1ccc(C2(C=C)CCCC23C(C(=O)NCC2CCCN2)c2ccccc2C(=O)N3C2C=CC=CC2)c(C=C)c1,-0.0029254989285090183,0.3727460423602143,-0.5335937500000001,-0.1637732065682948,0.7985372505357455,0.3727460423602143,0.966796875,200
C=Cc1cc(C2(C=C)CC2CN2CCNC2CCC2CCCN2C(=O)CCN2CCCN2)ccc1-c1ccco1,-0.0,0.38066720345749755,-0.5160156250000001,-0.13534842154250254,0.8536425798628523,0.38066720345749755,0.9580078125,200
C=CC=Cc1cccc(C2(C=C)CCCC23C(C(=O)NCC2CCCN2)c2ccccc2C(=O)N3C2C=CC=CC2)c1,-0.0029254989285090183,0.2980373479692326,-0.5199218750000001,-0.22481002595927652,0.7985372505357455,0.2980373479692326,0.9599609375,200
C=Cc1ccc(-c2cccc(C3CC(OC4NOC(C5CNCCN5)N4)CCN3C(=O)C3CCOC3)c2)c(C=C)c1,-0.0,0.39227128867363137,-0.5394531250000001,-0.14718183632636872,0.8498826604646772,0.39227128867363137,0.9697265625,200
C=Cc1ccccc1-c1cccc(C2(c3ccco3)C=CCC(CN3CCC(CCC4NC(C5CCOCC5)NO4)CC3)N2)c1,-0.0,0.2287708279357643,-0.5375000000000001,-0.3087291720642358,0.9670875350853324,0.2287708279357643,0.96875,200
C=Cc1ccc(C2(c3coc(-c4ccccc4)c3)CC(N3CNNN3)CC=C2C(=O)NC2=CCC3NC(=O)C4CCCN4C(=O)C3C2)cc1,-0.0,0.2600825418067478,-0.5531250000000001,-0.2930424581932523,0.8917763909234508,0.2600825418067478,0.9765625,200
C=CC1(c2cccc(-c3ccc(C4CCCNC4)cc3)c2)NCCCC1CN1CNC2CCCNC21,-0.0,0.46356597771765223,-0.5218750000000001,-0.058309022282347855,0.9177209882299177,0.46356597771765223,0.9609375,200
C=Cc1cccc(C2(c3cccc(-c4ccccc4)c3)C=CCC(CN3CCC(CCC4NC(C5CCOCC5)NO4)CC3)N2)c1,-0.0,0.21618004217695636,-0.5238281250000001,-0.30764808282304373,0.9728984593721721,0.21618004217695636,0.9619140625,200
C=CN1CCCC(c2ccc(C=CC3C(CC4NCNN4)CN3C(=O)Nc3ccccc3)cc2)C1,-0.14193028976129707,0.4916813361084644,-0.5160156250000001,-0.16626457865283278,0.7290348551193515,0.4916813361084644,0.9580078125,200
c1ccc(-c2cc(C3(C4CCCN(c5ccccc5)C4)C4CNCC3CNC4)no2)cc1,-0.0,0.6594222384046161,-0.4886718750000001,0.17075036340461602,0.8601230330887083,0.6594222384046161,0.9443359375,200
C=Cc1cc(C2(N3CCCCC3)CSCCN2C(=O)CCNC2C(c3ccccc3)NC3CNCCN32)ccc1-c1ccccc1,-0.0,0.30258539316817235,-0.5023437500000001,-0.19975835683182774,0.8858124570121875,0.30258539316817235,0.951171875,200
C=CC1(c2ccc(-c3nnco3)cc2-c2cccc(O)c2)CCCCN2C(=O)N(CC3CC3)NC21,-0.0,0.5064846160789165,-0.5140625000000001,-0.007577883921083606,0.951467365930597,0.5064846160789165,0.95703125,200
C=CC=CC1(c2cc(C=C)co2)CCCCC2C(C(=O)NCCC3CCCC3=O)NC(c3ccccc3)N21,-0.0,0.4239908752458427,-0.5511718750000001,-0.12718099975415736,0.8894089220493715,0.4239908752458427,0.9755859375,200
C=Cc1ccc(C2(C3CCNCC3)C3CC(c4ccccc4)NN3CCCN2C(=O)CCS(=O)(=O)C2=CC=CC3NCCC3C2)c(-c2ccoc2)c1,-0.0,0.24869082219327968,-0.5453125000000001,-0.29662167780672044,0.8982339282299886,0.24869082219327968,0.97265625,200
C=CC=CC1(c2csc(C=C)n2)NCCC2C(=O)NC(c3ccccc3)NC21,-0.0,0.6842902940314064,-0.5707031250000001,0.11358716903140631,0.8070389605674103,0.6842902940314064,0.9853515625,200
O=C1NN(NCCN2CCNC2(c2ccccc2)c2ccc(C3CCNCC3)cc2-c2ccccc2)C1CC1CC1,-0.0,0.30662157350332536,-0.5121093750000001,-0.20548780149667473,0.962938460843285,0.30662157350332536,0.9560546875,200
CN(CC1(c2ccoc2)C=CCC(N2CCCC2)C1)c1ccccc1C1CCCNC1,-0.0,0.672605239617759,-0.4906250000000001,0.1819802396177589,0.8136862660867503,0.672605239617759,0.9453125,200
C=Cc1ccc(C2(C=C)C3CNCC2CNC3)c(-c2ccccc2)c1,-0.0,0.8320046981675212,-0.5492187500000001,0.2827859481675211,0.8677963770814244,0.8320046981675212,0.974609375,200
C=CC1(c2coc(-c3ccccc3-c3ccccc3)c2)CNCCC1CN1CNNC1C1CCCN1C(=O)CC1CCNCC1,-0.0,0.2618294095611726,-0.5160156250000001,-0.25418621543882747,0.957226565119942,0.2618294095611726,0.9580078125,200
C=Cc1ccc(C=CS2(c3ccco3)C(NC(=O)CC3(N4CC=CC4)CCOCC3)NNC2C2CCCCC2)cc1,-0.0,0.3188703365887965,-0.5492187500000001,-0.2303484134112036,0.8384076851606646,0.3188703365887965,0.974609375,200
C=Cc1cc(N2CCCC(c3ccc(C4CCCCN5C(=O)N(CC6CC6)NC45)cc3)C2)co1,-0.0,0.6138704478796014,-0.4964843750000001,0.11738607287960134,0.8973426003347712,0.6138704478796014,0.9482421875,200
C=CC=Cc1cc(C2(c3ccoc3)CN(c3ccccc3)CCN2C2=NCCN2C(=O)c2ccccc2)no1,-0.0,0.3321443509172308,-0.5218750000000001,-0.18973064908276926,0.9143116481853172,0.3321443509172308,0.9609375,200
C=CC=Cc1ccccc1C1(C=C)C(CC2NCNN2)CN1C(=O)Nc1ccccc1,-0.0,0.41018562184716073,-0.5316406250000001,-0.12145500315283936,0.8174743431475411,0.41018562184716073,0.9658203125,200
CN(C)C=CC1(c2cc(-c3ccco3)co2)C=CCC(C2=CCC(N3CCOCC3)NN2)C1,-0.0,0.6480943690876791,-0.5414062500000001,0.10668811908767906,0.8600406739185998,0.6480943690876791,0.970703125,200
C=CC=CC1(c2coc(-c3ccco3)c2)CCCCC2C(C(=O)NCCC3CCCC3=O)NC(c3ccccc3)N21,-0.0,0.3039358861207007,-0.5394531250000001,-0.23551723887929937,0.9441598332043747,0.3039358861207007,0.9697265625,200
C=Cc1ccccc1-c1coc(C2(C=C)CCCCN3C(=O)N(CC4CC4)NC32)c1,-0.0,0.6766435614483262,-0.5257812500000001,0.15086231144832607,0.9014682585619197,0.6766435614483262,0.962890625,200
C=Cc1ccc(S(=O)(=O)N2CCC3(c4cccc(C=C)c4)CC=CCC23)cc1,-0.0,0.6710068627151236,-0.5472656250000001,0.12374123771512346,0.838295880630142,0.6710068627151236,0.9736328125,200
C=Cc1cccc(C2(c3cc(C=C)co3)C=CCC(C3=CCC(N4CCOCC4)NN3)C2)c1,-0.0,0.6248271399756405,-0.5218750000000001,0.10295213997564046,0.8698595136452204,0.6248271399756405,0.9609375,200
C=CS1(c2cc(-c3coc(-c4ccccc4)c3)co2)C(NC(=O)CC2(N3CC=CC3)CCOCC2)NNC1C1CCCCC1,-0.0,0.22950689233852284,-0.5394531250000001,-0.30994623266147725,0.9638435506424663,0.22950689233852284,0.9697265625,200
C=CC1(C=Cc2ccc(-c3ccccc3)cc2)COCCN1C12NC(=O)NC(=O)C1NCC2=O,-0.0,0.5901894906922193,-0.5375000000000001,0.052689490692219176,0.8227755379229799,0.5901894906922193,0.96875,200
C=Cc1cccc(-c2coc(C3(C=C)C=CCC(N4CCCC4)C3)c2)c1,-0.0,0.634138190360777,-0.5003906250000001,0.13374756536077692,0.813735262949262,0.634138190360777,0.9501953125,200
C=CC=CC1(c2ccc(C=C)cc2)CCCCC2C(C(=O)NCCC3CCCC3=O)NC(c3ccccc3)N21,-0.0,0.3925285147945842,-0.5335937500000001,-0.14106523520541586,0.910789492117062,0.3925285147945842,0.966796875,200
C=CC(C)SC1(c2nnc(-c3ccccc3)o2)CCCC2NNC(=O)CC21,-0.0,0.7690191066053059,-0.5648437500000001,0.20417535660530584,0.8864877548994649,0.7690191066053059,0.982421875,200
C=CC=CC1(C=Cc2ccccc2)CCCCC2C(C(=O)NCCC3CCCC3=O)NC(c3ccccc3)N21,-0.0,0.39763863035814895,-0.5375000000000001,-0.13986136964185114,0.8124810863390496,0.39763863035814895,0.96875,200
O=C1CCCC1CCNC(=O)C1NC(c2ccccc2)N2C1CCCCC2(c1ccccc1C1CCCNC1)C1CCCN(c2ccoc2)C1,-0.0,0.23385589598974194,-0.5042968750000001,-0.27044097901025815,0.9173714290615985,0.23385589598974194,0.9521484375,200
C=Cc1cccc(C2(N3CCC(c4ccccc4)CC3)NCCCC2CN2CNC3CCCNC32)c1,-0.012964631186074937,0.5693174751632631,-0.5121093750000001,0.044243468977188116,0.7935176844069626,0.5693174751632631,0.9560546875,200
C=Cc1coc(C2(C=Cc3ccco3)CCCCC3C(C(=O)NCCC4CCCC4=O)NC(c4ccccc4)N32)c1,-0.0,0.3274040746413317,-0.5511718750000001,-0.2237678003586684,0.9345951924119548,0.3274040746413317,0.9755859375,200
O=CNCC=CC1(c2cccc(-c3ccccc3)c2)N(C(=O)COc2ccccc2)CC(C2NCON2)C12CCOCC2,-0.0,0.19088119288966957,-0.5316406250000001,-0.34075943211033055,0.8666767723211087,0.19088119288966957,0.9658203125,200
C=Cc1cc(-c2ccccc2C2(C=C)CCCN2C(=O)C2CNN(C3CC(c4ncno4)CCN3)C2)co1,-0.0,0.4581737363706277,-0.5531250000000001,-0.0949512636293724,0.8601826991600527,0.4581737363706277,0.9765625,200
C=CC=CS1(c2cc(C=C)co2)C=CC=C1C(=O)NC1CCCC1C(=O)N1CCc2ccccc2C1,-0.08494758847295136,0.4697399041152269,-0.5296875000000001,-0.14489518435772453,0.7575262057635244,0.4697399041152269,0.96484375,200
C=CC1(c2cccc(C3CCN(c4ccccc4)CC3)c2)CN(C2CCCCN2)CCN1C(=O)CC1COc2ccccc2NC1=O,-0.0,0.3238488640554225,-0.4554687500000001,-0.13161988594457757,0.8479197170678165,0.3238488640554225,0.927734375,200
C=Cc1ccc(N2CCC3(C=C)CC=CCC23)cc1-c1ccccn1,-0.0,0.6896497857310985,-0.5023437500000001,0.18730603573109839,0.9189870905731301,0.6896497857310985,0.951171875,200
C=Cc1cc(-c2ccccc2)ccc1C1(C=C)CCCN1C(=O)C1CNN(C2CC(c3ncno3)CCN2)C1,-0.0,0.44554815125747066,-0.5355468750000001,-0.08999872374252943,0.8968736105985823,0.44554815125747066,0.9677734375,200
C=Cc1ccc(-c2ccco2)cc1C1(C=C)C=CCC(N2CCCC2)C1,-0.0,0.634138190360777,-0.5042968750000001,0.12984131536077692,0.8145539835397229,0.634138190360777,0.9521484375,200
C=Cc1ccccc1-c1ccccc1C1(C=C)CNCCC1CN1CNNC1C1CCCN1C(=O)CC1CCNCC1,-0.0,0.3416943619798492,-0.5042968750000001,-0.16260251302015089,0.8811384984096429,0.3416943619798492,0.9521484375,200
C=Cc1cc(-c2ccc(C3CSCCN3C(=O)CCNC3C(c4ccccc4)NC4CNCCN43)c(C=C)c2)no1,-0.0,0.3543763879859335,-0.5531250000000001,-0.19874861201406657,0.8724350999811781,0.3543763879859335,0.9765625,200
C=CC=Cc1ccc(C2NCCN2CCNN2NC(=O)C2CC2CC2)cc1-c1ccoc1,-0.0,0.5004219553026252,-0.5472656250000001,-0.04684366969737486,0.8967939109715197,0.5004219553026252,0.9736328125,200
CC(CNc1cccc(C2(Cl)C3CNCC2CNC3)c1)c1ccccc1,-0.0,0.7018877845372778,-0.5062500000000001,0.19563778453727776,0.8693806103464595,0.7018877845372778,0.953125,200
C=Cc1ccccc1C1(c2ccccc2-c2ccco2)CC1CN1CCNC1CCC1CCCN1C(=O)CCN1CCCN1,-0.0,0.289375610901422,-0.5003906250000001,-0.2110150140985781,0.9547184843280534,0.289375610901422,0.9501953125,200
C=Cc1cccc(C2(c3ccccc3C=C)CC(OC3NOC(C4CNCCN4)N3)CCN2C(=O)C2CCOC2)c1,-0.0,0.3922074353225463,-0.5355468750000001,-0.14333943967745377,0.8421545506833408,0.3922074353225463,0.9677734375,200
C=Cc1cc(C2(C=C)C=CCC(C3NCCN4CCNC34)C2)ccc1-c1ccccc1,-0.0,0.704934743003573,-0.5257812500000001,0.17915349300357286,0.8962033731670348,0.704934743003573,0.962890625,200
C=Cc1cccc(N2CCCC(c3ccccc3N3CCC4CC=CCC43)C2)c1,-0.0,0.5742010611715818,-0.4671875000000001,0.10701356117158167,0.9384696499363654,0.5742010611715818,0.93359375,200
C=Cc1ccc(-c2cc(C3CCCC4NNC(=O)CC43)co2)c(C=C)c1,-0.0,0.8546499303380782,-0.5453125000000001,0.30933743033807815,0.8961105186514895,0.8546499303380782,0.97265625,200
C=CC(=O)CN(c1cc(-c2ccccc2)co1)C1C2CNCC1CNC2,-0.0,0.782468865128619,-0.5472656250000001,0.23520324012861893,0.8652216100499341,0.782468865128619,0.9736328125,200
C=CC=CC1(c2ccc(C=C)cc2)N(C(=O)COc2ccccc2)CC(C2NCON2)C12CCOCC2,-0.0,0.532939457345226,-0.5355468750000001,-0.0026074176547741246,0.8174512237714281,0.532939457345226,0.9677734375,200
C=Cc1ccc(-c2ccco2)cc1C1(C=C)CCCCN2C(=O)N(CC3CC3)NC21,-0.0,0.6766435614483259,-0.5394531250000001,0.13719043644832585,0.9094036954875752,0.6766435614483259,0.9697265625,200
C=Cc1ccc(C=C)c(C2(c3ccccc3)COCCN2C23NC(=O)NC(=O)C2NCC3=O)c1,-0.0,0.6299478352320935,-0.5375000000000001,0.09244783523209343,0.8330443238103147,0.6299478352320935,0.96875,200
C=Cc1ccc(-c2ccccc2)c(C2(C=C)C(CCCN3CCCO3)CCCN2C(=O)C2CCOC2)c1,-0.0,0.3920370322961033,-0.5238281250000001,-0.13179109270389677,0.8883033107789843,0.3920370322961033,0.9619140625,200
C=Cc1cc(-c2ccoc2)ccc1S1(C=C)C(NC(=O)CC2(N3CC=CC3)CCOCC2)NNC1C1CCCCC1,-0.0,0.31228894139386676,-0.5414062500000001,-0.22911730860613333,0.8796316260887134,0.31228894139386676,0.970703125,200
C=Cc1ccc(C2(c3cccc(-c4ccoc4)c3)CNCCC2CN2CNNC2C2CCCN2C(=O)CC2CCNCC2)cc1,-0.0,0.2836132107864294,-0.5003906250000001,-0.21677741421357066,0.9402126347063651,0.2836132107864294,0.9501953125,200
C=Cc1ccc(C2(C3CCCN(C=C)C3)CCCC23C(C(=O)NCC2CCCN2)c2ccccc2C(=O)N3C2C=CC=CC2)cc1,-0.0,0.3636133511463027,-0.5179687500000001,-0.15435539885369737,0.8766439623681591,0.3636133511463027,0.958984375,200
C=Cc1ccccc1C1(c2ccc(C3CCNCC3)cc2)CC1CN1CCNC1CCC1CCCN1C(=O)CCN1CCCN1,-0.0,0.32393429539294916,-0.4964843750000001,-0.17255007960705093,0.9096382447420421,0.32393429539294916,0.9482421875,200
C=Cc1cccc(OC2(c3cccc(-c4ccoc4)c3)C=CCC(N3CCCC3)C2)c1,-0.0,0.42322855930447306,-0.5140625000000001,-0.09083394069552703,0.8968702914047357,0.42322855930447306,0.95703125,200
C=Cc1ccc(C2(C=C)C=CCC(CN3CCNc4ccccc43)C2)cc1C=C,-0.015278240396146003,0.5902704040627724,-0.5140625000000001,0.06092966366662633,0.792360879801927,0.5902704040627724,0.95703125,200
C=CC1CCCN(c2cccc(C3(Cc4ccccn4)CCCC4NNC(=O)CC43)c2)C1,-0.0,0.6997215425656753,-0.5257812500000001,0.17394029256567523,0.8774809988017699,0.6997215425656753,0.962890625,200
C=CC=CC=CC1(C=C)CN(c2ccccc2)CCN1C1=NCCN1C(=O)c1ccccc1,-0.0,0.49090253432515435,-0.5160156250000001,-0.02511309067484574,0.8430080287647397,0.49090253432515435,0.9580078125,200
C=Cc1cccc(-c2cc(C3(C=C)C(NC(=O)CCC4CCCCC4)CCN3C3CC(N4CCOCC4)CNN3)co2)c1,-0.0,0.33596921108714,-0.5238281250000001,-0.18785891391286008,0.8753800735468328,0.33596921108714,0.9619140625,200
C=Cc1ccc(C2CCCO2)cc1C1(c2ccccn2)C2CNCC1CNC2,-0.0,0.8607825707103776,-0.5316406250000001,0.32914194571037747,0.8520649331896715,0.8607825707103776,0.9658203125,200
C=Cc1coc(C2(C3CCN(C=C)CC3)CN(C3CCCCN3)CCN2C(=O)CC2COc3ccccc3NC2=O)c1,-0.1424589040668376,0.5118713779019548,-0.5179687500000001,-0.14855627616488287,0.7287705479665813,0.5118713779019548,0.958984375,200
C=Cc1cccc(-c2ccccc2C2(C=C)COCCN2C23NC(=O)NC(=O)C2NCC3=O)c1,-0.0,0.5911270491665952,-0.5550781250000001,0.03604892416659511,0.8298435028979307,0.5911270491665952,0.9775390625,200
O=C(CCC1CCCCC1)NC1CCN(C2CC(N3CCOCC3)CNN2)C1c1cc(C2CNCCC2c2ccccc2)ccc1-c1ccccc1,-0.0,0.19657701889182863,-0.4964843750000001,-0.29990735610817143,0.9333146684932268,0.19657701889182863,0.9482421875,200
C=Cc1ccc(S2(C=C)C=CC=C2C(=O)NC2CCCC2C(=O)N2CCc3ccccc3C2)cc1C=C,-0.012418827624704143,0.45854972495196716,-0.5335937500000001,-0.08746285267273707,0.793790586187648,0.45854972495196716,0.966796875,200
C=Cc1ccc(C2(c3nnc(C=C)o3)C3CNCC2CNC3)cc1,-0.0,0.9022633298859601,-0.5765625000000001,0.32570082988596005,0.8016937762532957,0.9022633298859601,0.98828125,200
C=CC=Cc1ccc(-c2ccc(C3CC(N4CNNN4)CC=C3C(=O)NC3=CCC4NC(=O)C5CCCN5C(=O)C4C3)cc2)cc1,-0.0,0.30179407526069413,-0.5628906250000001,-0.26109654973930596,0.8486428425879649,0.30179407526069413,0.9814453125,200
C=Cc1cccc(-c2ccccc2C2(C=C)NCCCC2CN2CNC3CCCNC32)c1,-0.0,0.5995315224044201,-0.5316406250000001,0.06789089740442,0.9183489130082525,0.5995315224044201,0.9658203125,200
C=Cc1coc(-c2ccc(C3(C=C)CN(C4CNC(N5CCNCC5)NC4)CCC3C(=O)NCC3CCCO3)cc2)c1,-0.0,0.33957448106209354,-0.5531250000000001,-0.21355051893790655,0.829854232221402,0.33957448106209354,0.9765625,200
C=Cc1cccc(-c2cc(C3CCCCN4C(=O)N(CC5CC5)NC34)ccc2C2CCCC2)c1,-0.0,0.5141281204468152,-0.5042968750000001,0.009831245446815129,0.9227223152912305,0.5141281204468152,0.9521484375,200
C=Cc1ccc(C=CC2(c3ccccc3)C(CCCN3CCCO3)CCCN2C(=O)C2CCOC2)cc1,-0.0,0.42794982556723243,-0.4984375000000001,-0.07048767443276766,0.881058572058439,0.42794982556723243,0.94921875,200
C1=CCC2(C=Cc3ccccc3)CCN(c3cccc(N4CCCCC4)c3)C2C1,-0.025402861711905755,0.570343646240902,-0.4554687500000001,0.0894720345289961,0.7872985691440472,0.570343646240902,0.927734375,200
O=C(CCN1CCCN1)N1CCCC1CCC1NCCN1CC1CC1(c1cccc(N2CCCC(c3ccco3)C2)c1)c1ccco1,-0.0,0.28110630149227095,-0.4945312500000001,-0.21342494850772914,0.9396034984636377,0.28110630149227095,0.947265625,200
C=Cc1cccc(C2(c3ccccc3C=C)CCCCN3C(=O)N(CC4CC4)NC32)c1,-0.0,0.6862114482818324,-0.5140625000000001,0.17214894828183236,0.9435772886386408,0.6862114482818324,0.95703125,200
C=CC=Cc1ccccc1-c1cccc(C2CC2CN2CCNC2CCC2CCCN2C(=O)CCN2CCCN2)c1,-0.0,0.35144021520245383,-0.5101562500000001,-0.15871603479754626,0.8777533567833486,0.35144021520245383,0.955078125,200
C=Cc1ccccc1C1(c2cc(-c3ccco3)co2)C(NC(=O)CCC2CCCCC2)CCN1C1CC(N2CCOCC2)CNN1,-0.0,0.27138353431047585,-0.5160156250000001,-0.24463209068952424,0.9302495648078375,0.27138353431047585,0.9580078125,200
C=Cc1ccc(-c2ccccc2)cc1C1(C=C)CSCCN1C(=O)CCNC1C(c2ccccc2)NC2CNCCN21,-0.0,0.3158423972352242,-0.5414062500000001,-0.22556385276477586,0.9023337251109119,0.3158423972352242,0.970703125,200
C=CC1(C=CC2CCCN(c3ccco3)C2)CN(c2ccccc2)CCN1C1=NCCN1C(=O)c1ccccc1,-0.010777110628884312,0.4006051663417818,-0.5160156250000001,-0.12618756928710262,0.7946114446855579,0.4006051663417818,0.9580078125,200
C=CN1CCCC(C2(c3cccc(-c4ccccc4)c3)C=CCC(CN3CCC(CCC4NC(C5CCOCC5)NO4)CC3)N2)C1,-0.0,0.2794645764398232,-0.5375000000000001,-0.2580354235601769,0.8959912350011452,0.2794645764398232,0.96875,200
C=CN=Cc1cccc(-c2cccc(C3NCCN3CCNN3NC(=O)C3CC3CC3)c2)c1,-0.0,0.4917877822136981,-0.5375000000000001,-0.04571221778630197,0.9124857585052545,0.4917877822136981,0.96875,200
C=Cc1ccc(C2C=CCC(C3=CCC(N4CCOCC4)NN3)C2)c(C=Cc2ccoc2)c1,-0.0,0.602495782450568,-0.5238281250000001,0.07866765745056792,0.9066135410565198,0.602495782450568,0.9619140625,200
C=CC1(C=CC2CCCN(c3ccccc3)C2)C(C2NC(Cc3ccccc3)NO2)CN1S(=O)(=O)c1ccccc1,-0.06434467121532506,0.362861388894545,-0.5218750000000001,-0.22335828232078014,0.7678276643923375,0.362861388894545,0.9609375,200
C=Cc1coc(OC2(c3ccccc3)NCCCC2CN2CNC3CCCNC32)c1,-0.0,0.6828802654907452,-0.5218750000000001,0.16100526549074512,0.8740291552888276,0.6828802654907452,0.9609375,200
C=CCN(C)C1(C=Cc2ccoc2)C(C2NC(Cc3ccccc3)NO2)CN1S(=O)(=O)c1ccccc1,-0.02924865735555926,0.3961786587725922,-0.5550781250000001,-0.18814812358296717,0.7853756713222204,0.3961786587725922,0.9775390625,200
C=CC=CC1(c2nnc(C=C)o2)CN(c2ccccc2)CCN1C1=NCCN1C(=O)c1ccccc1,-0.0,0.4968304044507651,-0.5218750000000001,-0.025044595549234994,0.8662235507229824,0.4968304044507651,0.9609375,200
C=CC1(C2CCOC2c2coc(-c3ccco3)c2)C2CC(c3ccccc3)NN2CCCN1C(=O)CCS(=O)(=O)C1=CC=CC2NCCC2C1,-0.0,0.2708254818334534,-0.5531250000000001,-0.2822995181665467,0.8694665646734809,0.2708254818334534,0.9765625,200
C=Cc1cc(C2(COC)C3CNCC2CNC3)ccc1-c1ccccc1,-0.0,0.8696105654265469,-0.5316406250000001,0.3379699404265468,0.8929143381835347,0.8696105654265469,0.9658203125,200
C=CC=Cc1ccccc1S1(C=C)C=CC=C1C(=O)NC1CCCC1C(=O)N1CCc2ccccc2C1,-0.012418827624704143,0.433923875911591,-0.5394531250000001,-0.11794807671311325,0.793790586187648,0.433923875911591,0.9697265625,200
C=Cc1cc(C2(c3coc(C=C)c3)C3CNCC2CNC3)ccn1,-0.005270213863636908,0.9089397815928829,-0.5726562500000001,0.3310133177292459,0.7973648930681816,0.9089397815928829,0.986328125,200
C=Cc1ccc(-c2cccc(O)c2)c(C2(c3ccco3)CCCCN3C(=O)N(CC4CC4)NC32)c1,-0.0,0.4828088207276471,-0.4964843750000001,-0.013675554272353008,0.9690010836354728,0.4828088207276471,0.9482421875,200
Cc1ccc(-c2ccccc2)c(-c2ccc(C3CNCCC3CN3CNNC3C3CCCN3C(=O)CC3CCNCC3)cc2)c1,-0.0,0.28635013338033205,-0.5199218750000001,-0.23357174161966804,0.967819796890846,0.28635013338033205,0.9599609375,200
C=Cc1ccc(C=CS2(C=C)C=CC=C2C(=O)NC2CCCC2C(=O)N2CCc3ccccc3C2)cc1,-0.037034786481555004,0.46042910751995925,-0.5238281250000001,-0.10043380396159585,0.7814826067592225,0.46042910751995925,0.9619140625,200
C=CC=CC1(c2ccccc2C=C)CCCCC2C(C(=O)NCCC3CCCC3=O)NC(c3ccccc3)N21,-0.0,0.3925285147945842,-0.5335937500000001,-0.14106523520541586,0.910789492117062,0.3925285147945842,0.966796875,200
CC(C)(OC1COCCN1C12NC(=O)NC(=O)C1NCC2=O)c1ccccc1-c1ccc(-c2ccccc2)cc1,-0.0,0.44115464772982704,-0.5296875000000001,-0.08853285227017305,0.9046218040535026,0.44115464772982704,0.96484375,200
C=Cc1coc(-c2ccc(C3C4CC(c5ccccc5)NN4CCCN3C(=O)CCS(=O)(=O)C3=CC=CC4NCCC4C3)c(C=C)c2)c1,-0.0,0.2715428291650703,-0.5472656250000001,-0.2757227958349298,0.9253529372430245,0.2715428291650703,0.9736328125,200
C=CC=CC1(c2coc(C=C)c2)C(C2NC(Cc3ccccc3)NO2)CN1S(=O)(=O)c1ccccc1,-0.0,0.4260718637658966,-0.5550781250000001,-0.12900626123410347,0.8483012784430015,0.4260718637658966,0.9775390625,200
C=Cc1ccc(N2CCCCC2)c(C2(c3ccco3)N(C(=O)COc3ccccc3)CC(C3NCON3)C23CCOCC3)c1,-0.0,0.37887266508084905,-0.5179687500000001,-0.13909608491915104,0.8782370951949104,0.37887266508084905,0.958984375,200
O=C(c1ccccc1-c1ccccc1)C(N1CCCCC1)N1CCC2CC=CCC21,-0.0,0.49662509259752696,-0.5042968750000001,-0.007671782402473126,0.9334267873213342,0.49662509259752696,0.9521484375,200
C=Cc1ccc(-c2ccc(C3C=CCC(CN4CCC(CCC5NC(C6CCOCC6)NO5)CC4)N3)cc2)cc1C=C,-0.0,0.2928866243467259,-0.5414062500000001,-0.24851962565327418,0.9002686372892947,0.2928866243467259,0.970703125,200
C=Cc1coc(C2CCN(C3(C=C)C(C4NC(Cc5ccccc5)NO4)CN3S(=O)(=O)c3ccccc3)CC2)c1,-0.11840609010066316,0.3770622832629117,-0.5472656250000001,-0.28860943183775156,0.7407969549496685,0.3770622832629117,0.9736328125,200
C=CC=CS1(c2cccc(-c3ccccc3)c2)C(NC(=O)CC2(N3CC=CC3)CCOCC2)NNC1C1CCCCC1,-0.0,0.2331298422210635,-0.5296875000000001,-0.2965576577789366,0.9099752333657316,0.2331298422210635,0.96484375,200
C=Cc1cc(-c2cc(C3(C4CCCCC4C)C=CCC(CN4CCNc5ccccc54)C3)co2)co1,-0.0,0.3600189040246957,-0.5316406250000001,-0.17162172097530437,0.8310477627563496,0.3600189040246957,0.9658203125,200
C=CC=CC1CCCN(C2(C3CC3)CN(c3ccccc3)CCN2C2=NCCN2C(=O)c2ccccc2)C1,-0.009999745617632172,0.5207849071569399,-0.4964843750000001,0.014300786539307664,0.795000127191184,0.5207849071569399,0.9482421875,200
C=Cc1ccc(-c2cccc(C3CCN(C4CC4CN4CCNC4CCC4CCCN4C(=O)CCN4CCCN4)CC3O)c2)cc1,-0.0,0.3272831308815795,-0.5277343750000001,-0.20045124411842058,0.8987822366174277,0.3272831308815795,0.9638671875,200
C=Cc1cccc(-c2cccc(S3(C=C)C(NC(=O)CC4(N5CC=CC5)CCOCC4)NNC3C3CCCCC3)c2)c1,-0.0,0.2918147299610132,-0.5316406250000001,-0.23982589503898688,0.9099752333657316,0.2918147299610132,0.9658203125,200
C=Cc1ccc(C2(C=C)NCCC3C(=O)NC(c4ccccc4)NC32)c(N(C)C)c1,-0.0,0.6727048309573979,-0.5160156250000001,0.15668920595739777,0.819634737016908,0.6727048309573979,0.9580078125,200
C=Cc1cc(-c2ccccc2)ccc1S1(c2ccoc2)C(NC(=O)CC2(N3CC=CC3)CCOCC2)NNC1C1CCCCC1,-0.0,0.221374524014725,-0.5472656250000001,-0.3258911009852751,0.9283398854777861,0.221374524014725,0.9736328125,200
C=Cc1ccccc1C1(c2cccc(-c3ccco3)c2)COCCN1C12NC(=O)NC(=O)C1NCC2=O,-0.0,0.49461121752984216,-0.5492187500000001,-0.05460753247015793,0.907760286463198,0.49461121752984216,0.974609375,200
C=Cc1ccccc1-c1nc(C2(c3ccccc3)CNCCC2CN2CNNC2C2CCCN2C(=O)CC2CCNCC2)cs1,-0.0,0.2803190299626761,-0.5257812500000001,-0.24546222003732399,0.9401912976643778,0.2803190299626761,0.962890625,200
C=Cc1coc(C=CC2(C=C)C=CCC(CN3CCNc4ccccc43)C2)c1,-0.12525891747623663,0.6298355136093885,-0.5394531250000001,-0.03487652886684822,0.7373705412618817,0.6298355136093885,0.9697265625,200
C=Cc1nnc(C2(c3ccccc3-c3ccccc3)C=CCC(CN3CCC(CCC4NC(C5CCOCC5)NO4)CC3)N2)o1,-0.0,0.26659476958739403,-0.5414062500000001,-0.27481148041260606,0.9573602915768037,0.26659476958739403,0.970703125,200
C=Cc1cccc(-c2ccccc2C2(C=C)CC2CN2CCNC2CCC2CCCN2C(=O)CCN2CCCN2)c1,-0.0,0.36079278801973164,-0.5179687500000001,-0.15717596198026845,0.8795235097942415,0.36079278801973164,0.958984375,200
C=CC=CC=CC1(C=C)CN(c2ccccc2)CCN1C1=NCCN1C(=O)c1ccccc1,-0.0,0.49090253432515435,-0.5160156250000001,-0.02511309067484574,0.8430080287647397,0.49090253432515435,0.9580078125,200
O=C(CCN1CCCN1)N1CCCC1CCC1NCCN1CC1CC1(c1ccoc1)c1ccccc1N1CCC(c2ccccc2)CC1,-0.0,0.2657794275777322,-0.4593750000000001,-0.19359557242226788,0.9174686686596065,0.2657794275777322,0.9296875,200
C=Cc1ccc(C=CC2(C=C)CCCCC3C(C(=O)NCCC4CCCC4=O)NC(c4ccccc4)N32)cc1,-0.0,0.39249919515451465,-0.5414062500000001,-0.14890705484548544,0.8124810863390496,0.39249919515451465,0.970703125,200
C=Cc1ccc(C2(c3cc(C=C)co3)CCCCN3C(=O)N(CC4CC4)NC32)cc1,-0.0,0.7372200255179383,-0.5335937500000001,0.20362627551793822,0.9147892230328314,0.7372200255179383,0.966796875,200
O=C(NC1CCCC1C(=O)N1CCc2ccccc2C1)C1=CC=CS1(C=Cc1ccco1)c1cc(N2CCCCC2)co1,-0.0,0.3180417049306073,-0.5199218750000001,-0.2018801700693928,0.8690412854070051,0.3180417049306073,0.9599609375,200
C=Cc1cccc(C2CCCN(C3(c4ccccc4)C(NC(=O)CCC4CCCCC4)CCN3C3CC(N4CCOCC4)CNN3)C2)c1,-0.0,0.3154922581619174,-0.4925781250000001,-0.1770858668380827,0.8144212154822787,0.3154922581619174,0.9462890625,200
O=C(CC1CCNCC1)N1CCCC1C1NNCN1CC1CCNCC1c1ccc(C=Cc2ccccc2)c(-c2ccccc2)c1,-0.0,0.24453840787919906,-0.5121093750000001,-0.26757096712080103,0.9457239875095507,0.24453840787919906,0.9560546875,200
C=Cc1ccc(C2(c3coc(N4CCCCC4)c3)CCCCN3C(=O)N(CC4CC4)NC32)cc1,-0.0,0.6304478447910732,-0.5082031250000001,0.1222447197910731,0.9166945763865846,0.6304478447910732,0.9541015625,200
C=Cc1ccc(C2(c3cncnc3)C3CNCC2CNC3)c(C=C)c1,-0.0,0.9031009539972766,-0.5628906250000001,0.34021032899727655,0.8313177843410677,0.9031009539972766,0.9814453125,200
C=CC=CC1(C=Cc2ccccc2)CN(C2CCCCN2)CCN1C(=O)CC1COc2ccccc2NC1=O,-0.06444533056786739,0.5214042662828244,-0.5121093750000001,-0.05515043928504304,0.7677773347160664,0.5214042662828244,0.9560546875,200
C=CS1(c2cc(C=Cc3ccoc3)co2)C=CC=C1C(=O)NC1CCCC1C(=O)N1CCc2ccccc2C1,-0.0,0.364953606561281,-0.5414062500000001,-0.17645264343871908,0.8864588714822582,0.364953606561281,0.970703125,200
C=Cc1ccc(S2(C=C)C=CC=C2C(=O)NC2CCCC2C(=O)N2CCc3ccccc3C2)cc1-c1ccoc1,-0.0,0.3390308997713833,-0.5316406250000001,-0.1926097252286168,0.890330100331727,0.3390308997713833,0.9658203125,200
C=CC=CC1(c2cccc(-c3ccccc3)c2)CNCCC1CN1CNNC1C1CCCN1C(=O)CC1CCNCC1,-0.0,0.34288700975434183,-0.4964843750000001,-0.15359736524565826,0.8927013143411507,0.34288700975434183,0.9482421875,200
C=CC1CCN(c2cccc(C3(C=C)CSCCN3C(=O)CCNC3C(c4ccccc4)NC4CNCCN43)c2)CC1,-0.10157844783840364,0.3852213548415267,-0.5335937500000001,-0.24995084299687703,0.7492107760807982,0.3852213548415267,0.966796875,200
C=Cc1ccccc1C1CN(C=C)CCC1C1CCCCC2C(C(=O)NCCC3CCCC3=O)NC(c3ccccc3)N21,-0.0,0.3788735458453736,-0.5199218750000001,-0.1410483291546265,0.8116299841275887,0.3788735458453736,0.9599609375,200
C=Cc1ccc(-c2cccc(C=CC3COCCN3C34NC(=O)NC(=O)C3NCC4=O)c2)cc1,-0.0,0.6319158288456121,-0.5375000000000001,0.09441582884561206,0.8109407157542867,0.6319158288456121,0.96875,200
C=CC1(c2ccccc2N2CCCC(c3ccccc3)C2)NCCN1CCNN1NC(=O)C1CC1CC1,-0.0,0.43526177011247563,-0.4867187500000001,-0.05145697988752446,0.9073136184807435,0.43526177011247563,0.943359375,200
C=Cc1ccccc1-c1cc(C2(N3CCCCC3)NCCN2CCNN2NC(=O)C2CC2CC2)co1,-0.0,0.47252890972204437,-0.5179687500000001,-0.04543984027795572,0.8709992373374927,0.47252890972204437,0.958984375,200
C=Cc1ccc(S2(C=C)C=CC=C2C(=O)NC2CCCC2C(=O)N2CCc3ccccc3C2)c(C=C)c1,-0.012418827624704143,0.45854972495196716,-0.5335937500000001,-0.08746285267273707,0.793790586187648,0.45854972495196716,0.966796875,200
C=CC=Cc1cc(C2(C=C)C=CCC(CN3CCNc4ccccc43)C2)co1,-0.0008917842896016825,0.5129297130218311,-0.5316406250000001,-0.01960269626777067,0.7995541078551992,0.5129297130218311,0.9658203125,200
C=Cc1ccccc1C1(N2CCCC(c3ccccc3)C2)CCCN1C(=O)C1CNN(C2CC(c3ncno3)CCN2)C1,-0.0,0.427227000170308,-0.5375000000000001,-0.11027299982969208,0.8276325719009294,0.427227000170308,0.96875,200
O=C(c1ccccc1)N1CCN=C1N1CCN(c2ccccc2)CC1C1CCN(c2nnco2)CC1C1CCCN(c2ccoc2)C1,-0.21790196773379855,0.29844053153672395,-0.5062500000000001,-0.4257114361970747,0.6910490161331008,0.29844053153672395,0.953125,200
C=Cc1cc(COC)ccc1N1CCC2(C=C)CC=CCC12,-0.12752041325267238,0.7373919557674304,-0.5335937500000001,0.07627779251475797,0.7362397933736639,0.7373919557674304,0.966796875,200
C=CC=CC1(c2ccc(C=C)cc2)CSCCN1C(=O)CCNC1C(c2ccccc2)NC2CNCCN21,-0.07802044540193953,0.4307219316581716,-0.5394531250000001,-0.18675163874376804,0.7609897772990303,0.4307219316581716,0.9697265625,200
C=Cc1cc(C2CCCCN3C(=O)N(CC4CC4)NC23)ccc1-c1ccccc1-c1ccco1,-0.0,0.46325987955774034,-0.5179687500000001,-0.05470887044225975,0.964176082188455,0.46325987955774034,0.958984375,200
C=Cc1ccc(C2(C=C)C3CC(c4ccccc4)NN3CCCN2C(=O)CCS(=O)(=O)C2=CC=CC3NCCC3C2)cc1C=C,-0.0,0.357282296996902,-0.5394531250000001,-0.18217082800309808,0.831452240518562,0.357282296996902,0.9697265625,200
C=Cc1ccc(C2(C=C)NCCN2CCNN2NC(=O)C2CC2CC2)c(-c2ccco2)c1,-0.0,0.5007050957110238,-0.5394531250000001,-0.03874802928897625,0.894112468657407,0.5007050957110238,0.9697265625,200
C=Cc1ccc(N2CCCC(C3CCCCC4C(C(=O)NCCC5CCCC5=O)NC(c5ccccc5)N34)C2)cc1C=C,-0.030894230572117376,0.3620670318576925,-0.5062500000000001,-0.17507719871442495,0.7845528847139414,0.3620670318576925,0.953125,200
C=Cc1coc(-c2ccccc2C=CC2CCCC3NNC(=O)CC23)c1,-0.0,0.8602671665940398,-0.5550781250000001,0.3051890415940397,0.8220401019216637,0.8602671665940398,0.9775390625,200
C=Cc1coc(-c2cc(C3(c4ccoc4)C4CNCC3CNC4)ccc2[N+](=O)[O-])c1,-0.0,0.49518297104547426,-0.5550781250000001,-0.059895153954525826,0.9092332398252518,0.49518297104547426,0.9775390625,200
C=Cc1coc(C(=O)C(c2ccoc2)C2C3CNCC2CNC3)c1,-0.120383993790796,0.8266463415987737,-0.5746093750000001,0.1316529728079776,0.739808003104602,0.8266463415987737,0.9873046875,200
C=CC1CCN(C=C)CC1C1(C#N)CN(c2ccccc2)CCN1C1=NCCN1C(=O)c1ccccc1,-0.0679839315366233,0.5910420589367611,-0.5042968750000001,0.018761252400137707,0.7660080342316884,0.5910420589367611,0.9521484375,200
C=Cc1cc(S2(c3coc(C=C)c3)C=CC=C2C(=O)NC2CCCC2C(=O)N2CCc3ccccc3C2)on1,-0.0,0.3930011894020571,-0.5199218750000001,-0.126920685597943,0.8636495068944504,0.3930011894020571,0.9599609375,200
C=Cc1ccc(-c2cccc(C3(C=C)NCCCC3CN3CNC4CCCNC43)c2)cc1,-0.0,0.5995315224044201,-0.5316406250000001,0.06789089740442,0.9222177564208653,0.5995315224044201,0.9658203125,200
C=CC1CCN(C=C)CC1c1coc(C2C=CCC(CN3CCNc4ccccc43)C2)c1,-0.0,0.5711327837354956,-0.5082031250000001,0.0629296587354955,0.8058521999631901,0.5711327837354956,0.9541015625,200
O=C1CC2C(CCCC2(NNc2ccc([NH+]3CCc4ccccc4C3)cc2)c2ccco2)NN1,-0.0,0.37984279403453,-0.5140625000000001,-0.13421970596547012,0.9008870299802743,0.37984279403453,0.95703125,200
C=CC=Cc1coc(C2(C=C)C(C3NC(Cc4ccccc4)NO3)CN2S(=O)(=O)c2ccccc2)c1,-0.0,0.33643798038238243,-0.5511718750000001,-0.21473389461761766,0.8483012784430015,0.33643798038238243,0.9755859375,200
C=CC=CC1(C=Cc2ccoc2)C2CC(c3ccccc3)NN2CCCN1C(=O)CCS(=O)(=O)C1=CC=CC2NCCC2C1,-0.004778416339668468,0.3861463490646602,-0.5453125000000001,-0.16394456727500833,0.7976107918301658,0.3861463490646602,0.97265625,200
C=Cc1cccc(-c2cccc(C3(C=C)CNCCC3CN3CNNC3C3CCCN3C(=O)CC3CCNCC3)c2)c1,-0.0,0.3416943619798492,-0.5140625000000001,-0.17236813802015089,0.8927013143411507,0.3416943619798492,0.95703125,200
C=Cc1coc(C2(C=CC3CCNCC3)CN(c3ccccc3)CCN2C2=NCCN2C(=O)c2ccccc2)c1,-0.0,0.44995112074863747,-0.5003906250000001,-0.05043950425136262,0.8961993686037268,0.44995112074863747,0.9501953125,200
C=CN1CCCC(N(C)CC(=O)C2(Oc3ccccc3)CN(c3ccccc3)CCN2C2=NCCN2C(=O)c2ccccc2)C1,-0.0,0.3616658811942988,-0.4535156250000001,-0.09184974380570127,0.8262939232884591,0.3616658811942988,0.9267578125,200
C=CC=CC1(c2ccccc2C=C)C=CCC(CN2CCNc3ccccc32)C1,-0.015278240396146003,0.4719873824900858,-0.5101562500000001,-0.053447107906060276,0.792360879801927,0.4719873824900858,0.955078125,200
C=Cc1coc(C2(C=Cc3ccoc3)C=CCC(CN3CCNc4ccccc43)C2)c1,-0.0,0.47806269102369797,-0.5335937500000001,-0.05553105897630212,0.9080959130194145,0.47806269102369797,0.966796875,200
C=Cc1cccc(N=CC23CC=CCC2N(c2ccc4c(c2)OCO4)CC3)c1,-0.0171679133716236,0.5339659747228112,-0.5218750000000001,-0.0050769386488125345,0.7914160433141882,0.5339659747228112,0.9609375,200
C=Cc1ccccc1-c1cc(C2C(CCCN3CCCO3)CCCN2C(=O)C2CCOC2)ccc1C1CCOC1,-0.0,0.3744226231446332,-0.5140625000000001,-0.13963987685536688,0.9130576199126528,0.3744226231446332,0.95703125,200
C=Cc1cccc(-c2cc(C3(C=C)NCCCC3CN3CNC4CCCNC43)co2)c1,-0.0,0.6212459228161775,-0.5316406250000001,0.08960529781617743,0.8974449326489168,0.6212459228161775,0.9658203125,200
C=Cc1cccc(S2(c3cccc(-c4ccoc4)c3)C(NC(=O)CC3(N4CC=CC4)CCOCC3)NNC2C2CCCCC2)c1,-0.0,0.2213745240147248,-0.5414062500000001,-0.3200317259852753,0.9400788062311394,0.2213745240147248,0.970703125,200
C=Cc1cccc(C2(C=Cc3ccccc3)C=CCC(CN3CCC(CCC4NC(C5CCOCC5)NO4)CC3)N2)c1,-0.0,0.31275304797417625,-0.5277343750000001,-0.21498132702582384,0.8918303349114949,0.31275304797417625,0.9638671875,200
C=CC1(c2cc(C(C)(C)Oc3ccccc3)co2)CCCCC2C(C(=O)NCCC3CCCC3=O)NC(c3ccccc3)N21,-0.0,0.25197463911928075,-0.5433593750000001,-0.29138473588071934,0.9607363834734751,0.25197463911928075,0.9716796875,200
C=CC1(C=CC=Cc2ccccc2)N(C(=O)COc2ccccc2)CC(C2NCON2)C12CCOCC2,-0.16876725742004806,0.4220928250004477,-0.5335937500000001,-0.28026818241960044,0.715616371289976,0.4220928250004477,0.966796875,200
C=CC=CC1(c2coc(C=C)c2)CCCCC2C(C(=O)NCCC3CCCC3=O)NC(c3ccccc3)N21,-0.0,0.4239908752458427,-0.5492187500000001,-0.12522787475415736,0.8894089220493715,0.4239908752458427,0.974609375,200
C=Cc1ccccc1C=CC1(c2ccoc2)C2CNCC1CNC2,-0.0,0.9073703774725774,-0.5531250000000001,0.35424537747257734,0.8445063445192024,0.9073703774725774,0.9765625,200
C=Cc1coc(C2(c3cc4c(cc3C=C)OCCO4)C=CCC(CN3CCC(CCC4NC(C5CCOCC5)NO4)CC3)N2)c1,-0.0,0.31216137634558455,-0.5238281250000001,-0.21166674865441554,0.8894762229013894,0.31216137634558455,0.9619140625,200
C=CS1(c2cc(C=Cc3ccoc3)no2)C=CC=C1C(=O)NC1CCCC1C(=O)N1CCc2ccccc2C1,-0.0,0.3948399163495315,-0.5570312500000001,-0.16219133365046862,0.8767287632264764,0.3948399163495315,0.978515625,200
C=CC1(c2ccccc2C=Cc2ccccc2)COCCN1C12NC(=O)NC(=O)C1NCC2=O,-0.0,0.4655345593159404,-0.5375000000000001,-0.07196544068405969,0.8442401318019862,0.4655345593159404,0.96875,200
C=Cc1ccc(C2(c3ccccc3[N+](=O)[O-])C(CCCN3CCCO3)CCCN2C(=O)C2CCOC2)cc1C=C,-0.0,0.27643947555520065,-0.5218750000000001,-0.24543552444479944,0.8787892806730794,0.27643947555520065,0.9609375,200
C1=CC(C=Cc2ccccc2)(c2cccc(-c3ccoc3)c2)NC(CN2CCC(CCC3NC(C4CCOCC4)NO3)CC2)C1,-0.0,0.2280845563754973,-0.5375000000000001,-0.3094154436245028,0.9445554376621905,0.2280845563754973,0.96875,200
C=CC=CC1(c2ccccc2C=C)C(C2NC(Cc3ccccc3)NO2)CN1S(=O)(=O)c1ccccc1,-0.0,0.4092507167993061,-0.5375000000000001,-0.128249283200694,0.8560150421073263,0.4092507167993061,0.96875,200
C=CN1CCC(C2CCCCN3C(=O)N(CC4CC4)NC23)C(c2cccc(-c3ccccc3)c2)C1,-0.0,0.5902530838900039,-0.5062500000000001,0.08400308389000377,0.8595198771117386,0.5902530838900039,0.953125,200
C=CC=CC1(c2ccc(-c3ccccc3)cc2)C2CC(c3ccccc3)NN2CCCN1C(=O)CCS(=O)(=O)C1=CC=CC2NCCC2C1,-0.0,0.2535236664981551,-0.5433593750000001,-0.289835708501845,0.9354945886299249,0.2535236664981551,0.9716796875,200
C=Cc1ccc(-c2cccc(OC(C)(C)C3NCCC4C(=O)NC(c5ccccc5)NC43)c2)cc1,-0.0,0.48166684432736023,-0.5218750000000001,-0.040208155672639856,0.9271798541761939,0.48166684432736023,0.9609375,200
C=CC1CCCN(c2ccc(C3(C=C)C(CC4NCNN4)CN3C(=O)Nc3ccccc3)cc2)C1,-0.0,0.45868289331171663,-0.4984375000000001,-0.039754606688283456,0.823223007862874,0.45868289331171663,0.94921875,200
C=Cc1cccc(C2(c3coc(-c4ccoc4)c3)CC(OC3NOC(C4CNCCN4)N3)CCN2C(=O)C2CCOC2)c1,-0.0,0.31210042175716207,-0.5414062500000001,-0.22930582824283802,0.9053131996507032,0.31210042175716207,0.970703125,200
C=Cc1ccc(C=C)c(-c2cc(C3CN(C4CNC(N5CCNCC5)NC4)CCC3C(=O)NCC3CCCO3)co2)c1,-0.0,0.363494885735176,-0.5296875000000001,-0.16619261426482407,0.8249527528828423,0.363494885735176,0.96484375,200
C=Cc1ccccc1-c1ccc(C2(C=C)C=CCC(CN3CCC(CCC4NC(C5CCOCC5)NO4)CC3)N2)cc1,-0.0,0.3062601390347045,-0.5355468750000001,-0.22928673596529558,0.9002686372892947,0.3062601390347045,0.9677734375,200
C=Cc1ccc(C2(C=C)CCCCC3C(C(=O)NCCC4CCCC4=O)NC(c4ccccc4)N32)cc1C=C,-0.0,0.3874959906221246,-0.5296875000000001,-0.1421915093778755,0.910789492117062,0.3874959906221246,0.96484375,200
C=CC=CC=Cc1ccc(C2NCCC3C(=O)NC(c4ccccc4)NC32)cc1,-0.0,0.6849014887976943,-0.5570312500000001,0.1278702387976942,0.8086252051860267,0.6849014887976943,0.978515625,200
C=CC1(C=Cc2cccc(-c3ccccc3)c2)C(CCCN2CCCO2)CCCN1C(=O)C1CCOC1,-0.0,0.39713626584339873,-0.5257812500000001,-0.12864498415660136,0.8585785489413282,0.39713626584339873,0.962890625,200
C=Cc1cc(C2(C=C)C(NC(=O)CCC3CCCCC3)CCN2C2CC(N3CCOCC3)CNN2)ccc1-c1ccccc1,-0.0,0.31659559670308773,-0.5218750000000001,-0.20527940329691235,0.9085284103061919,0.31659559670308773,0.9609375,200
C=Cc1cccc(C2(C=Cc3ccccc3)N(C(=O)COc3ccccc3)CC(C3NCON3)C23CCOCC3)c1,-0.0,0.4116120005211275,-0.5140625000000001,-0.10245049947887258,0.8553458910429299,0.4116120005211275,0.95703125,200
C=Cc1ccc(C2C(NC(=O)CCC3CCCCC3)CCN2C2CC(N3CCOCC3)CNN2)cc1-c1ccccc1-c1ccoc1,-0.0,0.23833016744838242,-0.5140625000000001,-0.27573233255161766,0.9438868479719085,0.23833016744838242,0.95703125,200
C=CC=Cc1coc(C2(C=C)C(C3NC(Cc4ccccc4)NO3)CN2S(=O)(=O)c2ccccc2)c1,-0.0,0.33643798038238243,-0.5511718750000001,-0.21473389461761766,0.8483012784430015,0.33643798038238243,0.9755859375,200
O=C(C1CNN(C2CC(c3ncno3)CCN2)C1)N1CCCC1(c1ccco1)c1cc(C2CCNCC2)ccc1N1CCCCC1,-0.0,0.35588064392198004,-0.5179687500000001,-0.16208810607802004,0.8390205390343654,0.35588064392198004,0.958984375,200
C=Cc1cccc(-c2ccc(C3(C=C)COCCN3C34NC(=O)NC(=O)C3NCC4=O)cc2)c1,-0.0,0.5911270491665954,-0.5472656250000001,0.04386142416659533,0.8571712010619622,0.5911270491665954,0.9736328125,200
C=Cc1cc(C2(N3CCC(c4ccccc4)CC3)C=CCC(C3=CCC(N4CCOCC4)NN3)C2)co1,-0.018441932030842878,0.5445076681468607,-0.5375000000000001,-0.011434263883982276,0.7907790339845786,0.5445076681468607,0.96875,200
O=C(c1ccccc1)N1CCN=C1N1CCN(c2ccccc2)CC1(C=CC1CCNCC1)C1CCN(c2ccco2)CC1,-0.08712502327372684,0.4009235012350187,-0.5082031250000001,-0.19440464703870824,0.7564374883631366,0.4009235012350187,0.9541015625,200
C=CC=CC1(c2nc(-c3ccccc3)cs2)C2CC(c3ccccc3)NN2CCCN1C(=O)CCS(=O)(=O)C1=CC=CC2NCCC2C1,-0.0,0.270795577096469,-0.5628906250000001,-0.2920950479035311,0.9191765622359795,0.270795577096469,0.9814453125,200
C=CC=Cc1ccc(-c2ccco2)c(C2NCCN2CCNN2NC(=O)C2CC2CC2)c1,-0.0,0.5004219553026252,-0.5492187500000001,-0.04879679469737486,0.894112468657407,0.5004219553026252,0.974609375,200
C=Cc1ccc(C2([NH+]3CCN(C(C)c4ccccc4)CC3)CCCC3NNC(=O)CC32)cc1,-0.08410154939660064,0.6633456263828021,-0.5335937500000001,0.04565032698620142,0.7579492253016997,0.6633456263828021,0.966796875,200
c1cc(-c2ccc(N3CCC(c4ccc(C5NCCCC5CN5CNC6CCCNC65)cc4)CC3)cc2)co1,-0.0,0.40551987965629666,-0.4828125000000001,-0.07729262034370343,0.9348177621256577,0.40551987965629666,0.94140625,200
C=Cc1ccc(C=Cc2ccccc2)c(C2C3CC(c4ccccc4)NN3CCCN2C(=O)CCS(=O)(=O)C2=CC=CC3NCCC3C2)c1,-0.0,0.24554862881943967,-0.5296875000000001,-0.2841388711805604,0.9355597720083109,0.24554862881943967,0.96484375,200
C=CN(C)CC(=O)C1(c2ccc(-c3ccccc3)cc2)CCCCN2C(=O)N(CC3CC3)NC21,-0.0,0.637213844503137,-0.5238281250000001,0.11338571950313692,0.9093891904336446,0.637213844503137,0.9619140625,200
N#CC1(C=Cc2cccc(C3CCNCC3)c2)CCCCC2C(C(=O)NCCC3CCCC3=O)NC(c3ccccc3)N21,-0.0,0.3969189589495499,-0.5277343750000001,-0.13081541605045016,0.8174231814214761,0.3969189589495499,0.9638671875,200
COCCc1ccc(SC#N)c(N2CCC3CC=CCC32)c1,-0.13457982667869506,0.46756136270681925,-0.5335937500000001,-0.2006122139718759,0.7327100866606525,0.46756136270681925,0.966796875,200
C=CN1CCC(c2ccc(C3(C=C)CCCCC4C(C(=O)NCCC5CCCC5=O)NC(c5ccccc5)N43)cc2)CC1,-0.0,0.3469460786287746,-0.5257812500000001,-0.1788351713712255,0.8982320511406215,0.3469460786287746,0.962890625,200
C=CC1(c2cc(C=Cc3ccco3)co2)N(C(=O)COc2ccccc2)CC(C2NCON2)C12CCOCC2,-0.0,0.41833376341064693,-0.5394531250000001,-0.12111936158935316,0.8972542589928686,0.41833376341064693,0.9697265625,200
C=Cc1cc(-c2ccoc2)ccc1C=CC1CCCCN2C(=O)N(CC3CC3)NC12,-0.0,0.7042721932229894,-0.5277343750000001,0.1765378182229893,0.8537169346402024,0.7042721932229894,0.9638671875,200
C(=CC1(c2ccccc2-c2ccccc2)NCCCC1CN1CNC2CCCNC21)[NH2+]C1CCCC1,-0.0,0.48392010957763537,-0.5257812500000001,-0.04186114042236472,0.8907584290281534,0.48392010957763537,0.962890625,200
C=Cc1ccc(-c2ccccc2)cc1C1(C#N)C2CNCC1CNC2,-0.0,0.9089993906124871,-0.5355468750000001,0.37345251561248705,0.8967379529499733,0.9089993906124871,0.9677734375,200
CC(C)(N)C1(c2cc(C3CCCN(c4ccccc4)C3)on2)C2CC(c3ccccc3)NN2CCCN1C(=O)CCS(=O)(=O)C1=CC=CC2NCCC2C1,-0.0,0.26866518305984227,-0.5160156250000001,-0.24735044194015782,0.8709157954633044,0.26866518305984227,0.9580078125,200
C=CC1CCN(C2(C=Cc3ccco3)C(C3NC(Cc4ccccc4)NO3)CN2S(=O)(=O)c2ccccc2)CC1,-0.048189597366032455,0.379040925743371,-0.5453125000000001,-0.21446117162266154,0.7759052013169838,0.379040925743371,0.97265625,200
C=CCOC1(C=Cc2cccc(N3CCCCC3)c2)C=CCC(CN2CCNc3ccccc32)C1,-0.00799658453602703,0.4449565739620881,-0.5082031250000001,-0.07124313557393902,0.7960017077319865,0.4449565739620881,0.9541015625,200
C=Cc1cccc(-c2ccccc2C2(C=C)C(CCCN3CCCO3)CCCN2C(=O)C2CCOC2)c1,-0.0,0.39203703229610326,-0.5238281250000001,-0.13179109270389683,0.8883033107789843,0.39203703229610326,0.9619140625,200
C=Cc1ccc(C2(C=C)C=CCC(CN3CCNc4ccccc43)C2)c(C=C)c1,-0.015278240396146003,0.5902704040627724,-0.5121093750000001,0.06288278866662633,0.792360879801927,0.5902704040627724,0.9560546875,200
C=Cc1coc(C2(C=Cc3ccccc3)CCCC23C(C(=O)NCC2CCCN2)c2ccccc2C(=O)N3C2C=CC=CC2)c1,-0.0,0.29914490632037605,-0.5238281250000001,-0.22468321867962404,0.8935704884263972,0.29914490632037605,0.9619140625,200
C=CC=CC1(c2cc(-c3ccco3)no2)CN(c2ccccc2)CCN1C1=NCCN1C(=O)c1ccccc1,-0.0,0.3257695331777748,-0.5218750000000001,-0.1961054668222253,0.9104931329882031,0.3257695331777748,0.9609375,200
C=Cc1cc(-c2ccccc2)ccc1C1(C=C)NCCCC1CN1CNC2CCCNC21,-0.0,0.59953152240442,-0.5199218750000001,0.07960964740441989,0.9198299750319228,0.59953152240442,0.9599609375,200
C=Cc1cccc(C2(c3cccc(C=C)c3)CCCCN3C(=O)N(CC4CC4)NC32)c1,-0.0,0.6862114482818324,-0.5121093750000001,0.17410207328183236,0.9435772886386408,0.6862114482818324,0.9560546875,200
C=Cc1ccc(S2(c3ccccc3C=C)C(NC(=O)CC3(N4CC=CC4)CCOCC3)NNC2C2CCCCC2)cc1,-0.0,0.29611722718483713,-0.5316406250000001,-0.23552339781516296,0.8594783461677198,0.29611722718483713,0.9658203125,200
C=Cc1ccc(-c2ccc(C=C)cc2C2CC(OC3NOC(C4CNCCN4)N3)CCN2C(=O)C2CCOC2)cc1,-0.0,0.39227128867363137,-0.5199218750000001,-0.12765058632636872,0.8383157400375426,0.39227128867363137,0.9599609375,200
C=Cc1ccc(C2(C=C)C=CCC(CN3CCNc4ccccc43)C2)c(C=C)c1,-0.015278240396146003,0.5902704040627724,-0.5121093750000001,0.06288278866662633,0.792360879801927,0.5902704040627724,0.9560546875,200
C=Cc1cccc(C2(c3cc(C=C)no3)C=CCC(C3=CCC(N4CCOCC4)NN3)C2)c1,-0.0,0.6497169037119453,-0.5355468750000001,0.11417002871194526,0.8751567956541653,0.6497169037119453,0.9677734375,200
C=CC(=NC=Cc1ccccc1)C1CN(c2ccccc2)CCN1C1=NCCN1C(=O)c1ccccc1,-0.0,0.4587663395947726,-0.5023437500000001,-0.0435774104052275,0.8316418034125808,0.4587663395947726,0.951171875,200
C=Cc1cc(-c2ccoc2)ccc1C1(Cl)CCCC12C(C(=O)NCC1CCCN1)c1ccccc1C(=O)N2C1C=CC=CC1,-0.0,0.28544597121647397,-0.5257812500000001,-0.24033527878352612,0.9549851374266636,0.28544597121647397,0.962890625,200
C=CC=CC1(c2cc(C=C)co2)CN(C2CCCCN2)CCN1C(=O)CC1COc2ccccc2NC1=O,-0.12084066555293371,0.538212315325313,-0.5218750000000001,-0.1045033502276208,0.7395796672235332,0.538212315325313,0.9609375,200
C=Cc1ccccc1-c1cccc(C2(c3ccco3)C3CNCC2CNC3)c1,-0.0,0.7183851051819892,-0.5375000000000001,0.18088510518198908,0.9240492912039403,0.7183851051819892,0.96875,200
C=CC1(c2ccccc2-c2ccc(-c3ccccc3)cc2)COCCN1C12NC(=O)NC(=O)C1NCC2=O,-0.0,0.45868525441672026,-0.5257812500000001,-0.06709599558327983,0.9272411062092374,0.45868525441672026,0.962890625,200
C=Cc1ccc(-c2nnc(-c3ccccc3)o2)c(N2CCC3CC=CCC32)c1,-0.0,0.5621594361963951,-0.5062500000000001,0.05590943619639499,0.9660399237012237,0.5621594361963951,0.953125,200
O=C(CCS(=O)(=O)C1=CC=CC2NCCC2C1)N1CCCN2NC(c3ccccc3)CC2C1(c1ccccc1)c1ccccc1C1CCN(N2CCCCC2)CC1,-0.0,0.2483948136324165,-0.5179687500000001,-0.2695739363675836,0.9101917455754159,0.2483948136324165,0.958984375,200
C=Cc1ccccc1-c1ccc(C2CC2CN2CCNC2CCC2CCCN2C(=O)CCN2CCCN2)cc1C=C,-0.0,0.3714265047189029,-0.5042968750000001,-0.13287037028109722,0.8761934669313133,0.3714265047189029,0.9521484375,200
O=C1N(CC2CC2)NC2N1CCCCC2(c1ccco1)c1ccccc1C=Cc1ccoc1,-0.0,0.547132088361199,-0.5218750000000001,0.025257088361198887,0.9365998653277728,0.547132088361199,0.9609375,200
C=Cc1ccc(C2(C=C)CCCC23C(C(=O)NCC2CCCN2)c2ccccc2C(=O)N3C2C=CC=CC2)cc1C=C,-0.0029254989285090183,0.3727460423602143,-0.5277343750000001,-0.1579138315682948,0.7985372505357455,0.3727460423602143,0.9638671875,200
C=Cc1ccc(-c2ccc(C=C)c(C3CCCCN4C(=O)N(CC5CC5)NC34)c2)cc1,-0.0,0.6412731894508678,-0.4984375000000001,0.14283568945086766,0.9227223152912305,0.6412731894508678,0.94921875,200
C=Cc1ccc(C2(C=C)CNCCC2CN2CNNC2C2CCCN2C(=O)CC2CCNCC2)c(-c2ccco2)c1,-0.0,0.3495254196044939,-0.5082031250000001,-0.15867770539550619,0.8546340037439626,0.3495254196044939,0.9541015625,200
O=C1N(CC2CC2)NC2C(C3CN(c4cccc(-c5ccoc5)c4)CCC3c3ccccc3)CCCCN12,-0.0,0.42075172667094685,-0.4847656250000001,-0.06401389832905324,0.8842702506603168,0.42075172667094685,0.9423828125,200
C=Cc1ccc(C=C)c(S2(c3ccoc3)C(NC(=O)CC3(N4CC=CC4)CCOCC3)NNC2C2CCCCC2)c1,-0.0,0.3173809728973491,-0.5589843750000001,-0.24160340210265097,0.8215599733210995,0.3173809728973491,0.9794921875,200
C=Cc1ccc(-c2ccccc2)cc1C1(C=C)CSCCN1C(=O)CCNC1C(c2ccccc2)NC2CNCCN21,-0.0,0.3158423972352242,-0.5414062500000001,-0.22556385276477586,0.9023337251109119,0.3158423972352242,0.970703125,200
C=Cc1ccc(-c2cccc(C3(C=C)CNCCC3CN3CNNC3C3CCCN3C(=O)CC3CCNCC3)c2)cc1,-0.0,0.3416943619798492,-0.5082031250000001,-0.16650876302015089,0.8927013143411507,0.3416943619798492,0.9541015625,200
C=Cc1ccc(-c2ccccc2N2CCCC(C3CCCN3C(=O)C3CNN(C4CC(c5ncno5)CCN4)C3)C2)cc1,-0.0,0.42132291033788477,-0.4906250000000001,-0.06930208966211532,0.8690039514851502,0.42132291033788477,0.9453125,200
C=Cc1cc(-c2ccc(C3C4CNCC3CNC4)c(-c3ccoc3)c2)co1,-0.0,0.7252542281859081,-0.5414062500000001,0.18384797818590803,0.9345053503427776,0.7252542281859081,0.970703125,200
O=C1N(CC2CC2)NC2C(C=CNC3COc4ccc(-c5ccccc5)cc4O3)CCCCN12,-0.0,0.6717402586091553,-0.4984375000000001,0.17330275860915523,0.9119988788019843,0.6717402586091553,0.94921875,200
C=Cc1ccccc1N=Cc1ccc(C2C(NC(=O)CCC3CCCCC3)CCN2C2CC(N3CCOCC3)CNN2)cc1,-0.0,0.32660836077123045,-0.4886718750000001,-0.16206351422876963,0.9062913361784409,0.32660836077123045,0.9443359375,200
C=Cc1cc(C2(c3ccccc3)CC(OC3NOC(C4CNCCN4)N3)CCN2C(=O)C2CCOC2)ccc1-c1ccco1,-0.0,0.3105721744328619,-0.5238281250000001,-0.2132559505671382,0.9142562585403747,0.3105721744328619,0.9619140625,200
C=COc1cccc(N2CCC3(c4cccc(C=C)c4)CC=CCC23)c1,-0.0,0.5084787258153785,-0.4925781250000001,0.015900600815378363,0.8558970966440311,0.5084787258153785,0.9462890625,200
C=Cc1ccccc1C1C(c2ccccc2)CCC1C1CCCCN2C(=O)N(CC3CC3)NC12,-0.0,0.5480828419689991,-0.4984375000000001,0.04964534196899906,0.8418865562877472,0.5480828419689991,0.94921875,200
O=C(CCN1CCCN1)N1CCCC1CCC1NCCN1CC1CC1c1coc(-c2ccccc2C=Cc2ccccc2)c1,-0.0,0.2581188187521557,-0.5101562500000001,-0.2520374312478444,0.9458822764661223,0.2581188187521557,0.955078125,200
C=Cc1cccc(C2CNCCC2Oc2cccc(C3C4CNCC3CNC4)c2)c1,-0.0,0.7163002770667977,-0.5179687500000001,0.19833152706679757,0.8486431321660888,0.7163002770667977,0.958984375,200
C=CC(=O)N(c1ccccc1)C1(C=C)CN(c2ccccc2)CCN1C1=NCCN1C(=O)c1ccccc1,-0.0,0.3676393186069135,-0.4945312500000001,-0.12689193139308658,0.8489448427000479,0.3676393186069135,0.947265625,200
O=C1CCCC1CCNC(=O)C1NC(c2ccccc2)N2C1CCCCC2(C=CC=Cc1ccccc1)c1ccco1,-0.0,0.2895156199156364,-0.5453125000000001,-0.2557968800843637,0.8999796436290559,0.2895156199156364,0.97265625,200
C(=CC1(C2CCCNC2)NCCCC1CN1CNC2CCCNC21)c1cccc(-c2ccccc2)c1,-0.0,0.49757057969897817,-0.5062500000000001,-0.008679420301021923,0.8582193495384506,0.49757057969897817,0.953125,200
O=C(CCS(=O)(=O)C1=CC=CC2NCCC2C1)N1CCCN2NC(c3ccccc3)CC2C1(C=CC=CN1CCCCC1)c1ccccc1,-0.0,0.33290733208998485,-0.5082031250000001,-0.17529579291001524,0.8296423668155003,0.33290733208998485,0.9541015625,200
C=CC1(c2ccc(C=Cc3ccccc3)cc2)CCCCN2C(=O)N(CC3CC3)NC21,-0.0,0.5053331619936678,-0.5062500000000001,-0.0009168380063322434,0.9422468306026864,0.5053331619936678,0.953125,200
C=Cc1ccc(C2(C=C)CCCCC3C(C(=O)NCCC4CCCC4=O)NC(c4ccccc4)N32)cc1C=C,-0.0,0.3874959906221246,-0.5296875000000001,-0.1421915093778755,0.910789492117062,0.3874959906221246,0.96484375,200
O=C(CC1CCNCC1)N1CCCC1C1NNCN1CC1CCNCC1c1ccc(-c2ccoc2)cc1C=Cc1ccccc1,-0.0,0.25780534428814816,-0.5003906250000001,-0.24258528071185192,0.9304594980186764,0.25780534428814816,0.9501953125,200
C=Cc1cccc(N2CCC(C3(c4ccco4)CCCCN4C(=O)N(CC5CC5)NC43)CC2)c1,-0.006621511765831256,0.6406226426850465,-0.4984375000000001,0.1355636309192152,0.7966892441170844,0.6406226426850465,0.94921875,200
C=Cc1ccccc1C1(c2coc(-c3ccccc3)c2)CC(OC2NOC(C3CNCCN3)N2)CCN1C(=O)C1CCOC1,-0.0,0.3105721744328619,-0.5414062500000001,-0.2308340755671382,0.9150475297810852,0.3105721744328619,0.970703125,200
C=Cc1ccc(-c2cccc(C3(c4ccco4)CNCCC3CN3CNNC3C3CCCN3C(=O)CC3CCNCC3)c2)cc1,-0.0,0.28361321078642954,-0.5238281250000001,-0.24021491421357055,0.9417474291529778,0.28361321078642954,0.9619140625,200
C=Cc1ccc(-c2ccccc2C(C(C)C)C2CCCCN3C(=O)N(CC4CC4)NC23)cc1,-0.0,0.5290272662932516,-0.5355468750000001,-0.006519608706748503,0.8686929692922761,0.5290272662932516,0.9677734375,200
C=CC=CC1(C=Cc2ccccc2)N(C(=O)COc2ccccc2)CC(C2NCON2)C12CCOCC2,-0.20169178252869968,0.5345468916016908,-0.5296875000000001,-0.196832390927009,0.6991541087356502,0.5345468916016908,0.96484375,200
C=Cc1cc(-c2coc(C3CNCCC3CN3CNNC3C3CCCN3C(=O)CC3CCNCC3)c2)ccc1-c1ccco1,-0.0,0.28355607011063455,-0.5277343750000001,-0.24417830488936554,0.940207455105332,0.28355607011063455,0.9638671875,200
C=CC1(C=CC=Cc2ccccc2)CN(c2ccccc2)CCN1C1=NCCN1C(=O)c1ccccc1,-0.0,0.33906151418126557,-0.5042968750000001,-0.16523536081873452,0.8357912261657687,0.33906151418126557,0.9521484375,200
C=CS1(c2ccc(C=Cc3ccccc3)cc2)C(NC(=O)CC2(N3CC=CC3)CCOCC2)NNC1C1CCCCC1,-0.0,0.2348354161564697,-0.5433593750000001,-0.3085239588435304,0.9040112082786917,0.2348354161564697,0.9716796875,200
C=Cc1ccc(C=C)c(S2(C=C)C=CC=C2C(=O)NC2CCCC2C(=O)N2CCc3ccccc3C2)c1,-0.012418827624704143,0.45854972495196755,-0.5355468750000001,-0.08941597767273668,0.793790586187648,0.45854972495196755,0.9677734375,200
C(=CC1CCCNC1)c1ccccc1C1(c2ccccc2)NCCCC1CN1CNC2CCCNC21,-0.0,0.5003912564087182,-0.5160156250000001,-0.015624368591281912,0.8850057610615382,0.5003912564087182,0.9580078125,200
C=Cc1ccccc1C1(C=CN2CCCCC2)C(CC2NCNN2)CN1C(=O)Nc1ccccc1,-0.004557486163196289,0.4893059951228235,-0.5003906250000001,-0.015642116040372855,0.7977212569184019,0.4893059951228235,0.9501953125,200
C=Cc1ccccc1C1(c2ccccc2C2CCNCC2)N(C(=O)COc2ccccc2)CC(C2NCON2)C12CCOCC2,-0.0,0.3395776452810489,-0.5042968750000001,-0.1647192297189512,0.8826187971167199,0.3395776452810489,0.9521484375,200
C=CC=Cc1ccc(C2C(CC3NCNN3)CN2C(=O)Nc2ccccc2)c(N2CCCCC2)c1,-0.0,0.44833767524617585,-0.5160156250000001,-0.06767794975382424,0.8132177770944548,0.44833767524617585,0.9580078125,200
C=CC1(C2CCN(c3cc(-c4ccco4)co3)CC2)CN(C2CCCCN2)CCN1C(=O)CC1COc2ccccc2NC1=O,-0.0,0.36072249325678835,-0.5375000000000001,-0.17677750674321174,0.8203811101089307,0.36072249325678835,0.96875,200
C=CC1(c2cccc(C=Cc3ccccc3)c2)C=CCC(CN2CCC(CCC3NC(C4CCOCC4)NO3)CC2)N1,-0.0,0.24695834850216727,-0.5179687500000001,-0.27101040149783284,0.9162955062813827,0.24695834850216727,0.958984375,200
C=Cc1ccc(C2CCN(C3C=CCC(CN4CCNc5ccccc54)C3)CC2)cc1Cc1ccccn1,-0.0,0.3602521279829823,-0.5003906250000001,-0.1401384970170178,0.9535655937293918,0.3602521279829823,0.9501953125,200
C=CC1(c2ccccc2-c2cc(-c3ccco3)co2)CNCCC1CN1CNNC1C1CCCN1C(=O)CC1CCNCC1,-0.0,0.2707628834152654,-0.5296875000000001,-0.2589246165847347,0.9453351457390264,0.2707628834152654,0.96484375,200
C=Cc1ccc(C2(c3coc(C=C)c3)C=CCC(N3CCCC3)C2)cc1,-0.0,0.6495708537128365,-0.4984375000000001,0.15113335371283643,0.8096653572061411,0.6495708537128365,0.94921875,200
O=C1N(CC2CC2)NC2N1CCCCC2(C=Cc1ccco1)c1ccccc1-c1ccco1,-0.0,0.534533400200519,-0.5355468750000001,-0.0010134747994811066,0.9371640380899416,0.534533400200519,0.9677734375,200
C=Cc1cc(-c2ccccc2C2(C=C)N(C(=O)COc3ccccc3)CC(C3NCON3)C23CCOCC3)co1,-0.0,0.3996428967439764,-0.5296875000000001,-0.13004460325602368,0.8804903431081642,0.3996428967439764,0.96484375,200
C=Cc1cc(-c2ccc(C3C(NC(=O)CCC4CCCCC4)CCN3C3CC(N4CCOCC4)CNN3)c(C=C)c2)co1,-0.0,0.34584716079649397,-0.5238281250000001,-0.17798096420350612,0.8808188205303381,0.34584716079649397,0.9619140625,200
O=C(NCC1CCCO1)C1CCN(C2CNC(N3CCNCC3)NC2)CC1c1ccc(N2CCCC(c3ccccc3)C2)cc1-c1ccccc1,-0.0,0.26630829153090246,-0.4867187500000001,-0.22041045846909763,0.9163565552215205,0.26630829153090246,0.943359375,200
C=Cc1cccc(SCN2CCC3CC=CCC32)c1,-0.053646901636136946,0.5888931161018072,-0.5296875000000001,0.005558714465670134,0.7731765491819316,0.5888931161018072,0.96484375,200
C=Cc1cccc(C2(c3ccccc3C=C)CN(C3CNC(N4CCNCC4)NC3)CCC2C(=O)NCC2CCCO2)c1,-0.0,0.36103480669606525,-0.5238281250000001,-0.16279331830393484,0.8316497438869386,0.36103480669606525,0.9619140625,200
C=Cc1ccc(-c2ccc(C3(C4CCCNC4)C4CNCC3CNC4)cc2)cc1,-0.0,0.7491085584327227,-0.5335937500000001,0.21551480843272264,0.8417517329231423,0.7491085584327227,0.966796875,200
C=Cc1cccc(C2(C3CCN(C=C)CC3)CCCCC3C(C(=O)NCCC4CCCC4=O)NC(c4ccccc4)N32)c1,-0.0,0.3714502359394235,-0.5160156250000001,-0.1445653890605766,0.903207027132421,0.3714502359394235,0.9580078125,200
C=CC=Cc1ccccc1C1(C=C)CCCC12C(C(=O)NCC1CCCN1)c1ccccc1C(=O)N2C1C=CC=CC1,-0.0029254989285090183,0.2980373479692326,-0.5199218750000001,-0.22481002595927652,0.7985372505357455,0.2980373479692326,0.9599609375,200
C=Cc1cccc(C2(c3cccc(C=C)c3)C=CCC(CN3CCC(CCC4NC(C5CCOCC5)NO4)CC3)N2)c1,-0.0,0.31379176514683144,-0.5238281250000001,-0.21003635985316865,0.9294218452102961,0.31379176514683144,0.9619140625,200
C=CC=Cc1ccc(C2(c3ccco3)C=CCC(C3=CCC(N4CCOCC4)NN3)C2)cc1,-0.0,0.49750426046744983,-0.5335937500000001,-0.036089489532550256,0.8698595136452204,0.49750426046744983,0.966796875,200
C=CC=CC1(c2nnc(C=C)o2)CN(c2ccccc2)CCN1C1=NCCN1C(=O)c1ccccc1,-0.0,0.4968304044507651,-0.5218750000000001,-0.025044595549234994,0.8662235507229824,0.4968304044507651,0.9609375,200
C=Cc1cccc(C2(c3coc(C=C)c3)C=CCC(C3NCCN4CCNC34)C2)c1,-0.0,0.7427159896619752,-0.5414062500000001,0.20130973966197507,0.8432983257670464,0.7427159896619752,0.970703125,200
C=Cc1cc(C2C(NC(=O)CCC3CCCCC3)CCN2C2CC(N3CCOCC3)CNN2)ccc1-c1cccc(-c2ccccc2)c1,-0.0,0.22556190310368357,-0.5218750000000001,-0.2963130968963165,0.9641999717595171,0.22556190310368357,0.9609375,200
O=C(NCC1CCCO1)C1CCN(C2CNC(N3CCNCC3)NC2)CC1(c1ccccc1)c1ccccc1N1CCCC(c2ccccc2)C1,-0.0,0.27065181369110164,-0.4886718750000001,-0.21802006130889845,0.9109949961001754,0.27065181369110164,0.9443359375,200
C=CC=Cc1cccc(-c2ccc(C3COCCN3C34NC(=O)NC(=O)C3NCC4=O)cc2)c1,-0.0,0.593081620241378,-0.5433593750000001,0.049722245241377916,0.8571712010619622,0.593081620241378,0.9716796875,200
C=Cc1ccc(-c2coc(C3CNCCC3CN3CNNC3C3CCCN3C(=O)CC3CCNCC3)c2)cc1C=C,-0.0,0.370351630099138,-0.5296875000000001,-0.15933586990086207,0.8686658154971904,0.370351630099138,0.96484375,200
CN(CC1NCCCC1CN1CNC2CCCNC21)c1ccccc1C1CCN(c2ccccc2)CC1,-0.0,0.5352669607691541,-0.4183593750000001,0.11690758576915405,0.869895748781758,0.5352669607691541,0.9091796875,200
C1=CC(c2ccccc2-c2ccccc2)(C2CCN(c3ccon3)CC2)CC(N2CCCC2)C1,-0.0,0.4238589612280019,-0.5160156250000001,-0.09215666377199822,0.8968039288828124,0.4238589612280019,0.9580078125,200
Oc1ccc(-c2ccc(C3C4CNCC3CNC4)c(-c3ccoc3)c2)s1,-0.0,0.6579287206989708,-0.5257812500000001,0.1321474706989707,0.9438948791186643,0.6579287206989708,0.962890625,200
C=Cc1ccc(C2(N3CCCCC3)N(C(=O)COc3ccccc3)CC(C3NCON3)C23CCOCC3)cc1C=C,-0.0,0.4990125007765499,-0.5023437500000001,-0.0033312492234501834,0.8036718956535024,0.4990125007765499,0.951171875,200
C=CN(C(=O)c1ccccc1-c1ccccc1)C1CCCC2NNC(=O)CC21,-0.0,0.8597949878539283,-0.5394531250000001,0.3203418628539282,0.913896311270871,0.8597949878539283,0.9697265625,200
C=Cc1coc(C2(c3cc(C=C)no3)C=CCC(C3NCCN4CCNC34)C2)c1,-0.0,0.7628611608092504,-0.5707031250000001,0.19215803580925028,0.8131365657605111,0.7628611608092504,0.9853515625,200
O=S(=O)(C=Cc1cccc(-c2ccco2)c1)c1ccc(C2NCCCC2CN2CNC3CCCNC32)cc1,-0.0,0.4165553199949768,-0.5335937500000001,-0.11703843000502329,0.9381980077011203,0.4165553199949768,0.966796875,200
C=CC=CC1(c2cccc(-c3ccco3)c2)C2CNCC1CNC2,-0.0,0.8483235748169297,-0.5589843750000001,0.28933919981692957,0.8611529021208798,0.8483235748169297,0.9794921875,200
C=CC=Cc1ccccc1C1(c2ccccc2)CC1CN1CCNC1CCC1CCCN1C(=O)CCN1CCCN1,-0.0,0.3702603771726544,-0.4808593750000001,-0.11059899782734567,0.9042375543335356,0.3702603771726544,0.9404296875,200
C=Cc1ccc(C=C)c(C2(C=C)CCCCC3C(C(=O)NCCC4CCCC4=O)NC(c4ccccc4)N32)c1,-0.0,0.38749599062212453,-0.5335937500000001,-0.14609775937787556,0.910789492117062,0.38749599062212453,0.966796875,200
C=Cc1cc(C2(C=C)CCCC23C(C(=O)NCC2CCCN2)c2ccccc2C(=O)N3C2C=CC=CC2)ccc1-c1ccccc1,-0.0,0.26297219471008904,-0.5218750000000001,-0.25890280528991105,0.9007053000942091,0.26297219471008904,0.9609375,200
C=Cc1coc(C2(c3ccccc3C=C)N(C(=O)COc3ccccc3)CC(C3NCON3)C23CCOCC3)c1,-0.0,0.43284771777241127,-0.5179687500000001,-0.08512103222758882,0.8878988667082388,0.43284771777241127,0.958984375,200
C=CC=CC1(C=CC=C)CN(c2ccccc2)CCN1C1=NCCN1C(=O)c1ccccc1,-0.0,0.621688899361474,-0.5082031250000001,0.11348577436147389,0.8430080287647397,0.621688899361474,0.9541015625,200
C=Cc1cc(C2(C=Cc3ccccc3)C3CC(c4ccccc4)NN3CCCN2C(=O)CCS(=O)(=O)C2=CC=CC3NCCC3C2)co1,-0.0,0.2894864109969882,-0.5453125000000001,-0.2558260890030119,0.8982511981601302,0.2894864109969882,0.97265625,200
C=CC=CC1(c2cc(C=C)co2)C2CC(c3ccccc3)NN2CCCN1C(=O)CCS(=O)(=O)C1=CC=CC2NCCC2C1,-0.0,0.38248668006030323,-0.5492187500000001,-0.16673206993969686,0.8180342436934296,0.38248668006030323,0.974609375,200
C=CC=Cc1ccccc1C1(C=C)C(C2NC(Cc3ccccc3)NO2)CN1S(=O)(=O)c1ccccc1,-0.0,0.3231555433232097,-0.5335937500000001,-0.21043820667679036,0.8560150421073263,0.3231555433232097,0.966796875,200
C=CC1CNCCC1c1ccccc1C1(C=C)C(C2NC(Cc3ccccc3)NO2)CN1S(=O)(=O)c1ccccc1,-0.0,0.33330243308955027,-0.5257812500000001,-0.19247881691044982,0.8405277646522546,0.33330243308955027,0.962890625,200
C=Cc1cccc(-c2ccc(C3(C=C)C=CCC(C4NCCN5CCNC45)C3)cc2)c1,-0.0,0.704934743003573,-0.5355468750000001,0.16938786800357286,0.8962033731670348,0.704934743003573,0.9677734375,200
C=CC=Cc1ccccc1C1(C=C)C2CC(c3ccccc3)NN2CCCN1C(=O)CCS(=O)(=O)C1=CC=CC2NCCC2C1,-0.0,0.28559225848637426,-0.5414062500000001,-0.2558139915136258,0.831452240518562,0.28559225848637426,0.970703125,200
C=Cc1ccnc(-c2cc(C3(c4ccccc4)NCCCC3CN3CNC4CCCNC43)co2)c1,-0.0,0.5037136868759668,-0.5238281250000001,-0.02011443812403324,0.9570148289787994,0.5037136868759668,0.9619140625,200
C=Cc1ccccc1C1(c2cc(N3CCCCC3)co2)CC(OC2NOC(C3CNCCN3)N2)CCN1C(=O)C1CCOC1,-0.0,0.3577599354059532,-0.5218750000000001,-0.1641150645940469,0.8105672681221064,0.3577599354059532,0.9609375,200
C=Cc1cccc(C2(c3ccccc3C=C)C=CCC(CN3CCC(CCC4NC(C5CCOCC5)NO4)CC3)N2)c1,-0.0,0.31379176514683144,-0.5355468750000001,-0.22175510985316865,0.9294218452102961,0.31379176514683144,0.9677734375,200
C=CN(CC=O)C1(C2CCCN(c3ccccc3)C2)CN(c2ccccc2)CCN1C1=NCCN1C(=O)c1ccccc1,-0.009927161276058527,0.3662196142931039,-0.5003906250000001,-0.14409817198295471,0.7950364193619708,0.3662196142931039,0.9501953125,200
C=CC1CCN(C=C)CC1C1(c2ccco2)CN(c2ccccc2)CCN1C1=NCCN1C(=O)c1ccccc1,-0.0,0.41246945390245715,-0.5101562500000001,-0.09768679609754294,0.8815747590179566,0.41246945390245715,0.955078125,200
C=CC=CC1(c2cc(-c3ccccc3)co2)C(CCCN2CCCO2)CCCN1C(=O)C1CCOC1,-0.0,0.4298942639061933,-0.5238281250000001,-0.0939338610938068,0.8755187786361812,0.4298942639061933,0.9619140625,200
C=Cc1ccccc1S1(c2cccc(C3CCCNC3)c2)C(NC(=O)CC2(N3CC=CC3)CCOCC2)NNC1C1CCCCC1,-0.0,0.24246511971912765,-0.5414062500000001,-0.29894113028087244,0.8269183424238779,0.24246511971912765,0.970703125,200
CN(Cc1ccccc1C1CCCNC1)S1(C#N)C=CC=C1C(=O)NC1CCCC1C(=O)N1CCc2ccccc2C1,-0.029484627313772105,0.44482312202254765,-0.5375000000000001,-0.12216150529122455,0.785257686343114,0.44482312202254765,0.96875,200
C=Cc1ccc(C2(c3cccc(Cl)c3)C=CCC(C3=CCC(N4CCOCC4)NN3)C2)cc1,-0.0,0.5941146430282943,-0.5121093750000001,0.08200526802829422,0.9105336395983933,0.5941146430282943,0.9560546875,200
C=Cc1cc(N2CCCCC2)ccc1C1(c2ccoc2)CCCCC2C(C(=O)NCCC3CCCC3=O)NC(c3ccccc3)N21,-0.0,0.2697834766083421,-0.4925781250000001,-0.22279464839165797,0.9597359275167695,0.2697834766083421,0.9462890625,200
C1=CCC2C(C1)CCN2C(=Nc1ccccc1)c1ccc(-c2ccco2)cc1,-0.0,0.3190445908796101,-0.4886718750000001,-0.16962728412038997,0.9623226134995776,0.3190445908796101,0.9443359375,200
C=Cc1ccc(-c2ccco2)c(C2(C=C)COCCN2C23NC(=O)NC(=O)C2NCC3=O)c1,-0.0,0.5925704162110474,-0.5589843750000001,0.03358604121104736,0.8043599553678995,0.5925704162110474,0.9794921875,200
C=Cc1cc(-c2ncc(C3(C=C)CCCC4NNC(=O)CC43)cn2)ccn1,-0.0,0.8188194343937543,-0.5667968750000001,0.2520225593937542,0.9169276665862613,0.8188194343937543,0.9833984375,200
C=CC=CC1(c2ccc(C=C)cc2)C(C2NC(Cc3ccccc3)NO2)CN1S(=O)(=O)c1ccccc1,-0.0,0.4092507167993061,-0.5414062500000001,-0.132155533200694,0.8560150421073263,0.4092507167993061,0.970703125,200
C=CC=CC1(c2ccccc2C=C)N(C(=O)COc2ccccc2)CC(C2NCON2)C12CCOCC2,-0.0,0.532939457345226,-0.5277343750000001,0.005205082345225875,0.8174512237714281,0.532939457345226,0.9638671875,200
C=Cc1ccccc1C=Cc1cc(C2C3CC(c4ccccc4)NN3CCCN2C(=O)CCS(=O)(=O)C2=CC=CC3NCCC3C2)co1,-0.0,0.276883182811484,-0.5511718750000001,-0.2742886921885161,0.9267023451749854,0.276883182811484,0.9755859375,200
C=Cc1cccc(-c2ccc(C3C=CCC(C4NCCN5CCNC45)C3)cc2C=C)c1,-0.0,0.6860085258950496,-0.5199218750000001,0.16608665089504948,0.8962033731670348,0.6860085258950496,0.9599609375,200
C1=CC(c2ccccc2)(C2CCN(C=Cc3ccccc3)CC2)CC(C2NCCN3CCNC23)C1,-0.036819461461080394,0.6338875109148763,-0.5238281250000001,0.07323992445379579,0.7815902692694598,0.6338875109148763,0.9619140625,200
C=CC=Cc1cc(-c2ccccc2)ccc1C1CSCCN1C(=O)CCNC1C(c2ccccc2)NC2CNCCN21,-0.0,0.308683610150821,-0.5453125000000001,-0.23662888984917907,0.9027494587427185,0.308683610150821,0.97265625,200
C=CC=CC1(C=CC=C)C(C2NC(Cc3ccccc3)NO2)CN1S(=O)(=O)c1ccccc1,-0.096133877669063,0.5568461195166666,-0.5511718750000001,-0.09045963315239647,0.7519330611654685,0.5568461195166666,0.9755859375,200
C=Cc1ccccc1C1(c2ccccc2-c2ccccc2)C(NC(=O)CCC2CCCCC2)CCN1C1CC(N2CCOCC2)CNN1,-0.0,0.23962800528509356,-0.4945312500000001,-0.25490324471490655,0.9368182420177302,0.23962800528509356,0.947265625,200
C=Cc1ccc(C2(c3cc(C=C)co3)C=CCC(CN3CCC(CCC4NC(C5CCOCC5)NO4)CC3)N2)cc1,-0.0,0.3364268043112683,-0.5296875000000001,-0.19326069568873178,0.9012500026687483,0.3364268043112683,0.96484375,200
C=Cc1ccc(N2CCC(C3(c4ccccc4)C(CCCN4CCCO4)CCCN3C(=O)C3CCOC3)C(O)C2)cc1,-0.05118016030597272,0.4502420161377367,-0.4945312500000001,-0.09546939416823613,0.7744099198470137,0.4502420161377367,0.947265625,200
C=Cc1ccccc1-c1ccc([SH]2C(NC(=O)CC3(N4CC=CC4)CCOCC3)NNC2C2CCCCC2)c(C=C)c1,-0.0,0.20747753600472893,-0.5394531250000001,-0.33197558899527113,0.8940913444542865,0.20747753600472893,0.9697265625,200
C=Cc1ccc(C=CC2CCCN2C(=O)C2CNN(C3CC(c4ncno4)CCN3)C2)cc1-c1ccccc1,-0.0,0.47627413537961377,-0.5218750000000001,-0.04560086462038632,0.8834208460996746,0.47627413537961377,0.9609375,200
C=Cc1ccc(C2(c3coc(C=C)c3)C=CCC(CN3CCC(CCC4NC(C5CCOCC5)NO4)CC3)N2)cc1,-0.0,0.3364268043112683,-0.5453125000000001,-0.20888569568873178,0.9012500026687483,0.3364268043112683,0.97265625,200
C=Cc1ncc(C2(c3cccc(-c4ccccc4)c3)CC2CN2CCNC2CCC2CCCN2C(=O)CCN2CCCN2)cn1,-0.0,0.3102135118585738,-0.4964843750000001,-0.18627086314142627,0.9484689175375149,0.3102135118585738,0.9482421875,200
C=Cc1ccccc1C1CCNCC1c1coc(C2NCCCC2CN2CNC3CCCNC32)c1,-0.0,0.5103173629790242,-0.5042968750000001,0.006020487979024103,0.905861112795255,0.5103173629790242,0.9521484375,200
C=Cc1cccc(C=CC2(c3ccco3)C(CC3NCNN3)CN2C(=O)Nc2ccccc2)c1,-0.0,0.4255195566678709,-0.5335937500000001,-0.1080741933321292,0.8876393263867485,0.4255195566678709,0.966796875,200
O=C(CC1CCNCC1)N1CCCC1C1NNCN1CC1CCNCC1(c1cc(-c2ccccc2)co1)c1ccccc1C1CCNCC1,-0.0,0.23004395725588347,-0.5160156250000001,-0.28597166774411664,0.9261677400035414,0.23004395725588347,0.9580078125,200
C=CC1(c2ccc(C3CCCNC3)c(-c3ccccc3)c2)CC(OC2NOC(C3CNCCN3)N2)CCN1C(=O)C1CCOC1,-0.0,0.2862533488413936,-0.5257812500000001,-0.2395279011586065,0.8509168395651162,0.2862533488413936,0.962890625,200
C=CN1CCCC(C2(c3cc(-c4ccccc4)co3)N(C(=O)COc3ccccc3)CC(C3NCON3)C23CCOCC3)C1,-0.0,0.3847192411387245,-0.5218750000000001,-0.13715575886127557,0.8768522146553245,0.3847192411387245,0.9609375,200
O=C(CCN1CCCN1)N1CCCC1CCC1NCCN1CC1CC1(c1ccccc1-c1ccoc1)C1CS(=O)(=O)CC1c1ccccc1,-0.0,0.2850300562782794,-0.5101562500000001,-0.2251261937217207,0.8934188868506011,0.2850300562782794,0.955078125,200
C=Cc1cccc(-c2cc(C3(C=C)C=CCC(CN4CCC(CCC5NC(C6CCOCC6)NO5)CC4)N3)co2)c1,-0.0,0.32881961387517716,-0.5492187500000001,-0.22039913612482293,0.8801384865725767,0.32881961387517716,0.974609375,200
C=CC=Cc1ccc(-c2ccco2)c(C2CC2CN2CCNC2CCC2CCCN2C(=O)CCN2CCCN2)c1,-0.0,0.37332775489269193,-0.4984375000000001,-0.12510974510730816,0.8561541694868683,0.37332775489269193,0.94921875,200
C=CC(NC(=O)c1cccc(-c2ccno2)c1)C1C=CCC(CN2CCNc3ccccc32)C1,-0.0,0.48389653956516626,-0.5335937500000001,-0.04969721043483383,0.9086085588918417,0.48389653956516626,0.966796875,200
C=Cc1cc(-c2ccco2)ccc1-c1ccc(C2CN(C3CNC(N4CCNCC4)NC3)CCC2C(=O)NCC2CCCO2)cc1,-0.0,0.28660314822146454,-0.5257812500000001,-0.23917810177853555,0.9346716948077971,0.28660314822146454,0.962890625,200
C=Cc1cc(-c2ccc(C3NCCCC3CN3CNC4CCCNC43)cc2)ccc1-c1ccno1,-0.0,0.4891437683278689,-0.5375000000000001,-0.04835623167213121,0.9594925515834286,0.4891437683278689,0.96875,200
C=CC=CC1(c2coc(C=C)c2)C(CC2NCNN2)CN1C(=O)Nc1ccccc1,-0.0,0.5311012810568477,-0.5628906250000001,-0.03178934394315236,0.8089152135554826,0.5311012810568477,0.9814453125,200
C=Cc1ccc(S2(C=C)C(NC(=O)CC3(N4CC=CC4)CCOCC3)NNC2C2CCCCC2)c(-c2ccccc2)c1,-0.0,0.2918147299610132,-0.5238281250000001,-0.23201339503898688,0.8843255970794747,0.2918147299610132,0.9619140625,200
C=CC=Cc1ccc(-c2ccc(C3COCCN3C34NC(=O)NC(=O)C3NCC4=O)cc2)cc1,-0.0,0.5930816202413782,-0.5492187500000001,0.04386287024137814,0.8571712010619622,0.5930816202413782,0.974609375,200
C=Cc1cc(-c2ccccc2)ccc1C1(C=C)C2CC(c3ccccc3)NN2CCCN1C(=O)CCS(=O)(=O)C1=CC=CC2NCCC2C1,-0.0,0.2506164212518179,-0.5394531250000001,-0.2888367037481822,0.9354945886299249,0.2506164212518179,0.9697265625,200
C=CC=Cc1cc2c(cc1C1CCCNC1)OCC(C1C(C3NC(Cc4ccccc4)NO3)CN1S(=O)(=O)c1ccccc1)O2,-0.0663960742825569,0.30349872550736223,-0.5355468750000001,-0.29844422377519475,0.7668019628587216,0.30349872550736223,0.9677734375,200
C=Cc1ccc(C2(N3CCCC(c4ccccc4)C3)CSCCN2C(=O)CCNC2C(c3ccccc3)NC3CNCCN32)cc1,-0.0,0.3115731384248682,-0.5296875000000001,-0.21811436157513187,0.8336729878201122,0.3115731384248682,0.96484375,200
C=Cc1ccc(-c2ccc(C3NCCN3CCNN3NC(=O)C3CC3CC3)cc2)cc1C=C,-0.0,0.5242299241846087,-0.5433593750000001,-0.019129450815391413,0.914010216235774,0.5242299241846087,0.9716796875,200
C=Cc1ccccc1C1(C=Cc2ccco2)CCCC12C(C(=O)NCC1CCCN1)c1ccccc1C(=O)N2C1C=CC=CC1,-0.0,0.29914490632037605,-0.5257812500000001,-0.22663634367962404,0.8907556194423327,0.29914490632037605,0.962890625,200
COCC1(C2CC2)CN(c2ccccc2)CCN1C1=NCCN1C(=O)c1ccccc1,-0.0,0.7487158067239199,-0.4925781250000001,0.2561376817239198,0.8186721730162889,0.7487158067239199,0.9462890625,200
C=Cc1cc(-c2ccoc2)ccc1C1(c2ccoc2)COCCN1C12NC(=O)NC(=O)C1NCC2=O,-0.0,0.49680516629106836,-0.5453125000000001,-0.04850733370893173,0.9075783067243351,0.49680516629106836,0.97265625,200
C=Cc1cc(C=Cc2ccoc2)ccc1C1CC1CN1CCNC1CCC1CCCN1C(=O)CCN1CCCN1,-0.0,0.40112958346083544,-0.5121093750000001,-0.11097979153916465,0.8855315947168609,0.40112958346083544,0.9560546875,200
C=CC1(c2ncc(C=CN3CCCCC3)cn2)CCCCC2C(C(=O)NCCC3CCCC3=O)NC(c3ccccc3)N21,-0.0,0.39756351914262156,-0.5238281250000001,-0.12626460585737853,0.8644503170648159,0.39756351914262156,0.9619140625,200
C=CC1(c2cccc(-c3ccc(-c4ccoc4)cc3)c2)CNCCC1CN1CNNC1C1CCCN1C(=O)CC1CCNCC1,-0.0,0.2618294095611726,-0.5160156250000001,-0.25418621543882747,0.9441238135923458,0.2618294095611726,0.9580078125,200
C=Cc1ccc(C2(c3cccc(C=C)c3)C=CCC(N3CCCC3)C2)cc1,-0.0,0.5881173217289865,-0.4710937500000001,0.11702357172898636,0.837465173812112,0.5881173217289865,0.935546875,200
C=CC=Cc1coc(C2(C=C)CCCCC3C(C(=O)NCCC4CCCC4=O)NC(c4ccccc4)N32)c1,-0.0,0.3347947750115849,-0.5531250000000001,-0.2183302249884152,0.8894089220493715,0.3347947750115849,0.9765625,200
O=C(C1CCOC1)N1CCCC(CCCN2CCCO2)C1(c1ccccc1)c1cccc(C2CCNCC2c2nnco2)c1,-0.0,0.3727554702927147,-0.5316406250000001,-0.15888515470728537,0.9311312396685675,0.3727554702927147,0.9658203125,200
C=Cc1ccc(S2(c3ccccc3-c3ccccc3)C(NC(=O)CC3(N4CC=CC4)CCOCC3)NNC2C2CCCCC2)cc1,-0.0,0.21317743818113238,-0.5179687500000001,-0.3047913118188677,0.9333358113289535,0.21317743818113238,0.958984375,200
C=Cc1coc(C2(C3CCCN(C=C)C3)CN(c3ccccc3)CCN2C2=NCCN2C(=O)c2ccccc2)c1,-0.0,0.42844713864872674,-0.5062500000000001,-0.07780286135127334,0.876230518135422,0.42844713864872674,0.953125,200
C=CC1(N2CCCC(C=Cc3ccccc3)C2)C(C2NC(Cc3ccccc3)NO2)CN1S(=O)(=O)c1ccccc1,-0.09478238210112266,0.36563833573007326,-0.5550781250000001,-0.2842221713710495,0.7526088089494387,0.36563833573007326,0.9775390625,200
C1=CC(C=Cc2ccc3c(c2)OCCO3)(c2ccc(-c3ccco3)cc2)CC(C2NCCN3CCNC23)C1,-0.0,0.48040444221599804,-0.5199218750000001,-0.03951743278400205,0.9318558865112353,0.48040444221599804,0.9599609375,200
C=CC1(c2cc(-c3cc(-c4ccoc4)co3)co2)CNCCC1CN1CNNC1C1CCCN1C(=O)CC1CCNCC1,-0.0,0.27669763009622855,-0.5453125000000001,-0.26861486990377154,0.9389433481723582,0.27669763009622855,0.97265625,200
O=C1N(CC2CC2)NC2N1CCCCC2(C=Cc1coc(-c2ccccc2)c1)c1ccoc1,-0.0,0.534533400200519,-0.5316406250000001,0.0028927752005188934,0.9517385065445012,0.534533400200519,0.9658203125,200
C=Cc1cccc(C2(c3coc(C=C)c3)COCCN2C23NC(=O)NC(=O)C2NCC3=O)c1,-0.0,0.6304202646718045,-0.5570312500000001,0.07338901467180436,0.8056775360435342,0.6304202646718045,0.978515625,200
C=Cc1ccc(-c2ccc(C3CC(OC4NOC(C5CNCCN5)N4)CCN3C(=O)C3CCOC3)cc2-c2ccco2)cc1,-0.0,0.30871349346797416,-0.5511718750000001,-0.24245838153202592,0.9230794145597864,0.30871349346797416,0.9755859375,200
C=Cc1ccnc(C2(c3ccc(-c4ccno4)cc3)CC2CN2CCNC2CCC2CCCN2C(=O)CCN2CCCN2)c1,-0.0,0.32078161724812715,-0.5140625000000001,-0.19328088275187294,0.936342756921434,0.32078161724812715,0.95703125,200
C=CC1CN(C2CCNCC2)CCC1C1(c2ccccc2)C=CCC(CN2CCNc3ccccc32)C1,-0.010899544348584422,0.5025313747076274,-0.4574218750000001,0.03420995535904292,0.7945502278257078,0.5025313747076274,0.9287109375,200
C=Cc1cc(C2(N3CCC(C=C)CC3)C(C3NC(Cc4ccccc4)NO3)CN2S(=O)(=O)c2ccccc2)co1,-0.0,0.3772960285267625,-0.5453125000000001,-0.16801647147323762,0.827020916300926,0.3772960285267625,0.97265625,200
C=Cc1ccccc1-c1ccccc1C1(c2ccccc2)C=CCC(CN2CCC(CCC3NC(C4CCOCC4)NO3)CC2)N1,-0.0,0.21618004217695622,-0.5316406250000001,-0.3154605828230439,0.9706363918527271,0.21618004217695622,0.9658203125,200
C=CC1(NC(=O)Nc2cccc(C3CCCNC3)c2)NCCC2C(=O)NC(c3ccccc3)NC21,-0.19083231545212165,0.3737887414809349,-0.5355468750000001,-0.35259044897118685,0.7045838422739392,0.3737887414809349,0.9677734375,200
C=Cc1ccc(C=CS2(c3ccccc3)C(NC(=O)CC3(N4CC=CC4)CCOCC3)NNC2C2CCCCC2)cc1,-0.0,0.29740032123099275,-0.5394531250000001,-0.24205280376900734,0.848525379619635,0.29740032123099275,0.9697265625,200
O=C(CC1CCNCC1)N1CCCC1C1NNCN1CC1CCNCC1(C=Cc1ccccc1C1CCNCC1)c1ccccc1,-0.0,0.29026235743229006,-0.4945312500000001,-0.20426889256771003,0.8442234215090518,0.29026235743229006,0.947265625,200
C=Cc1ccc(C23CC=CCC2N(c2ccccc2)CC3)c(-c2ccco2)c1,-0.0,0.4922870311164124,-0.4906250000000001,0.0016620311164123325,0.8519004399496591,0.4922870311164124,0.9453125,200
C=Cc1ccc(-c2ccco2)cc1C1(N2CCCCC2)CN(C2CCCCN2)CCN1C(=O)CC1COc2ccccc2NC1=O,-0.0,0.35891314357676585,-0.5082031250000001,-0.14928998142323424,0.872598051177028,0.35891314357676585,0.9541015625,200
C=Cc1cccc(N2CCCC(S3(C=C)C=CC=C3C(=O)NC3CCCC3C(=O)N3CCc4ccccc4C3)C2)c1,-0.05204414138134239,0.41411943847401106,-0.5042968750000001,-0.14222157790733142,0.7739779293093288,0.41411943847401106,0.9521484375,200
C=CC=CC=CC1(C=C)CN(c2ccccc2)CCN1C1=NCCN1C(=O)c1ccccc1,-0.0,0.49090253432515435,-0.5160156250000001,-0.02511309067484574,0.8430080287647397,0.49090253432515435,0.9580078125,200
C=CN(C(=O)C1(c2ccco2)N(C(=O)COc2ccccc2)CC(C2NCON2)C12CCOCC2)c1ccccc1,-0.0,0.43368436885940764,-0.5218750000000001,-0.08819063114059245,0.8246361625138421,0.43368436885940764,0.9609375,200
C=Cc1cccc(-c2ccccc2N(C)CC2C3CNCC2CNC3)c1,-0.0,0.866951197526907,-0.5238281250000001,0.3431230725269069,0.8633143274291383,0.866951197526907,0.9619140625,200
C=Cc1ccc(-c2coc(C3(C=C)N(C(=O)COc4ccccc4)CC(C4NCON4)C34CCOCC4)c2)cc1,-0.0,0.3996428967439764,-0.5296875000000001,-0.13004460325602368,0.8989289811607241,0.3996428967439764,0.96484375,200
C=CC=CC1(c2ccc(-c3ccccc3)cc2)CC1CN1CCNC1CCC1CCCN1C(=O)CCN1CCCN1,-0.0,0.3642735962573368,-0.5160156250000001,-0.1517420287426633,0.8761934669313133,0.3642735962573368,0.9580078125,200
C=CC=CC1(c2ccc(C=C)cc2)C(CC2NCNN2)CN1C(=O)Nc1ccccc1,-0.0,0.5194673686715091,-0.5453125000000001,-0.025845131328490978,0.8174743431475411,0.5194673686715091,0.97265625,200
C=Cc1cc(C2(c3ccccc3)CCCC3NNC(=O)CC32)ccc1CNC,-0.0,0.7493768767939996,-0.5335937500000001,0.21578312679399947,0.8969383117321896,0.7493768767939996,0.966796875,200
C=Cc1ccc(C2(c3ccccc3C=C)CN(C3CNC(N4CCNCC4)NC3)CCC2C(=O)NCC2CCCO2)cc1,-0.0,0.36103480669606525,-0.5277343750000001,-0.16669956830393484,0.8316497438869386,0.36103480669606525,0.9638671875,200
C=Cc1cc(-c2cc(C3(C=C)CN(C4CCCCN4)CCN3C(=O)CC3COc4ccccc4NC3=O)co2)co1,-0.0,0.40170279422013233,-0.5414062500000001,-0.13970345577986776,0.8600810971296653,0.40170279422013233,0.970703125,200
C=CNNC1(C(=O)c2ccccc2)CCCC2NNC(=O)CC21,-0.3247980472623069,0.48215086521847833,-0.5218750000000001,-0.36452218204382864,0.6376009763688466,0.48215086521847833,0.9609375,200
C=CC=CC1(N(C)CC=C)C(C2NC(Cc3ccccc3)NO2)CN1S(=O)(=O)c1ccccc1,-0.12774728614331865,0.4024985365818326,-0.5628906250000001,-0.28813937456148614,0.7361263569283407,0.4024985365818326,0.9814453125,200
C=CC1(c2ccccc2-c2ccc(-c3ccccc3)cc2)C=CCC(CN2CCC(CCC3NC(C4CCOCC4)NO3)CC2)N1,-0.0,0.21259207370049268,-0.5257812500000001,-0.3131891762995074,0.9701637398570188,0.21259207370049268,0.962890625,200
C=Cc1ccc(C=C)c(C2(c3ccccc3)CC2CN2CCNC2CCC2CCCN2C(=O)CCN2CCCN2)c1,-0.0,0.3924596949540626,-0.4906250000000001,-0.09816530504593751,0.9042375543335356,0.3924596949540626,0.9453125,200
O=C(CC1CCNCC1)N1CCCC1C1NNCN1CC1CCNCC1(C=Cc1coc(-c2ccoc2)c1)c1ccccc1,-0.0,0.29154053858656037,-0.5140625000000001,-0.22252196141343972,0.9077597172524382,0.29154053858656037,0.95703125,200
C=CC1CCCN(C2(c3ncc(-c4ccc5c(c4)OCO5)cn3)C=CCC(CN3CCNc4ccccc43)C2)C1,-0.0,0.39660695153521625,-0.5257812500000001,-0.12917429846478384,0.907454388120967,0.39660695153521625,0.962890625,200
C=CN1CCC(C=CC2(c3ccccc3)C3CC(c4ccccc4)NN3CCCN2C(=O)CCS(=O)(=O)C2=CC=CC3NCCC3C2)CC1,-0.0,0.33984348714456714,-0.5414062500000001,-0.20156276285543295,0.8233269760886727,0.33984348714456714,0.970703125,200
C=Cc1cc(-c2ccc(C3CC(OC4NOC(C5CNCCN5)N4)CCN3C(=O)C3CCOC3)c(C=C)c2)co1,-0.0,0.3951681524196768,-0.5511718750000001,-0.1560037225803233,0.8292862135203922,0.3951681524196768,0.9755859375,200
C=Cc1cccc(-c2cc(C3(C=C)CC3CN3CCNC3CCC3CCCN3C(=O)CCN3CCCN3)co2)c1,-0.0,0.3806672034574976,-0.5140625000000001,-0.13339529654250248,0.8545658539138855,0.3806672034574976,0.95703125,200
O=C(CC1CCNCC1)N1CCCC1C1NNCN1CC1CCNCC1(C=Cc1ccc(-c2ccccc2)cc1)c1ccccc1,-0.0,0.2711399599144641,-0.4984375000000001,-0.227297540085536,0.9427342374145389,0.2711399599144641,0.94921875,200
C=CCOC1(C=Cc2ccccc2-c2ccccc2)CCCCN2C(=O)N(CC3CC3)NC21,-0.0,0.5503979472334233,-0.5140625000000001,0.03633544723342319,0.8826383225051445,0.5503979472334233,0.95703125,200
C=Cc1ccccc1C=Cc1cccc(C2CCCCN3C(=O)N(CC4CC4)NC23)c1,-0.0,0.6125550103277743,-0.4945312500000001,0.11802376032777417,0.9390765028098406,0.6125550103277743,0.947265625,200
C=Cc1coc(C2CCN(c3ccccc3)CC2C2C(CCCN3CCCO3)CCCN2C(=O)C2CCOC2)c1,-0.0,0.40779823234690193,-0.5062500000000001,-0.09845176765309815,0.8266230498238549,0.40779823234690193,0.953125,200
C=Cc1ccc(-c2ccc(C3CCCCN4C(=O)N(CC5CC5)NC34)cc2)cc1C=C,-0.0,0.6412731894508679,-0.5042968750000001,0.13697631445086778,0.9161461848981965,0.6412731894508679,0.9521484375,200
C=Cc1cccc(C2(c3cccc(C=C)c3)C3CC(c4ccccc4)NN3CCCN2C(=O)CCS(=O)(=O)C2=CC=CC3NCCC3C2)c1,-0.0,0.27381400855605165,-0.5199218750000001,-0.24610786644394844,0.9265914485060615,0.27381400855605165,0.9599609375,200
C=Cc1coc(-c2cc(C3(COC)C=CCC(CN4CCNc5ccccc54)C3)on2)c1,-0.0,0.5082566262198116,-0.5550781250000001,-0.046821498780188486,0.8711840831831588,0.5082566262198116,0.9775390625,200
O=C(CCS(=O)(=O)C1=CC=CC2NCCC2C1)N1CCCN2NC(c3ccccc3)CC2C1(c1ccoc1)N1CCC(C=Cc2ccccc2)CC1,-0.0,0.27649640737365544,-0.5531250000000001,-0.27662859262634465,0.8330411996288091,0.27649640737365544,0.9765625,200
C=Cc1ccc(-c2ccc(C=C)c(C3C=CCC(CN4CCC(CCC5NC(C6CCOCC6)NO5)CC4)N3)c2)cc1,-0.0,0.2928866243467254,-0.5472656250000001,-0.2543790006532747,0.9007971363079114,0.2928866243467254,0.9736328125,200
C=Cc1ccc(-c2cc(C3CCCCN4C(=O)N(CC5CC5)NC34)on2)cc1C=C,-0.0,0.745859166780228,-0.5335937500000001,0.21226541678022792,0.9091105398479108,0.745859166780228,0.966796875,200
C=Cc1ccc(C2(c3ccccc3)C(NC(=O)CCC3CCCCC3)CCN2C2CC(N3CCOCC3)CNN2)c(C=C)c1,-0.0,0.34592180794896177,-0.5082031250000001,-0.16228131705103832,0.8719647651396518,0.34592180794896177,0.9541015625,200
C=CC1CCN(C2(c3nc(-c4ccoc4)cs3)CCCCN3C(=O)N(CC4CC4)NC32)CC1,-0.0,0.626298289289293,-0.5628906250000001,0.0634076642892929,0.857461866909024,0.626298289289293,0.9814453125,200
C=Cc1ccc(C2CC(N3CNNN3)CC=C2C(=O)NC2=CCC3NC(=O)C4CCCN4C(=O)C3C2)c(-c2ccccc2C=C)c1,-0.0,0.32222095811381507,-0.5375000000000001,-0.21527904188618502,0.8064871621426418,0.32222095811381507,0.96875,200
C=Cc1cccc(C2(c3ccccc3C3CCCNC3)CNCCC2CN2CNNC2C2CCCN2C(=O)CC2CCNCC2)c1,-0.0,0.2904278790840582,-0.4964843750000001,-0.20605649591594188,0.8504900680794378,0.2904278790840582,0.9482421875,200
C=Cc1cccc(C2(c3cccc(C=C)c3)CNCCC2CN2CNNC2C2CCCN2C(=O)CC2CCNCC2)c1,-0.0,0.3675227954055018,-0.4867187500000001,-0.11919595459449828,0.8772000682298142,0.3675227954055018,0.943359375,200
C=CC1(c2ccccc2C2CCCN(c3ccoc3)C2)N(C(=O)COc2ccccc2)CC(C2NCON2)C12CCOCC2,-0.0,0.358325345349587,-0.5199218750000001,-0.1615965296504131,0.8895874804695487,0.358325345349587,0.9599609375,200
C=Cc1cccc(-c2cccc(C3(C=C)COCCN3C34NC(=O)NC(=O)C3NCC4=O)c2)c1,-0.0,0.5911270491665955,-0.5453125000000001,0.04581454916659544,0.8428798906022025,0.5911270491665955,0.97265625,200
C=Cc1ccc(C2(C=C)CN(C3CCCCN3)CCN2C(=O)CC2COc3ccccc3NC2=O)c(C=C)c1,-0.05445909473040733,0.5147425730941013,-0.5082031250000001,-0.0479196466363061,0.7727704526347964,0.5147425730941013,0.9541015625,200
C=CC=CC=CC1(C2CC2)C=CCC(CN2CCNc3ccccc32)C1,-0.10022614026269383,0.5341943884068043,-0.5433593750000001,-0.10939112685588959,0.7498869298686531,0.5341943884068043,0.9716796875,200
C=Cc1ccc(C2(C=C)CCCCC3C(C(=O)NCCC4CCCC4=O)NC(c4ccccc4)N32)c(C=C)c1,-0.0,0.3874959906221246,-0.5335937500000001,-0.1460977593778755,0.910789492117062,0.3874959906221246,0.966796875,200
C=Cc1ccc(-c2ccc(C(C)(C)ON3CCC4CC=CCC43)cc2)cc1,-0.0,0.5890052562245692,-0.5414062500000001,0.04759900622456914,0.9255801938115975,0.5890052562245692,0.970703125,200
C=CC=CC=CC1(c2ccccc2)C(C2NC(Cc3ccccc3)NO2)CN1S(=O)(=O)c1ccccc1,-0.0,0.4119404006029195,-0.5453125000000001,-0.1333720993970806,0.8560150421073263,0.4119404006029195,0.97265625,200
O=C(c1ccccc1)N1CCN=C1N1CCN(c2ccccc2)CC1C=CN1CCCC(c2ccc(N3CCCCC3)cc2)C1,-0.06029705422891629,0.34275822376372295,-0.4574218750000001,-0.17496070546519343,0.7698514728855419,0.34275822376372295,0.9287109375,200
C=Cc1ccccc1-c1cc(C=CC2NCCCC2CN2CNC3CCCNC32)co1,-0.0,0.6640965123779523,-0.5277343750000001,0.13636213737795222,0.8709248498715083,0.6640965123779523,0.9638671875,200
C=Cc1ccc(C=C)c(N2CCC3(c4ccccc4)CC=CCC23)c1,-0.0,0.6377015495461522,-0.4984375000000001,0.13926404954615212,0.8352107272379119,0.6377015495461522,0.94921875,200
C=CN1CCC(c2ccccc2C2(c3ccco3)N(C(=O)COc3ccccc3)CC(C3NCON3)C23CCOCC3)C(O)C1,-0.0,0.3511497658888767,-0.5199218750000001,-0.1687721091111234,0.8649614410287323,0.3511497658888767,0.9599609375,200
C=Cc1ccc(C=C)c(C2(C=C)CCCCC3C(C(=O)NCCC4CCCC4=O)NC(c4ccccc4)N32)c1,-0.0,0.38749599062212453,-0.5335937500000001,-0.14609775937787556,0.910789492117062,0.38749599062212453,0.966796875,200
C=Cc1ccc(C=Cc2ccccc2C2CNCCC2CN2CNNC2C2CCCN2C(=O)CC2CCNCC2)cc1,-0.0,0.33903622162257196,-0.4925781250000001,-0.15354190337742812,0.9044285558646473,0.33903622162257196,0.9462890625,200
O=C1N(CC2CC2)NC2N1CCCCC2(c1ccccc1)c1cc(C2CCCN(c3ccoc3)C2)co1,-0.0,0.4700526986602527,-0.4964843750000001,-0.026431676339747412,0.9523669843082249,0.4700526986602527,0.9482421875,200
C=CC=CC1(N=Cc2ccccc2)NCCC2C(=O)NC(c3ccccc3)NC21,-0.07436221964608047,0.5468196703233111,-0.5531250000000001,-0.08066754932276943,0.7628188901769598,0.5468196703233111,0.9765625,200
C=CC1CCN(C=C)CC1C1(C=C)C(C2NC(Cc3ccccc3)NO2)CN1S(=O)(=O)c1ccccc1,-0.13199068068964448,0.49322831876494044,-0.5511718750000001,-0.18993423692470413,0.7340046596551778,0.49322831876494044,0.9755859375,200
C=Cc1cccc(-c2cccc(C3(C=C)CNCCC3CN3CNNC3C3CCCN3C(=O)CC3CCNCC3)c2)c1,-0.0,0.3416943619798492,-0.5140625000000001,-0.17236813802015089,0.8927013143411507,0.3416943619798492,0.95703125,200
C=Cc1ccccc1C1(C=Cc2ccoc2)C(C2NC(Cc3ccccc3)NO2)CN1S(=O)(=O)c1ccccc1,-0.0,0.2975942067531983,-0.5238281250000001,-0.22623391824680178,0.8963019192341878,0.2975942067531983,0.9619140625,200
C=Cc1ccc(N2CCCCC2)c(C2(c3ccccc3)C=CCC(C3=CCC(N4CCOCC4)NN3)C2)c1,-0.0,0.49438441922540705,-0.4925781250000001,0.001806294225406957,0.9157489689422185,0.49438441922540705,0.9462890625,200
C=Cc1cc(C2CCCN(C3CSCCN3C(=O)CCNC3C(c4ccccc4)NC4CNCCN43)C2)ccc1-c1ccccc1,-0.0,0.3071566310566022,-0.5199218750000001,-0.2127652439433979,0.8966078794995586,0.3071566310566022,0.9599609375,200
O=C(NC1=CCC2NC(=O)C3CCCN3C(=O)C2C1)C1=CCC(N2CNNN2)CC1(c1ccccc1)c1ccccc1-c1cc(N2CCCCC2)co1,-0.0,0.24625119228337808,-0.4964843750000001,-0.250233182716622,0.8720510292693605,0.24625119228337808,0.9482421875,200
C=Cc1cc(C2(c3cccc(-c4ccccc4)c3)CNCCC2CN2CNNC2C2CCCN2C(=O)CC2CCNCC2)co1,-0.0,0.2836132107864294,-0.5023437500000001,-0.21873053921357066,0.9417474291529778,0.2836132107864294,0.951171875,200
C=Cc1cccc(S2(c3cccc(C=C)c3)C(NC(=O)CC3(N4CC=CC4)CCOCC3)NNC2C2CCCCC2)c1,-0.0,0.29611722718483713,-0.5414062500000001,-0.24528902281516296,0.8594783461677198,0.29611722718483713,0.970703125,200
C=Cc1ccccc1C=Cc1coc(C2CCCN2C(=O)C2CNN(C3CC(c4ncno4)CCN3)C2)c1,-0.0,0.4869080172462939,-0.5453125000000001,-0.05840448275370619,0.8817850343783291,0.4869080172462939,0.97265625,200
C=Cc1ccc(S2(C=C)C=CC=C2C(=O)NC2CCCC2C(=O)N2CCc3ccccc3C2)cc1C=C,-0.012418827624704143,0.45854972495196716,-0.5335937500000001,-0.08746285267273707,0.793790586187648,0.45854972495196716,0.966796875,200
C=Cc1ccc(C2(C=C)CCCCC3C(C(=O)NCCC4CCCC4=O)NC(c4ccccc4)N32)c(N2CCCCC2)c1,-0.0,0.33206454255221757,-0.5003906250000001,-0.16832608244778252,0.9064084132072056,0.33206454255221757,0.9501953125,200
C=CC=CC1(c2cccc(-c3ccccc3)c2)CCCC12C(C(=O)NCC1CCCN1)c1ccccc1C(=O)N2C1C=CC=CC1,-0.0,0.264684652554642,-0.5179687500000001,-0.25328409744535807,0.8905192051065378,0.264684652554642,0.958984375,200
C=Cc1cccc(C2(c3ccccc3C=C)COCCN2C23NC(=O)NC(=O)C2NCC3=O)c1,-0.0,0.6299478352320934,-0.5433593750000001,0.08658846023209332,0.8330443238103147,0.6299478352320934,0.9716796875,200
C=CC1(C=Cc2coc(-c3ccccc3)c2)C2CC(c3ccccc3)NN2CCCN1C(=O)CCS(=O)(=O)C1=CC=CC2NCCC2C1,-0.0,0.26865159151536117,-0.5394531250000001,-0.2708015334846389,0.9100581078287757,0.26865159151536117,0.9697265625,200
C=CC=CC1(c2ccccc2-c2ccccc2)CC1CN1CCNC1CCC1CCCN1C(=O)CCN1CCCN1,-0.0,0.3642735962573368,-0.4828125000000001,-0.11853890374266329,0.8795235097942415,0.3642735962573368,0.94140625,200
C=Cc1cccc(-c2cccc(C3(c4ccco4)CNCCC3CN3CNNC3C3CCCN3C(=O)CC3CCNCC3)c2)c1,-0.0,0.2836132107864294,-0.5238281250000001,-0.24021491421357066,0.9417474291529778,0.2836132107864294,0.9619140625,200
C=Cc1cc(C2(c3cccc(-c4ccco4)c3)COCCN2C23NC(=O)NC(=O)C2NCC3=O)co1,-0.0,0.49680516629106836,-0.5531250000000001,-0.05631983370893173,0.9029335365514505,0.49680516629106836,0.9765625,200
C=CN1CCC(c2cc(C3CCCN3C(=O)C3CNN(C4CC(c5ncno5)CCN4)C3)ccc2-c2ccccc2)CC1,-0.0,0.4169247441381929,-0.5492187500000001,-0.13229400586180717,0.9002800529866025,0.4169247441381929,0.974609375,200
CN(Cc1ccccc1)C1(C=Cc2ccccc2)NCCCC1CN1CNC2CCCNC21,-0.07334882463437276,0.6090840242177137,-0.5492187500000001,-0.013483550416659162,0.7633255876828137,0.6090840242177137,0.974609375,200
C=Cc1ccc(-c2cccc(C3(C=C)C(CCCN4CCCO4)CCCN3C(=O)C3CCOC3)c2)cc1,-0.0,0.3920370322961033,-0.5160156250000001,-0.12397859270389677,0.8910917003757013,0.3920370322961033,0.9580078125,200
C=Cc1cc(C2(C3CCS(=O)(=O)C3)NCCN2CCNN2NC(=O)C2CC2CC2)ccc1-c1ccccc1,-0.0,0.43053117304485333,-0.5277343750000001,-0.09720320195514676,0.8862736781528936,0.43053117304485333,0.9638671875,200
C=Cc1ccc(-c2ccccc2)cc1C1(C=C)CNCCC1CN1CNNC1C1CCCN1C(=O)CC1CCNCC1,-0.0,0.3416943619798492,-0.5003906250000001,-0.15869626302015089,0.8927013143411507,0.3416943619798492,0.9501953125,200
C=Cc1ccccc1C1(C2CCN(C=C)CC2)N(C(=O)COc2ccccc2)CC(C2NCON2)C12CCOCC2,-0.0,0.5049664377980756,-0.5218750000000001,-0.016908562201924493,0.8035305238299745,0.5049664377980756,0.9609375,200
C=Cc1ccc(C=C)c(C2(c3ccco3)CC(N3CNNN3)CC=C2C(=O)NC2=CCC3NC(=O)C4CCCN4C(=O)C3C2)c1,-0.07068818355232187,0.3240797900427703,-0.5550781250000001,-0.30168651850955164,0.7646559082238391,0.3240797900427703,0.9775390625,200
C=Cc1ccc(C2(c3cc(C=C)co3)C3CC(c4ccccc4)NN3CCCN2C(=O)CCS(=O)(=O)C2=CC=CC3NCCC3C2)cc1,-0.0,0.2904479171585111,-0.5355468750000001,-0.245098957841489,0.91911450423257,0.2904479171585111,0.9677734375,200
C=CC=CC1(c2ccc(C=C)cc2)N(C(=O)COc2ccccc2)CC(C2NCON2)C12CCOCC2,-0.0,0.532939457345226,-0.5355468750000001,-0.0026074176547741246,0.8174512237714281,0.532939457345226,0.9677734375,200
O=C(C1CCOC1)N1CCCC(CCCN2CCCO2)C1(c1cc(-c2ccccc2)no1)C1CCCN(C2CC2)C1,-0.0,0.4209816788105075,-0.5316406250000001,-0.11065894618949257,0.8260856627583228,0.4209816788105075,0.9658203125,200
C=CC1(N2CCC(c3ccccc3-c3ccccc3)CC2)CCCCN2C(=O)N(CC3CC3)NC21,-0.0,0.5571186152778526,-0.5082031250000001,0.04891549027785247,0.8743876500282723,0.5571186152778526,0.9541015625,200
c1ccc2c(C(NC3CCNCC3)c3cc(-c4cc(C5C6CNCC5CNC6)co4)co3)c[nH]c2c1,-0.0,0.28396626849917084,-0.5101562500000001,-0.22618998150082925,0.9565590386360399,0.28396626849917084,0.955078125,200
C=CC1(c2cc(-c3ccco3)ccc2-c2ccccc2)CC(N2CNNN2)CC=C1C(=O)NC1=CCC2NC(=O)C3CCCN3C(=O)C2C1,-0.0,0.24235783184749052,-0.5492187500000001,-0.3068609181525096,0.877901085853628,0.24235783184749052,0.974609375,200
C=Cc1ccccc1-c1cc(C2C=CCC(CN3CCC(CCC4NC(C5CCOCC5)NO4)CC3)N2)ccc1-c1ccccc1,-0.0,0.2072013053855158,-0.5375000000000001,-0.3302986946144843,0.9702555022074383,0.2072013053855158,0.96875,200
C=Cc1cc(C2(C=Cc3ccoc3)C=CCC(N3CCCC3)C2)co1,-0.029881278096970165,0.6961435665401366,-0.5433593750000001,0.1229029134431664,0.785059360951515,0.6961435665401366,0.9716796875,200
C=Cc1ccc(C=C)c(C2(C=C)CCCCC3C(C(=O)NCCC4CCCC4=O)NC(c4ccccc4)N32)c1,-0.0,0.38749599062212453,-0.5335937500000001,-0.14609775937787556,0.910789492117062,0.38749599062212453,0.966796875,200
C=Cc1cc(C2(C=C)CCCCN3C(=O)N(CC4CC4)NC32)ccc1-c1ccoc1,-0.0,0.6766435614483262,-0.5316406250000001,0.14500293644832607,0.8973458038749226,0.6766435614483262,0.9658203125,200
C=Cc1cccc(-c2cc(C3(C=C)NCCCC3CN3CNC4CCCNC43)no2)c1,-0.0,0.6246348842186195,-0.5511718750000001,0.07346300921861937,0.8998966110974976,0.6246348842186195,0.9755859375,200
C=Cc1ccccc1-c1ccc(C2(C=C)C=CCC(CN3CCC(CCC4NC(C5CCOCC5)NO4)CC3)N2)cc1,-0.0,0.3062601390347045,-0.5355468750000001,-0.22928673596529558,0.9002686372892947,0.3062601390347045,0.9677734375,200
C1=CC(c2ccccc2-c2ccco2)(N2CCCC(c3ccccc3)C2)NC(CN2CCC(CCC3NC(C4CCOCC4)NO3)CC2)C1,-0.0,0.20967191996300455,-0.5257812500000001,-0.31610933003699554,0.9052511563119344,0.20967191996300455,0.962890625,200
C=Cc1cc(-c2ccccc2)ccc1C1(C=C)CNCCC1CN1CNNC1C1CCCN1C(=O)CC1CCNCC1,-0.0,0.3416943619798492,-0.5062500000000001,-0.16455563802015089,0.8998329622971487,0.3416943619798492,0.953125,200
C=CC=CC1(c2ccnc(C=C)c2)CSCCN1C(=O)CCNC1C(c2ccccc2)NC2CNCCN21,-0.09690537316428882,0.43050930345040334,-0.5609375000000001,-0.22733356971388557,0.7515473134178556,0.43050930345040334,0.98046875,200
O=C1CCCC1CCNC(=O)C1NC(c2ccccc2)N2C1CCCCC2(N1CCC(c2ccoc2)CC1)N1CCCC(c2ccccc2)C1,-0.0,0.2585152368537321,-0.5257812500000001,-0.26726601314626797,0.8281071692896488,0.2585152368537321,0.962890625,200
C=Cc1cc(C2(C=C)CCCCC3C(C(=O)NCCC4CCCC4=O)NC(c4ccccc4)N32)ccc1-c1ccccc1,-0.0,0.26659994194010245,-0.5296875000000001,-0.26308755805989764,0.9727170711351882,0.26659994194010245,0.96484375,200
C=Cc1cccc(C=CC=CC2C(C3NC(Cc4ccccc4)NO3)CN2S(=O)(=O)c2ccccc2)c1,-0.06913975592005683,0.4092345579304043,-0.5550781250000001,-0.21498332298965261,0.7654301220399716,0.4092345579304043,0.9775390625,200
C=Cc1ccc(-c2cccc(-c3ccccc3)c2)c(C2CC(OC3NOC(C4CNCCN4)N3)CCN2C(=O)C2CCOC2)c1,-0.0,0.304151300917283,-0.5277343750000001,-0.2235830740827171,0.9322097403347398,0.304151300917283,0.9638671875,200
C=Cc1ccccc1C1(c2ccccc2C=C)CNCCC1CN1CNNC1C1CCCN1C(=O)CC1CCNCC1,-0.0,0.3675227954055018,-0.4867187500000001,-0.11919595459449828,0.8772000682298142,0.3675227954055018,0.943359375,200
C=CC1CCN(C=C)CC1C1(c2ccccc2)N(C(=O)COc2ccccc2)CC(C2NCON2)C12CCOCC2,-0.0063548332284162345,0.476452912832923,-0.5277343750000001,-0.05763629539549331,0.7968225833857919,0.476452912832923,0.9638671875,200
C1=CC(C=CN2CCC(c3ccccc3)CC2)(c2ccco2)CC(C2=CCC(N3CCOCC3)NN2)C1,-0.03266304896321359,0.5496153255204081,-0.5355468750000001,-0.018594598442805532,0.7836684755183932,0.5496153255204081,0.9677734375,200
C=Cc1coc(C2(c3ccccc3C=C)CC(OC3NOC(C4CNCCN4)N3)CCN2C(=O)C2CCOC2)c1,-0.0,0.39391144254325644,-0.5394531250000001,-0.14554168245674365,0.8169050867069773,0.39391144254325644,0.9697265625,200
C=CC(c1ccccc1)(c1ccccc1)N1CCC2CC=CCC21,-0.0,0.7047056673872719,-0.5140625000000001,0.19064316738727183,0.9321352705047415,0.7047056673872719,0.95703125,200
C=Cc1cccc(-c2ccc(C3(C=C)CC(OC4NOC(C5CNCCN5)N4)CCN3C(=O)C3CCOC3)cc2)c1,-0.0,0.36706342054410995,-0.5433593750000001,-0.17629595445589014,0.8566242404752543,0.36706342054410995,0.9716796875,200
C=Cc1ccc(C=CC2N(C(=O)COc3ccccc3)CC(C3NCON3)C23CCOCC3)cc1C=C,-0.20169178252869968,0.5677371588565964,-0.5296875000000001,-0.1636421236721034,0.6991541087356502,0.5677371588565964,0.96484375,200
C=Cc1cc(N)ccc1C1(N2CCCCC2)N(C(=O)COc2ccccc2)CC(C2NCON2)C12CCOCC2,-0.05471693561458846,0.45433797982789104,-0.5121093750000001,-0.11248833078669751,0.7726415321927058,0.45433797982789104,0.9560546875,200
C=Cc1ccc(C(c2ccccc2)C2CCCCN3C(=O)N(CC4CC4)NC23)cc1,-0.0,0.7184247783829333,-0.5042968750000001,0.2141279033829332,0.9171294332248768,0.7184247783829333,0.9521484375,200
C=CC=CC1(c2ccc(C=C)cc2)N(C(=O)COc2ccccc2)CC(C2NCON2)C12CCOCC2,-0.0,0.532939457345226,-0.5355468750000001,-0.0026074176547741246,0.8174512237714281,0.532939457345226,0.9677734375,200
C=Cc1ccccc1S1(c2cc(-c3ccoc3)co2)C(NC(=O)CC2(N3CC=CC3)CCOCC2)NNC1C1CCCCC1,-0.0,0.23256609761437366,-0.5472656250000001,-0.31469952738562645,0.927474961257158,0.23256609761437366,0.9736328125,200
C=Cc1ccc(C=C)c(N2CCC(C3C(C4NC(Cc5ccccc5)NO4)CN3S(=O)(=O)c3ccccc3)CC2)c1,-0.10831781506770377,0.3815135701077917,-0.5296875000000001,-0.25649174495991217,0.7458410924661482,0.3815135701077917,0.96484375,200
C=Cc1cc(-c2ccccc2C2(C=C)CN(C3CCCCN3)CCN2C(=O)CC2COc3ccccc3NC2=O)co1,-0.0,0.380070035387999,-0.5160156250000001,-0.1359455896120011,0.8853445466059459,0.380070035387999,0.9580078125,200
C=Cc1ccccc1-c1ccc(N(C)CC2CCCC3NNC(=O)CC23)cc1,-0.0,0.8214347740965777,-0.4886718750000001,0.33276289909657764,0.8857101004374754,0.8214347740965777,0.9443359375,200
C=Cc1ccc(-c2ccc([N+](=O)[O-])c(C=C)c2)cc1C1NCCC2C(=O)NC(c3ccccc3)NC21,-0.0,0.34141087725918684,-0.5472656250000001,-0.20585474774081325,0.9164795718074573,0.34141087725918684,0.9736328125,200
C=CC=CC=CC1(C=C)C(C2NC(Cc3ccccc3)NO2)CN1S(=O)(=O)c1ccccc1,-0.096133877669063,0.43970090439224485,-0.5550781250000001,-0.21151109827681824,0.7519330611654685,0.43970090439224485,0.9775390625,200
C=Cc1cc(-c2cc(C3(C=C)CCCCC4C(C(=O)NCCC5CCCC5=O)NC(c5ccccc5)N43)co2)co1,-0.0,0.3001970347886853,-0.5531250000000001,-0.2529279652113148,0.9441598332043747,0.3001970347886853,0.9765625,200
C=Cc1cc(-c2cccc(C3(C=C)C=CCC(N4CCCC4)C3)c2)co1,-0.0,0.6341381903607771,-0.5257812500000001,0.10835694036077703,0.8145539835397229,0.6341381903607771,0.962890625,200
C=CC=CN1CCC2(c3ccccc3C=C)CC=CCC12,-0.42637264969344657,0.5697604796786067,-0.5433593750000001,-0.39997154501484,0.5868136751532768,0.5697604796786067,0.9716796875,200
C=Cc1ccccc1-c1coc(N2CCC3(C=C)CC=CCC23)c1,-0.0,0.673422700390482,-0.5394531250000001,0.13396957539048193,0.8920437055415162,0.673422700390482,0.9697265625,200
C=Cc1cc(-c2ccccc2)ccc1S1(C=C)C(NC(=O)CC2(N3CC=CC3)CCOCC2)NNC1C1CCCCC1,-0.0,0.2918147299610132,-0.5335937500000001,-0.24177902003898688,0.9080728622470373,0.2918147299610132,0.966796875,200
C=Cc1ccc(C2CCCN2C(=O)C2CNN(C3CC(c4ncno4)CCN3)C2)c(-c2cc(-c3ccoc3)co2)c1,-0.0,0.33178651793134384,-0.5511718750000001,-0.21938535706865625,0.94910330000276,0.33178651793134384,0.9755859375,200
C=Cc1ccc(C2(c3ccccc3C=C)C=CCC(CN3CCC(CCC4NC(C5CCOCC5)NO4)CC3)N2)cc1,-0.0,0.31379176514683094,-0.5296875000000001,-0.21589573485316915,0.9294218452102961,0.31379176514683094,0.96484375,200
C=Cc1ccc(C2(c3ccon3)NCCN2CCNN2NC(=O)C2CC2CC2)c(C=C)c1,-0.0,0.5279461011948549,-0.5394531250000001,-0.011507023805145233,0.8797698089853321,0.5279461011948549,0.9697265625,200
C=Cc1nnc(C2(C=Cc3ccccc3)C=CCC(CN3CCNc4ccccc43)C2)o1,-0.0,0.5250101999360873,-0.5472656250000001,-0.02225542506391276,0.9069722549894216,0.5250101999360873,0.9736328125,200
C=Cc1ccc(C=C)c(C2(c3ccccc3)NCCCC2CN2CNC3CCCNC32)c1,-0.0,0.6462301078027549,-0.5140625000000001,0.13216760780275483,0.9182404438913071,0.6462301078027549,0.95703125,200
C=Cc1cc(-c2cc(C3C4CC(c5ccccc5)NN4CCCN3C(=O)CCS(=O)(=O)C3=CC=CC4NCCC4C3)ccc2C=C)co1,-0.0,0.2715428291650703,-0.5433593750000001,-0.2718165458349298,0.9335258484639841,0.2715428291650703,0.9716796875,200
O=C(NC1=CCC2NC(=O)C3CCCN3C(=O)C2C1)C1=CCC(N2CNNN2)CC1(c1ccc(-c2ccoc2)cc1)c1ccccc1N1CCCCC1,-0.0,0.24625119228337808,-0.5140625000000001,-0.267811307716622,0.881725957937495,0.24625119228337808,0.95703125,200
C=CC1(c2cc(-c3cccs3)ccc2-c2ccccc2)CC1CN1CCNC1CCC1CCCN1C(=O)CCN1CCCN1,-0.0,0.2422195036516189,-0.5042968750000001,-0.26207737134838116,0.9374994879566503,0.2422195036516189,0.9521484375,200
C=Cc1ccc(C2(C=C)C(CCCN3CCCO3)CCCN2C(=O)C2CCOC2)c(-c2ccccc2)c1,-0.0,0.3920370322961034,-0.5238281250000001,-0.13179109270389666,0.8883033107789843,0.3920370322961034,0.9619140625,200
C=Cc1cccc(C2(C=Cc3ccccc3)CNCCC2CN2CNNC2C2CCCN2C(=O)CC2CCNCC2)c1,-0.0,0.3672450572228457,-0.4964843750000001,-0.12923931777715436,0.8583193593625943,0.3672450572228457,0.9482421875,200
N#CC1(C=Cc2cccc(-c3ccccc3)c2)CCCC2NNC(=O)CC21,-0.0,0.8701784390559081,-0.5492187500000001,0.320959689055908,0.8851234554530033,0.8701784390559081,0.974609375,200
C=Cc1cccc(-c2ccccc2C2(C=C)CCCCN3C(=O)N(CC4CC4)NC32)c1,-0.0,0.6274162005614019,-0.5296875000000001,0.09772870056140182,0.9294341830877649,0.6274162005614019,0.96484375,200
O=C(CC1CCNCC1)N1CCCC1C1NNCN1CC1CCNCC1(c1ccccc1-c1ccccc1)C1CCCN(c2ccccc2)C1,-0.0,0.24897448345233672,-0.4535156250000001,-0.20454114154766337,0.8690840379615888,0.24897448345233672,0.9267578125,200
C=CNCC(=O)c1cccc(C2(c3ccccc3)C=CCC(C3NCCN4CCNC34)C2)c1,-0.0,0.4546087561637818,-0.5160156250000001,-0.061406868836218265,0.8786629480349941,0.4546087561637818,0.9580078125,200
C=CC=Cc1ncc(C2(C=C)CN(c3ccccc3)CCN2C2=NCCN2C(=O)c2ccccc2)cn1,-0.0,0.3788119291066497,-0.5199218750000001,-0.1411099458933504,0.8673314714080708,0.3788119291066497,0.9599609375,200
O=C(C1CCOC1)N1CCCC(CCCN2CCCO2)C1(c1ccccc1)C1CCN(c2ccccc2C2CCCNC2)CC1,-0.03744962339969926,0.37650380203656164,-0.5062500000000001,-0.1671958213631377,0.7812751883001504,0.37650380203656164,0.953125,200
C=Cc1cc(C2(C=Cc3ccccc3)NCCCC2CN2CNC3CCCNC32)co1,-0.0,0.6667751043066328,-0.5433593750000001,0.1234157293066327,0.8949019374796277,0.6667751043066328,0.9716796875,200
C=Cc1ccc(CN(C)C2CC2CN2CCNC2CCC2CCCN2C(=O)CCN2CCCN2)c(-c2ccccc2)c1,-0.0,0.37206128365157487,-0.5062500000000001,-0.13418871634842522,0.8879347025126749,0.37206128365157487,0.953125,200
C=Cc1ccc(-c2cc(C3(C=C)C4CNCC3CNC4)co2)cc1,-0.0,0.8473852153453818,-0.5667968750000001,0.2805883403453817,0.8615829372061846,0.8473852153453818,0.9833984375,200
C=Cc1ccc(C=Cc2ccccc2)c(C2C3CC(c4ccccc4)NN3CCCN2C(=O)CCS(=O)(=O)C2=CC=CC3NCCC3C2)c1,-0.0,0.24554862881943967,-0.5296875000000001,-0.2841388711805604,0.9355597720083109,0.24554862881943967,0.96484375,200
C=Cc1cc(C2(c3cc(C=C)c4c(c3)OCO4)CCCCN3C(=O)N(CC4CC4)NC32)co1,-0.0,0.6927316991023182,-0.5296875000000001,0.16304419910231815,0.9064998756263916,0.6927316991023182,0.96484375,200
C=CC1(C2CCN(C3CCCN(c4ccccc4)C3)CC2O)CN(c2ccccc2)CCN1C1=NCCN1C(=O)c1ccccc1,-0.011593028536134975,0.40793589761244825,-0.4281250000000001,-0.03178213092368681,0.7942034857319326,0.40793589761244825,0.9140625,200
O=C(CC1CCNCC1)N1CCCC1C1NNCN1CC1CCNCC1(c1ccccc1-c1ccoc1)C1CCCN(c2ccccc2)C1,-0.0,0.2599735961026808,-0.4828125000000001,-0.2228389038973193,0.8542888928247073,0.2599735961026808,0.94140625,200
C=CC=Cc1ccc(C2(c3ccco3)CCCCN3C(=O)N(CC4CC4)NC32)cc1,-0.0,0.6961567390539165,-0.5335937500000001,0.16256298905391642,0.9147892230328314,0.6961567390539165,0.966796875,200
C=Cc1ccc(C2(C=CC3CCCNC3)CN(C3CCCCN3)CCN2C(=O)CC2COc3ccccc3NC2=O)cc1,-0.12153571680942932,0.4203177522160806,-0.5003906250000001,-0.20160858959334882,0.7392321415952854,0.4203177522160806,0.9501953125,200
C=Cc1cc(C2(c3cc(-c4ccccc4)on3)NCCN2CCNN2NC(=O)C2CC2CC2)co1,-0.0,0.41266614738399493,-0.5492187500000001,-0.13655260261600516,0.9531647616635428,0.41266614738399493,0.974609375,200
O=C(NC1=CCC2NC(=O)C3CCCN3C(=O)C2C1)C1=CCC(N2CNNN2)CC1c1ccc(C=Cc2ccccc2)c(-c2ccccc2)c1,-0.0,0.23726048652095322,-0.5472656250000001,-0.31000513847904687,0.9196505690162815,0.23726048652095322,0.9736328125,200
C=Cc1cccc(N2CCC(c3cccc(C4C=CCC(C5=CCC(N6CCOCC6)NN5)C4)c3)CC2)c1,-0.0,0.48060104655015207,-0.5101562500000001,-0.029555203449848022,0.8661501223512001,0.48060104655015207,0.955078125,200
C=CC=CC12CC=CCC1N(c1cccc(-c3ccco3)c1)CC2,-0.0,0.5385583376698713,-0.5277343750000001,0.010823962669871179,0.8921873880565856,0.5385583376698713,0.9638671875,200
CC(C)CC1(c2cccc(C3CCCN(c4ccccc4)C3)c2)N(C(=O)COc2ccccc2)CC(C2NCON2)C12CCOCC2,-0.0,0.2955458048997913,-0.5042968750000001,-0.20875107010020877,0.8926424490167347,0.2955458048997913,0.9521484375,200
C=CC1(c2cccc(C=Cc3ccccc3)c2)CSCCN1C(=O)CCNC1C(c2ccccc2)NC2CNCCN21,-0.0,0.2526160262362623,-0.5433593750000001,-0.2907433487637378,0.9151538324298482,0.2526160262362623,0.9716796875,200
CC(C(Nc1ccco1)c1ccco1)N1CCC2(c3ccccc3)CC=CCC12,-0.0,0.5438599548019633,-0.5257812500000001,0.018078704801963164,0.8832280186437247,0.5438599548019633,0.962890625,200
C1=CCC2(N3CCCC(c4coc(-c5ccccc5)c4)C3)CCN(N3CCCC3)C2C1,-0.04606037107022476,0.6298141116225209,-0.5042968750000001,0.07945686555229603,0.7769698144648877,0.6298141116225209,0.9521484375,200
O=S(=O)(c1ccccc1)N1CC(C2NC(Cc3ccccc3)NO2)C1C1CCN(C=CC=Cc2ccccc2)CC1O,-0.1114363241933678,0.33010080680943055,-0.5570312500000001,-0.33836676738393734,0.7442818379033161,0.33010080680943055,0.978515625,200
C=Cc1cc(-c2coc(N3CCCCC3)c2)ccc1C1CNCCC1CN1CNNC1C1CCCN1C(=O)CC1CCNCC1,-0.0,0.33153882339114754,-0.5082031250000001,-0.17666430160885255,0.8807382368075442,0.33153882339114754,0.9541015625,200
C=Cc1coc(C2(c3ccccc3C=C)C3CC(c4ccccc4)NN3CCCN2C(=O)CCS(=O)(=O)C2=CC=CC3NCCC3C2)c1,-0.0,0.29044791715851115,-0.5316406250000001,-0.24119270784148894,0.91911450423257,0.29044791715851115,0.9658203125,200
C=CC=CC1(C=CC=C)CN(c2ccccc2)CCN1C1=NCCN1C(=O)c1ccccc1,-0.0,0.621688899361474,-0.5082031250000001,0.11348577436147389,0.8430080287647397,0.621688899361474,0.9541015625,200
C1=CC2c3cc(C45CC=CCC4N(Cc4ccccn4)CC5)ccc3NC(N3CCCC(c4ccccc4)C3)C2C1,-0.0,0.34465002696977054,-0.4867187500000001,-0.14206872303022955,0.8833629891158911,0.34465002696977054,0.943359375,200
C=Cc1cc(C2(C=C)CC(OC3NOC(C4CNCCN4)N3)CCN2C(=O)C2CCOC2)ccc1-c1ccccc1,-0.0,0.36706342054410995,-0.5316406250000001,-0.16457720445589014,0.8566242404752543,0.36706342054410995,0.9658203125,200
C=Cc1ccc(C2(c3ccco3)C=CCC(CN3CCC(CCC4NC(C5CCOCC5)NO4)CC3)N2)cc1C1CCCNC1,-0.0,0.2702212390203273,-0.5179687500000001,-0.2477475109796728,0.9008695021903561,0.2702212390203273,0.958984375,200
C=CC=Cc1ccc(-c2ccccc2)cc1C1C=CCC(C2NCCN3CCNC23)C1,-0.0,0.5463514175686554,-0.5179687500000001,0.028382667568655262,0.9010747634205415,0.5463514175686554,0.958984375,200
C=Cc1ccccc1C=CS1(c2ccccc2)C(NC(=O)CC2(N3CC=CC3)CCOCC2)NNC1C1CCCCC1,-0.0,0.29740032123099275,-0.5316406250000001,-0.23424030376900734,0.848525379619635,0.29740032123099275,0.9658203125,200
C=Cc1cccc(C2(c3ccccc3C3CCNCC3)C(CC3NCNN3)CN2C(=O)Nc2ccccc2)c1,-0.0,0.3140937001892572,-0.5023437500000001,-0.1882500498107429,0.8912918347750769,0.3140937001892572,0.951171875,200
C=Cc1cc(C2(c3ccccc3C=C)C=CCC(C3=CCC(N4CCOCC4)NN3)C2)co1,-0.0,0.6248271399756404,-0.5277343750000001,0.09709276497564034,0.8698595136452204,0.6248271399756404,0.9638671875,200
O=C1CCCC1CCNC(=O)C1NC(c2ccccc2)N2C(C3CCCN(c4ccc(-c5cccc(C6CCNCC6)c5)cc4)C3)CCCCC12,-0.0,0.22115968139553896,-0.4945312500000001,-0.2733715686044611,0.9200197904376605,0.22115968139553896,0.947265625,200
C=CC=CC1(C=CC=C)CN(c2ccccc2)CCN1C1=NCCN1C(=O)c1ccccc1,-0.0,0.621688899361474,-0.5082031250000001,0.11348577436147389,0.8430080287647397,0.621688899361474,0.9541015625,200
C=Cc1cc(C2(c3ccccc3C=C)C=CCC(N3CCCC3)C2)co1,-0.0,0.6495708537128366,-0.5062500000000001,0.14332085371283654,0.8096653572061411,0.6495708537128366,0.953125,200
C=Cc1ccccc1C1(c2ccccc2C=C)C=CCC(CN2CCC(CCC3NC(C4CCOCC4)NO3)CC2)N1,-0.0,0.31379176514683144,-0.5316406250000001,-0.21784885985316865,0.9294218452102961,0.31379176514683144,0.9658203125,200
C=Cc1cccc(C2(c3ccccc3C=C)CNCCC2CN2CNNC2C2CCCN2C(=O)CC2CCNCC2)c1,-0.0,0.3675227954055018,-0.5023437500000001,-0.13482095459449828,0.8772000682298142,0.3675227954055018,0.951171875,200
C=Cc1cccc(-c2ccc(C3(C=C)C=CCC(CN4CCC(CCC5NC(C6CCOCC6)NO5)CC4)N3)cc2)c1,-0.0,0.3062601390347045,-0.5335937500000001,-0.22733361096529558,0.9002686372892947,0.3062601390347045,0.966796875,200
C=CC1(C2CCN(c3ccccc3-c3ccccc3)CC2)NCCCC1CN1CNC2CCCNC21,-0.0,0.5283124050122704,-0.4828125000000001,0.0454999050122703,0.8733125255973515,0.5283124050122704,0.94140625,200
CC1C(c2ccc(-c3ccc(N4CCCCC4)cc3)cc2)CCCC1C1NCCCC1CN1CNC2CCCNC21,-0.0,0.3977125258337039,-0.4828125000000001,-0.08509997416629617,0.8597228616953023,0.3977125258337039,0.94140625,200
C=Cc1coc(-c2ccccc2C2(C=C)CCCCN3C(=O)N(CC4CC4)NC32)c1,-0.0,0.6766435614483259,-0.5296875000000001,0.14695606144832585,0.9107813461759443,0.6766435614483259,0.96484375,200
C=CC1(c2ccccc2-c2cccc(C3CCCNC3)c2)CN(C2CNC(N3CCNCC3)NC2)CCC1C(=O)NCC1CCCO1,-0.0,0.26728492159711087,-0.5121093750000001,-0.24482445340288922,0.8319675841375961,0.26728492159711087,0.9560546875,200
C=Cc1cc(-c2ccccc2)ccc1C1(C=C)CNCCC1CN1CNNC1C1CCCN1C(=O)CC1CCNCC1,-0.0,0.3416943619798492,-0.5062500000000001,-0.16455563802015089,0.8998329622971487,0.3416943619798492,0.953125,200
C=CC1(c2cc(-c3ccccc3-c3ccccc3)co2)NCCCC1CN1CNC2CCCNC21,-0.0,0.4478286165561819,-0.5277343750000001,-0.0799057584438182,0.9722601384088853,0.4478286165561819,0.9638671875,200
C=CC(=O)OC1(C=Cc2ccco2)CN(c2ccccc2)CCN1C1=NCCN1C(=O)c1ccccc1,-0.0,0.3785162038681119,-0.5121093750000001,-0.13359317113188818,0.8190774151109922,0.3785162038681119,0.9560546875,200
C=Cc1cc(C2(C=C)C=CCC(C3NCCN4CCNC34)C2)ccc1-c1ccccc1,-0.0,0.704934743003573,-0.5257812500000001,0.17915349300357286,0.8962033731670348,0.704934743003573,0.962890625,200
C=CC=Cc1ccc(C2(C=C)C(C3NC(Cc4ccccc4)NO3)CN2S(=O)(=O)c2ccccc2)cc1Cl,-0.0,0.28235381668042275,-0.5433593750000001,-0.26100555831957734,0.8568358593825754,0.28235381668042275,0.9716796875,200
C=Cc1ccccc1NC=Cc1ccccc1C1C2CC(c3ccccc3)NN2CCCN1C(=O)CCS(=O)(=O)C1=CC=CC2NCCC2C1,-0.0,0.22011225684422703,-0.5296875000000001,-0.30957524315577306,0.9037606000214841,0.22011225684422703,0.96484375,200
C=Cc1ccc(-c2ccccc2)c(C2(C=C)C3CC(c4ccccc4)NN3CCCN2C(=O)CCS(=O)(=O)C2=CC=CC3NCCC3C2)c1,-0.0,0.2506164212518179,-0.5355468750000001,-0.2849304537481822,0.9401106737070384,0.2506164212518179,0.9677734375,200
C=Cc1cccc(N2CCC(C=C)C(C3C4CC(c5ccccc5)NN4CCCN3C(=O)CCS(=O)(=O)C3=CC=CC4NCCC4C3)C2)c1,-0.1629710139355085,0.33826172627170276,-0.5355468750000001,-0.36025616266380583,0.7185144930322458,0.33826172627170276,0.9677734375,200
C=Cc1ccc(N([SH](=O)=O)C2(C=C)CN(c3ccccc3)CCN2C2=NCCN2C(=O)c2ccccc2)cc1,-0.0,0.3630599812068065,-0.5082031250000001,-0.1451431437931936,0.8301129702043765,0.3630599812068065,0.9541015625,200
C=Cc1cc(C2CNCCC2CN2CNNC2C2CCCN2C(=O)CC2CCNCC2)ccc1C=Cc1ccccc1,-0.0,0.33903622162257135,-0.5003906250000001,-0.16135440337742873,0.9134113976394044,0.33903622162257135,0.9501953125,200
C=Cc1cc(-c2ccc(C3CNCCC3CN3CNNC3C3CCCN3C(=O)CC3CCNCC3)c(-c3ccccc3)c2)co1,-0.0,0.27150417390504505,-0.5179687500000001,-0.24646457609495503,0.944072610468586,0.27150417390504505,0.958984375,200
C=Cc1cc(-c2ccc(C3(C=C)C4CNCC3CNC4)cc2)co1,-0.0,0.8473852153453818,-0.5492187500000001,0.2981664653453817,0.856871788274988,0.8473852153453818,0.974609375,200
C=Cc1ccc(C2(N(C)C)C(CCCN3CCCO3)CCCN2C(=O)C2CCOC2)cc1-c1ccco1,-0.0,0.4763496687466562,-0.5218750000000001,-0.045525331253343904,0.8871969092166921,0.4763496687466562,0.9609375,200
C=Cc1cc(C=CC2COCCN2C23NC(=O)NC(=O)C2NCC3=O)ccc1-c1ccccc1,-0.0,0.6319158288456121,-0.5316406250000001,0.10027520384561206,0.8227755379229799,0.6319158288456121,0.9658203125,200
C=Cc1coc(-c2coc(C3(c4ccccc4)CNCCC3CN3CNNC3C3CCCN3C(=O)CC3CCNCC3)c2)c1,-0.0,0.2918394675176798,-0.5199218750000001,-0.22808240748232028,0.9294789254311395,0.2918394675176798,0.9599609375,200
C=Cc1cccc(-c2ccc(C3(C=C)CC(N4CNNN4)CC=C3C(=O)NC3=CCC4NC(=O)C5CCCN5C(=O)C4C3)cc2)c1,-0.0,0.30244481960214253,-0.5472656250000001,-0.24482080539785755,0.8486428425879649,0.30244481960214253,0.9736328125,200
C=Cc1ccccc1-c1cccc(C2(C3CCCCC3)CCCC3NNC(=O)CC32)c1,-0.0,0.6433467571962931,-0.5375000000000001,0.105846757196293,0.8925373569449598,0.6433467571962931,0.96875,200
C=Cc1ccc(-c2ccccc2C2NCCCC2CN2CNC3CCCNC32)cc1C=C,-0.0,0.62779583667929,-0.5199218750000001,0.10787396167928986,0.9183489130082525,0.62779583667929,0.9599609375,200
C=Cc1cc(-c2ccccc2)ccc1C1(C=C)CCCCN2C(=O)N(CC3CC3)NC21,-0.0,0.627416200561402,-0.5218750000000001,0.10554120056140193,0.9161461848981965,0.627416200561402,0.9609375,200
C=CC1CCN(C=CC2(c3ccccc3)C=CCC(CN3CCNc4ccccc43)C2)CC1,-0.0,0.5380128299405209,-0.4867187500000001,0.05129407994052082,0.8240310885428593,0.5380128299405209,0.943359375,200
C=Cc1ccc(C=C)c(S2(C=C)C=CC=C2C(=O)NC2CCCC2C(=O)N2CCc3ccccc3C2)c1,-0.012418827624704143,0.45854972495196755,-0.5355468750000001,-0.08941597767273668,0.793790586187648,0.45854972495196755,0.9677734375,200
O=C(C1CCOC1)N1CCC(OC2NOC(C3CNCCN3)N2)CC1(c1coc(-c2ccccc2)c1)C1CCN(c2ccccc2)CC1,-0.0,0.28805637539929635,-0.5082031250000001,-0.22014674960070374,0.8482807386921414,0.28805637539929635,0.9541015625,200
C=CC1(c2cc(-c3ccccc3)ccc2C2CCCNC2)N(C(=O)COc2ccccc2)CC(C2NCON2)C12CCOCC2,-0.0,0.3125751482850316,-0.5101562500000001,-0.1975811017149685,0.887199957773681,0.3125751482850316,0.955078125,200
C=CC=Cc1cc(C2C(CCCN3CCCO3)CCCN2C(=O)C2CCOC2)ccc1-c1ccccc1,-0.0,0.3798033369249676,-0.5082031250000001,-0.1283997880750325,0.886723976428121,0.3798033369249676,0.9541015625,200
C=CC1(c2coc(C3CCN(c4ccccc4)CC3)c2)C=CCC(C2=CCC(N3CCOCC3)NN2)C1,-0.0,0.5389403021028896,-0.5179687500000001,0.02097155210288948,0.8657183940420592,0.5389403021028896,0.958984375,200
C(=CN1CCCCC1)c1ccc(C2NCCCC2CN2CNC3CCCNC32)cc1-c1nccs1,-0.0,0.5606738258932261,-0.5140625000000001,0.04661132589322603,0.8867034860410561,0.5606738258932261,0.95703125,200
O=C(c1ccccc1)N1CCN=C1N1CCN(c2ccccc2)CC1(C=Cc1ccccc1)C1CCNCC1C1CCNCC1,-0.10661570712466673,0.4161591981781427,-0.4867187500000001,-0.17717525894652414,0.7466921464376667,0.4161591981781427,0.943359375,200
C=CN(c1ccccc1)C1(C=C)CN(c2ccccc2)CCN1C1=NCCN1C(=O)c1ccccc1,-0.0,0.47611523833888403,-0.5101562500000001,-0.03404101166111606,0.8564999230455388,0.47611523833888403,0.955078125,200
c1ccc(N2CCCC(c3ccccc3C3(N4CCOCC4)C4CNCC3CNC4)C2)cc1,-0.0,0.7555801289633548,-0.4535156250000001,0.3020645039633547,0.8966461682041006,0.7555801289633548,0.9267578125,200
C=Cc1ccc(C=C)c(S2(c3ccccc3)C(NC(=O)CC3(N4CC=CC4)CCOCC3)NNC2C2CCCCC2)c1,-0.0,0.29611722718483713,-0.5453125000000001,-0.24919527281516296,0.8594783461677198,0.29611722718483713,0.97265625,200
C=CC=CC1(c2coc(-c3ccccc3)c2)COCCN1C12NC(=O)NC(=O)C1NCC2=O,-0.0,0.5911018021524171,-0.5570312500000001,0.034070552152417055,0.8260596747914095,0.5911018021524171,0.978515625,200
C=Cc1cnc(C=CC2(c3ccccc3)N(C(=O)COc3ccccc3)CC(C3NCON3)C23CCOCC3)nc1,-0.0,0.4352897359509228,-0.5277343750000001,-0.09244463904907729,0.8336576548778579,0.4352897359509228,0.9638671875,200
O=C(CCN1CCCN1)N1CCCC1CCC1NCCN1CC1CC1(c1cccc(C2CCCNC2)c1)N1CCC(c2ccccc2)CC1,-0.027170718520461712,0.2993312875250413,-0.5101562500000001,-0.2379956809954205,0.7864146407397692,0.2993312875250413,0.955078125,200
O=C(CC1CCNCC1)N1CCCC1C1NNCN1CC1CCNCC1(c1ccoc1)c1cc(-c2ccco2)ccc1N1CCCCC1,-0.0,0.26566958295395315,-0.4769531250000001,-0.21128354204604693,0.9303373437689663,0.26566958295395315,0.9384765625,200
C=Cc1ccc(S2(c3ccccc3)C(NC(=O)CC3(N4CC=CC4)CCOCC3)NNC2C2CCCCC2)c(C=C)c1,-0.0,0.296117227184837,-0.5414062500000001,-0.24528902281516307,0.8594783461677198,0.296117227184837,0.970703125,200
O=C1NC(c2ccccc2)NC2C1CCNC2(C=Cc1ccccc1)C=CC1CCNCC1,-0.06701009581045136,0.5362510773716243,-0.5472656250000001,-0.0780246434388272,0.7664949520947744,0.5362510773716243,0.9736328125,200
O=C1NN(NCCN2CCNC2(C=Cc2ccccc2)c2nnc(-c3ccccc3)o2)C1CC1CC1,-0.0,0.403099021155478,-0.5492187500000001,-0.14611972884452207,0.9269227728688204,0.403099021155478,0.974609375,200
C=Cc1ccc(-c2ccc([SH]3C(NC(=O)CC4(N5CC=CC5)CCOCC4)NNC3C3CCCCC3)cc2)cc1C=C,-0.0,0.20747753600472893,-0.5472656250000001,-0.33978808899527113,0.8940913444542865,0.20747753600472893,0.9736328125,200
C=CC=Cc1ccccc1C1(C2CC2)C(C2NC(Cc3ccccc3)NO2)CN1S(=O)(=O)c1ccccc1,-0.0,0.390265957663988,-0.5335937500000001,-0.14332779233601212,0.8482382326536316,0.390265957663988,0.966796875,200
C=Cc1ccc(C2COCCN2C23NC(=O)NC(=O)C2NCC3=O)c(-c2coc(C=C)c2)c1,-0.0,0.6379625225755033,-0.5531250000000001,0.08483752257550325,0.8043599553678995,0.6379625225755033,0.9765625,200
C=CC1(c2nc(C=CC3CCCNC3)cs2)C(C2NC(Cc3ccccc3)NO2)CN1S(=O)(=O)c1ccccc1,-0.0,0.33246684253384606,-0.5531250000000001,-0.22065815746615403,0.8267410435037451,0.33246684253384606,0.9765625,200
C=Cc1ccc(S2(C=C)C=CC=C2C(=O)NC2CCCC2C(=O)N2CCc3ccccc3C2)cc1C=C,-0.012418827624704143,0.45854972495196716,-0.5335937500000001,-0.08746285267273707,0.793790586187648,0.45854972495196716,0.966796875,200
C=Cc1ccc(C2(C(C)(C)Oc3ccccc3)CNCCC2CN2CNNC2C2CCCN2C(=O)CC2CCNCC2)cc1,-0.0,0.32702864384230623,-0.5003906250000001,-0.17336198115769386,0.8671940820110177,0.32702864384230623,0.9501953125,200
O=C(CCC1CCCCC1)NC1CCN(C2CC(N3CCOCC3)CNN2)C1(c1ccc(-c2ccoc2)cc1)N1CCC(c2ccccc2)CC1,-0.0,0.23664843314416986,-0.5082031250000001,-0.27155469185583025,0.875282961905961,0.23664843314416986,0.9541015625,200
O=C(NCC1CCCN1)C1c2ccccc2C(=O)N(C2C=CC=CC2)C12CCCC2c1coc(C=Cc2ccc(-c3ccccc3)cc2)c1,-0.0,0.20230043339368542,-0.5238281250000001,-0.32152769160631467,0.9056826891300688,0.20230043339368542,0.9619140625,200
C=CC=CC1(c2cccc(C=C)c2)N(C(=O)COc2ccccc2)CC(C2NCON2)C12CCOCC2,-0.0,0.532939457345226,-0.5238281250000001,0.009111332345225875,0.8174512237714281,0.532939457345226,0.9619140625,200
C=Cc1cc(C2CCNCC2)ccc1C1(c2ccccc2)C(NC(=O)CCC2CCCCC2)CCN1C1CC(N2CCOCC2)CNN1,-0.0,0.2835608916993677,-0.5062500000000001,-0.22268910830063238,0.8483308865631906,0.2835608916993677,0.953125,200
C=CC=CC1(c2ccccc2C=C)NCCC2C(=O)NC(c3ccccc3)NC21,-0.0,0.6887037693739126,-0.5511718750000001,0.13753189437391256,0.8086252051860267,0.6887037693739126,0.9755859375,200
C=CC=Cc1cc(C2(c3ccccc3)C=CCC(C3NCCN4CCNC34)C2)co1,-0.0,0.5882791633457787,-0.5316406250000001,0.05663853834577859,0.8432983257670464,0.5882791633457787,0.9658203125,200
C=Cc1cc(C2C=CCC(N3CCCC3)C2)ccc1-c1cc(C2CCCNC2)on1,-0.0,0.6834786549485896,-0.5082031250000001,0.17527552994858953,0.8465767008236771,0.6834786549485896,0.9541015625,200
O=C(COc1ccccc1)N1CC(C2NCON2)C2(CCOCC2)C1C=CN(c1ccccc1)c1ccoc1,-0.05212939349055379,0.45132090232284927,-0.5257812500000001,-0.1265897411677046,0.7739353032547232,0.45132090232284927,0.962890625,200
C=CC=Cc1ccc(C2(c3ccccc3)N(C(=O)COc3ccccc3)CC(C3NCON3)C23CCOCC3)cc1,-0.0,0.3894687016132193,-0.5238281250000001,-0.1343594233867808,0.8995321690503825,0.3894687016132193,0.9619140625,200
C=Cc1ccccc1-c1cccc(C2(C3CCCNC3)NCCCC2CN2CNC3CCCNC32)c1,-0.0,0.49577903806531215,-0.5218750000000001,-0.02609596193468794,0.8808040636487474,0.49577903806531215,0.9609375,200
C=CC1(c2ccccc2C2CCCN(c3ccccc3)C2)CN(C2CCCCN2)CCN1C(=O)CC1COc2ccccc2NC1=O,-0.0,0.3238488640554225,-0.4613281250000001,-0.13747926094457757,0.891028857209444,0.3238488640554225,0.9306640625,200
C=CC=CC1(C=Cc2ccccc2)CCCCC2C(C(=O)NCCC3CCCC3=O)NC(c3ccccc3)N21,-0.0,0.39763863035814895,-0.5375000000000001,-0.13986136964185114,0.8124810863390496,0.39763863035814895,0.96875,200
C=Cc1ccc(C2(c3ccccc3C=C)C=CCC(C3NCCN4CCNC34)C2)cc1,-0.0,0.7130917763998593,-0.5179687500000001,0.19512302639985923,0.880789600545338,0.7130917763998593,0.958984375,200
C=Cc1cccc(C2(c3ccccc3C=C)CCCCN3C(=O)N(CC4CC4)NC32)c1,-0.0,0.6862114482818324,-0.5140625000000001,0.17214894828183236,0.9435772886386408,0.6862114482818324,0.95703125,200
C=Cc1cccc(-c2ccc(C3(c4ccco4)CC(N4CNNN4)CC=C3C(=O)NC3=CCC4NC(=O)C5CCCN5C(=O)C4C3)cc2)c1,-0.0,0.2600825418067478,-0.5589843750000001,-0.2989018331932523,0.8960233654273732,0.2600825418067478,0.9794921875,200
C#CC=CC1(C=CC=C)CN(c2ccccc2)CCN1C1=NCCN1C(=O)c1ccccc1,-0.0,0.5255964928252264,-0.5179687500000001,0.007627742825226269,0.8430080287647397,0.5255964928252264,0.958984375,200
C=Cc1ccc(-c2cc(C3(C=C)C=CCC(C4=CCC(N5CCOCC5)NN4)C3)on2)cc1,-0.0,0.6436544446646361,-0.5531250000000001,0.09052944466463597,0.8986036503224996,0.6436544446646361,0.9765625,200
C=Cc1ccc(C2(c3coc(C=C)c3)C3CNCC2CNC3)cc1,-0.04233955267886658,0.9075682643581696,-0.5570312500000001,0.30819746167930295,0.7788302236605668,0.9075682643581696,0.978515625,200
C=CC=CC1(c2coc(C=C)c2)C=CCC(CN2CCNc3ccccc32)C1,-0.0008917842896016825,0.5129297130218313,-0.5375000000000001,-0.025462071267770447,0.7995541078551992,0.5129297130218313,0.96875,200
C=Cc1cccc(C=CC2(COC)CN(C3CCCCN3)CCN2C(=O)CC2COc3ccccc3NC2=O)c1,-0.09321641733863784,0.5227802344660846,-0.5121093750000001,-0.08254555787255335,0.7533917913306811,0.5227802344660846,0.9560546875,200
C=Cc1ccc(C=C)c(C2(C=C)CCCC23C(C(=O)NCC2CCCN2)c2ccccc2C(=O)N3C2C=CC=CC2)c1,-0.0029254989285090183,0.3727460423602143,-0.5277343750000001,-0.1579138315682948,0.7985372505357455,0.3727460423602143,0.9638671875,200
C=Cc1cccc(-c2ccc(C3C=CCC(CN4CCC(CCC5NC(C6CCOCC6)NO5)CC4)N3)cc2C=C)c1,-0.0,0.2928866243467259,-0.5335937500000001,-0.24070712565327418,0.9002686372892947,0.2928866243467259,0.966796875,200
C=CC=Cc1cccc(C2(c3ccccc3)NCCN2CCNN2NC(=O)C2CC2CC2)c1,-0.0,0.4930702880168609,-0.5257812500000001,-0.032710961983139164,0.9229687020966458,0.4930702880168609,0.962890625,200
C=Cc1ccc(C2(c3ccccc3)CCCN2C(=O)C2CNN(C3CC(c4ncno4)CCN3)C2)c(C=C)c1,-0.0,0.48022507694708017,-0.5355468750000001,-0.055321798052919924,0.8939902911224127,0.48022507694708017,0.9677734375,200
C=CN(c1ccccc1)C1(c2ccccc2)N(C(=O)COc2ccccc2)CC(C2NCON2)C12CCOCC2,-0.0,0.44299033321574266,-0.5023437500000001,-0.05935341678425743,0.8701684911738723,0.44299033321574266,0.951171875,200
C=CC=CS1(c2ccccc2C=C)C=CC=C1C(=O)NC1CCCC1C(=O)N1CCc2ccccc2C1,-0.012418827624704143,0.433923875911591,-0.5414062500000001,-0.11990120171311325,0.793790586187648,0.433923875911591,0.970703125,200
C=Cc1ccccc1-c1ccc(C2C=CCC(CN3CCC(CCC4NC(C5CCOCC5)NO4)CC3)N2)cc1C=C,-0.0,0.29288662434672535,-0.5316406250000001,-0.23875400065327473,0.9002686372892947,0.29288662434672535,0.9658203125,200
C=CC(Nc1ccc(-c2ccccc2)s1)C(C)N1CCC2CC=CCC21,-0.0,0.6506643366897151,-0.5316406250000001,0.11902371168971504,0.917574546269151,0.6506643366897151,0.9658203125,200
C=CC=CC1(c2ccccc2-c2ccccc2)C(CCCN2CCCO2)CCCN1C(=O)C1CCOC1,-0.0,0.3971660834659384,-0.5218750000000001,-0.12470891653406169,0.8883033107789843,0.3971660834659384,0.9609375,200
C=CC1CCCN(C2(c3cccc(-c4ccccc4)c3)CCCCC3C(C(=O)NCCC4CCCC4=O)NC(c4ccccc4)N32)C1,-0.0,0.24511983030557302,-0.5218750000000001,-0.27675516969442704,0.9412906647722096,0.24511983030557302,0.9609375,200
C=CC=CC1(c2ccccc2C=C)C=CCC(CN2CCNc3ccccc32)C1,-0.015278240396146003,0.4719873824900858,-0.5101562500000001,-0.053447107906060276,0.792360879801927,0.4719873824900858,0.955078125,200
O=C1NC(=O)C2NCC(=O)C2(N2CCOCC2(c2ccccc2)C2CCCN(c3cccc(-c4ccccc4)c3)C2)N1,-0.0,0.43735058735401927,-0.4945312500000001,-0.05718066264598082,0.9042584226005707,0.43735058735401927,0.947265625,200
C=Cc1ccc(-c2ccoc2)c(C2(C=C)CN(C3CNC(N4CCNCC4)NC3)CCC2C(=O)NCC2CCCO2)c1,-0.0,0.33957448106209354,-0.5472656250000001,-0.20769114393790655,0.809968637848984,0.33957448106209354,0.9736328125,200
c1ccc(N2CCCC(C3(c4cc(-c5ccco5)on4)NCCCC3CN3CNC4CCCNC43)C2)cc1,-0.0,0.45394867117403204,-0.4867187500000001,-0.03277007882596805,0.8718014057114526,0.45394867117403204,0.943359375,200
C=CC(=O)CN(C)C1(c2ccccc2-c2ccoc2)CCCC2NNC(=O)CC21,-0.0,0.7382396477081504,-0.5394531250000001,0.19878652270815034,0.8793379216761447,0.7382396477081504,0.9697265625,200
C=CC=CC1(c2ccccc2C=C)CCCCC2C(C(=O)NCCC3CCCC3=O)NC(c3ccccc3)N21,-0.0,0.3925285147945842,-0.5335937500000001,-0.14106523520541586,0.910789492117062,0.3925285147945842,0.966796875,200
C=CC1(C2OCCC2C=CC2CCNCC2)CN(c2ccccc2)CCN1C1=NCCN1C(=O)c1ccccc1,-0.0,0.5577985413133607,-0.5062500000000001,0.05154854131336062,0.8023770246982128,0.5577985413133607,0.953125,200
O=C(CC1CCNCC1)N1CCCC1C1NNCN1CC1CCNCC1c1ccc(-c2cc(C3CCNCC3c3ccccc3)co2)cc1,-0.0,0.2270362897668583,-0.5101562500000001,-0.2831199602331418,0.9470652037070921,0.2270362897668583,0.955078125,200
C=CC=CS1(c2ccccc2C=C)C=CC=C1C(=O)NC1CCCC1C(=O)N1CCc2ccccc2C1,-0.012418827624704143,0.433923875911591,-0.5414062500000001,-0.11990120171311325,0.793790586187648,0.433923875911591,0.970703125,200
C=CC1(c2ccc(-c3ccc(-c4ccccc4)cc3)cc2)CN(C2CNC(N3CCNCC3)NC2)CCC1C(=O)NCC1CCCO1,-0.0,0.2668712191823955,-0.5277343750000001,-0.2608631558176046,0.9353030164314374,0.2668712191823955,0.9638671875,200
C=Cc1ccc(C=C)c(-c2nnc(C3NCCCC3CN3CNC4CCCNC43)o2)c1,-0.0,0.6630182117571659,-0.5570312500000001,0.10598696175716582,0.8880778373448838,0.6630182117571659,0.978515625,200
C=Cc1cccc(C2(c3coc(C=C)c3)C(CCCN3CCCO3)CCCN2C(=O)C2CCOC2)c1,-0.0,0.46450039112350644,-0.5179687500000001,-0.05346835887649365,0.8870690499450291,0.46450039112350644,0.958984375,200
C=CC1(c2cc(-c3ccccc3N3CCCCC3)co2)C=CCC(C2NCCN3CCNC23)C1,-0.0,0.644773739993361,-0.5140625000000001,0.13071123999336087,0.9080882422314904,0.644773739993361,0.95703125,200
O=C(CC1(N2CC=CC2)CCOCC1)NC1NNC(C2CCCCC2)[SH]1CNC(=O)c1ccccc1-c1cccc(-c2ccco2)c1,-0.0,0.14430760658032948,-0.5375000000000001,-0.3931923934196706,0.930387560419574,0.14430760658032948,0.96875,200
C=Cc1ccc(C2(N3CCCCC3)CCCCC3C(C(=O)NCCC4CCCC4=O)NC(c4ccccc4)N32)cc1N1CCCCC1,-0.0,0.3172876397028829,-0.4906250000000001,-0.17333736029711722,0.890230412876076,0.3172876397028829,0.9453125,200
C=CS1(c2cccc(C=CN3CCCCC3)c2)C=CC=C1C(=O)NC1CCCC1C(=O)N1CCc2ccccc2C1,-0.012916370383693643,0.40364639182842754,-0.5394531250000001,-0.1487231035552662,0.7935418148081532,0.40364639182842754,0.9697265625,200
C=Cc1ccccc1CNC(=O)C1(c2ccccc2)C=CCC(N2CCCC2)C1,-0.0,0.7301509757540458,-0.4925781250000001,0.23757285075404566,0.8365227847017278,0.7301509757540458,0.9462890625,200
C=Cc1ccc(C=C)c(C2(c3ccco3)CCCN2C(=O)C2CNN(C3CC(c4ncno4)CCN3)C2)c1,-0.0,0.49200512368323257,-0.5511718750000001,-0.05916675131676752,0.8673919083554512,0.49200512368323257,0.9755859375,200
C1=CC(c2coc(C3CCCN(c4ccccc4)C3)c2)(C2CC2)CC(N2CCCC2)C1,-0.0,0.5470597988873805,-0.3890625000000001,0.15799729888738046,0.9142334845684288,0.5470597988873805,0.89453125,200
C=Cc1ccc(-c2ccc(C=C)c(C3C(CCCN4CCCO4)CCCN3C(=O)C3CCOC3)c2)cc1,-0.0,0.4010383399321113,-0.5140625000000001,-0.11302416006788879,0.8910917003757013,0.4010383399321113,0.95703125,200
C=Cc1cc(C=CC2(C=C)CN(c3ccccc3)CCN2C2=NCCN2C(=O)c2ccccc2)co1,-0.0,0.4574898514514823,-0.5082031250000001,-0.05071327354851779,0.8434495370265337,0.4574898514514823,0.9541015625,200
C=CC1(c2coc(C=Cc3ccccc3)c2)CCCCN2C(=O)N(CC3CC3)NC21,-0.0,0.6879269519220607,-0.5140625000000001,0.17386445192206057,0.9103776648168485,0.6879269519220607,0.95703125,200
O=C(CCN1CCCN1)N1CCCC1CCC1NCCN1CC1CC1C=Cc1ccc(C=Cc2ccccc2)cc1,-0.0,0.35803270848010693,-0.5003906250000001,-0.14235791651989316,0.8981929457456374,0.35803270848010693,0.9501953125,200
C=Cc1ccccc1NC(c1ccccc1)C(C)C1C(CCCN2CCCO2)CCCN1C(=O)C1CCOC1,-0.0,0.3752892993191759,-0.4906250000000001,-0.11533570068082422,0.8713156991236468,0.3752892993191759,0.9453125,200
C=Cc1ccc(-c2ccon2)c(C2(C=C)CN(C3CCCCN3)CCN2C(=O)CC2COc3ccccc3NC2=O)c1,-0.0,0.4012415142217325,-0.5218750000000001,-0.1206334857782676,0.8736276819378311,0.4012415142217325,0.9609375,200
C=Cc1cc(S2(C=C)C=CC=C2C(=O)NC2CCCC2C(=O)N2CCc3ccccc3C2)ccc1C1CCNCC1,-0.030514436495098662,0.4079738417851741,-0.5394531250000001,-0.16199371970992466,0.7847427817524507,0.4079738417851741,0.9697265625,200
C=Cc1ccccc1C=CC1(c2ccccc2)NCCCC1CN1CNC2CCCNC21,-0.0,0.6455642769508357,-0.5199218750000001,0.12564240195083565,0.9036598242084007,0.6455642769508357,0.9599609375,200
C=CC1CN(C2C=CCC(N3CCCC3)C2)CCC1c1cc(-c2ccccc2)co1,-0.0,0.5963594292356106,-0.4886718750000001,0.1076875542356105,0.876148259075227,0.5963594292356106,0.9443359375,200
O=C1CCCC1CCNC(=O)C1NC(c2ccccc2)N2C1CCCCC2(c1ccccc1N1CCC(c2ccccc2)CC1)N1CCCCC1,-0.0,0.24304941381709128,-0.4808593750000001,-0.2378099611829088,0.9164667990475085,0.24304941381709128,0.9404296875,200
C=Cc1coc(C2(c3ccccc3C=C)CNCCC2CN2CNNC2C2CCCN2C(=O)CC2CCNCC2)c1,-0.0,0.37481670007585294,-0.5140625000000001,-0.13924579992414715,0.8452895287155134,0.37481670007585294,0.95703125,200
C=Cc1ccc(C=C)c(C2(c3ccoc3)CC(N3CNNN3)CC=C2C(=O)NC2=CCC3NC(=O)C4CCCN4C(=O)C3C2)c1,-0.07068818355232187,0.3240797900427703,-0.5531250000000001,-0.29973339350955164,0.7646559082238391,0.3240797900427703,0.9765625,200
C=Cc1ccccc1C1CNCCC1C1CCCN(C2C(C3NC(Cc4ccccc4)NO3)CN2S(=O)(=O)c2ccccc2)C1,-0.10757734719536693,0.32445165987645097,-0.5355468750000001,-0.31867256231891605,0.7462113264023166,0.32445165987645097,0.9677734375,200
CNC(=O)c1cccc(N=CC2(c3ccoc3)CCCC3NNC(=O)CC32)c1,-0.0,0.71025692679434,-0.5355468750000001,0.17471005179433996,0.8931185737305899,0.71025692679434,0.9677734375,200
C=CC=CC1(c2ccccc2-c2ccco2)N(C(=O)COc2ccccc2)CC(C2NCON2)C12CCOCC2,-0.0,0.4025687953157763,-0.5335937500000001,-0.13102495468422382,0.8804903431081642,0.4025687953157763,0.966796875,200
C=Cc1ccccc1S1(c2cccc(-c3ccccc3)c2)C(NC(=O)CC2(N3CC=CC3)CCOCC2)NNC1C1CCCCC1,-0.0,0.21317743818113238,-0.5355468750000001,-0.3223694368188677,0.9502626613443929,0.21317743818113238,0.9677734375,200
C=CN1CCC(c2ccccc2)C(C2(c3ccco3)C(CCCN3CCCO3)CCCN2C(=O)C2CCOC2)C1,-0.0,0.4181521828476443,-0.5316406250000001,-0.11348844215235576,0.8230429054837111,0.4181521828476443,0.9658203125,200
C=Cc1cccc(C2(C(C)(C)Nc3ccccc3)C=CCC(N3CCCC3)C2)c1,-0.0,0.588411872416711,-0.4574218750000001,0.1309899974167109,0.8746384611240104,0.588411872416711,0.9287109375,200
C=Cc1cccc(N2C(=O)CCC2C2(c3ccccc3)C=CCC(C3=CCC(N4CCOCC4)NN3)C2)c1,-0.0,0.5486585626333745,-0.5042968750000001,0.04436168763337445,0.9207328102772748,0.5486585626333745,0.9521484375,200
C=CC1CCN(C=C)CC1C1(C=C)CN(c2ccccc2)CCN1C1=NCCN1C(=O)c1ccccc1,-0.03943720357802949,0.5532282621188426,-0.5218750000000001,-0.008083941459187005,0.7802813982109853,0.5532282621188426,0.9609375,200
C=Cc1cc(C2CSCCN2C(=O)CCNC2C(c3ccccc3)NC3CNCCN32)ccc1-c1cc(N2CCCCC2)no1,-0.0,0.3181110723122704,-0.5160156250000001,-0.19790455268772966,0.8744549297635436,0.3181110723122704,0.9580078125,200
C=Cc1cc(C2(c3ccoc3)CC(OC3NOC(C4CNCCN4)N3)CCN2C(=O)C2CCOC2)ccc1-c1ccco1,-0.0,0.31210042175716207,-0.5394531250000001,-0.22735270324283802,0.9065254454999174,0.31210042175716207,0.9697265625,200
C=CC=CC1(c2ccccc2C=C)CN(C2CCCCN2)CCN1C(=O)CC1COc2ccccc2NC1=O,-0.05445909473040733,0.5182265316013095,-0.5062500000000001,-0.04248256312909793,0.7727704526347964,0.5182265316013095,0.953125,200
C=CC=CC1(c2cc(CCOC)co2)CN(c2ccccc2)CCN1C1=NCCN1C(=O)c1ccccc1,-0.0,0.4098893726256561,-0.5218750000000001,-0.11198562737434398,0.8676049734706442,0.4098893726256561,0.9609375,200
C=Cc1ccc(-c2ccccc2C2CC(OC3NOC(C4CNCCN4)N3)CCN2C(=O)C2CCOC2)cc1C=C,-0.0,0.39227128867363137,-0.5277343750000001,-0.13546308632636872,0.8383157400375426,0.39227128867363137,0.9638671875,200
C=Cc1ccc(C2(C=C)CC2CN2CCNC2CCC2CCCN2C(=O)CCN2CCCN2)c(-c2ccoc2)c1,-0.0,0.38066720345749755,-0.5179687500000001,-0.13730154654250254,0.8561541694868683,0.38066720345749755,0.958984375,200
C=Cc1cc(C2(c3cnc(N4CCCCC4)nc3)C=CCC(CN3CCNc4ccccc43)C2)on1,-0.0,0.4792889611368624,-0.4906250000000001,-0.011336038863137665,0.9076062918161424,0.4792889611368624,0.9453125,200
C=CC1CCN(C=CC2(c3ccoc3)C3CC(c4ccccc4)NN3CCCN2C(=O)CCS(=O)(=O)C2=CC=CC3NCCC3C2)CC1,-0.023068475545335865,0.3572984554599848,-0.5433593750000001,-0.20912939508535117,0.7884657622273321,0.3572984554599848,0.9716796875,200
CC(CNc1ccccc1)C1(c2ccc(C3CCCNC3)cc2)C2CNCC1CNC2,-0.018215765574821408,0.5792295347062115,-0.4828125000000001,0.07820126913139003,0.7908921172125893,0.5792295347062115,0.94140625,200
C=CC1(c2ccc(-c3ccccc3)cc2N2CCCCC2)NCCN1CCNN1NC(=O)C1CC1CC1,-0.0,0.43351734624427124,-0.4984375000000001,-0.06492015375572885,0.9115367330252495,0.43351734624427124,0.94921875,200
C=Cc1cccc(-c2ccc(C3(C=C)CC(OC4NOC(C5CNCCN5)N4)CCN3C(=O)C3CCOC3)cc2)c1,-0.0,0.36706342054410995,-0.5433593750000001,-0.17629595445589014,0.8566242404752543,0.36706342054410995,0.9716796875,200
C=Cc1coc(C2(c3ccc(N4CCCCC4)cc3)C=CCC(CN3CCNc4ccccc43)C2)c1,-0.0,0.38229245811693624,-0.4457031250000001,-0.06341066688306385,0.8964819027084006,0.38229245811693624,0.9228515625,200
C=Cc1ccc(C2CCCN2C(=O)C2CNN(C3CC(c4ncno4)CCN3)C2)cc1C1CCN(c2ccccc2)CC1,-0.0,0.41562494228912356,-0.5121093750000001,-0.09648443271087653,0.8414901217494102,0.41562494228912356,0.9560546875,200
C=Cc1ccc(C2NCCCC2CN2CNC3CCCNC32)c(-c2ccccc2C=C)c1,-0.0,0.6277958366792898,-0.5121093750000001,0.11568646167928975,0.9183489130082525,0.6277958366792898,0.9560546875,200
C=Cc1ccc(C2(c3cccc(-c4ccccc4)c3)CC(N3CNNN3)CC=C2C(=O)NC2=CCC3NC(=O)C4CCCN4C(=O)C3C2)cc1,-0.0,0.25780818198558164,-0.5472656250000001,-0.28945744301441845,0.9006552389454059,0.25780818198558164,0.9736328125,200
O=C(CCN1CCCN1)N1CCCC1CCC1NCCN1CC1CC1(c1ccc(-c2ccccc2)cc1)c1cccc(N2CCCCC2)c1,-0.0,0.23966933014632166,-0.4710937500000001,-0.23142441985367843,0.9485574307371674,0.23966933014632166,0.935546875,200
O=C(C1CCOC1)N1CCC(OC2NOC(C3CNCCN3)N2)CC1(C=Cc1cccc(-c2ccccc2)c1)c1ccoc1,-0.0,0.3105236220654087,-0.5433593750000001,-0.2328357529345914,0.9024361458661021,0.3105236220654087,0.9716796875,200
C=Cc1cccc(-c2cc(-c3ccoc3)ccc2C2COCCN2C23NC(=O)NC(=O)C2NCC3=O)c1,-0.0,0.49584960956422175,-0.5453125000000001,-0.04946289043577834,0.9098561643223946,0.49584960956422175,0.97265625,200
C=Cc1csc(C2(C3CCNCC3C=C)C=CCC(CN3CCNc4ccccc43)C2)n1,-0.0,0.5882774112515,-0.5492187500000001,0.039058661251499927,0.8004430012329773,0.5882774112515,0.974609375,200
C=CC=Cc1ccccc1S1(C=C)C=CC=C1C(=O)NC1CCCC1C(=O)N1CCc2ccccc2C1,-0.012418827624704143,0.433923875911591,-0.5394531250000001,-0.11794807671311325,0.793790586187648,0.433923875911591,0.9697265625,200
C=Cc1ccc(C2(c3ccccc3C=C)CC2CN2CCNC2CCC2CCCN2C(=O)CCN2CCCN2)cc1,-0.0,0.3924596949540621,-0.4828125000000001,-0.09035280504593801,0.9042375543335356,0.3924596949540621,0.94140625,200
C=Cc1ccc(-c2ccccc2C2(C=C)CCCCN3C(=O)N(CC4CC4)NC32)cc1,-0.0,0.6274162005614021,-0.5277343750000001,0.09968182556140204,0.9294341830877649,0.6274162005614021,0.9638671875,200
C=Cc1cccc(-c2ccccc2C2(C=C)CC(N3CNNN3)CC=C2C(=O)NC2=CCC3NC(=O)C4CCCN4C(=O)C3C2)c1,-0.0,0.30244481960214253,-0.5414062500000001,-0.23896143039785755,0.8064871621426418,0.30244481960214253,0.970703125,200
C=Cc1coc(-c2ccc(-c3cc(C4CNCCC4CN4CNNC4C4CCCN4C(=O)CC4CCNCC4)co3)cc2)c1,-0.0,0.28355607011063455,-0.5199218750000001,-0.23636580488936554,0.940207455105332,0.28355607011063455,0.9599609375,200
C=Cc1ccc(C2C(C3NC(Cc4ccccc4)NO3)CN2S(=O)(=O)c2ccccc2)cc1C1CCN(C=C)CC1,-0.0,0.37595317276853407,-0.5179687500000001,-0.14201557723146602,0.853239513698827,0.37595317276853407,0.958984375,200
C=CC=CC1(c2cccc(C=C)c2)C2CC(c3ccccc3)NN2CCCN1C(=O)CCS(=O)(=O)C1=CC=CC2NCCC2C1,-0.0,0.3616798130582676,-0.5375000000000001,-0.17582018694173251,0.831452240518562,0.3616798130582676,0.96875,200
C=CC1(C=CC=Cc2ccccc2)C(C2NC(Cc3ccccc3)NO2)CN1S(=O)(=O)c1ccccc1,-0.06913975592005683,0.32526767517740346,-0.5570312500000001,-0.30090333074265346,0.7654301220399716,0.32526767517740346,0.978515625,200
C=CC1(C=Cc2cc(N3CCCCC3)co2)C(C2NC(Cc3ccccc3)NO2)CN1S(=O)(=O)c1ccccc1,-0.0339413080772355,0.37157422699427584,-0.5375000000000001,-0.19986708108295975,0.7830293459613823,0.37157422699427584,0.96875,200
C=Cc1cccc(C=CC2(c3ccccc3)NCCCC2CN2CNC3CCCNC32)c1,-0.0,0.6455642769508357,-0.5199218750000001,0.12564240195083565,0.9036598242084007,0.6455642769508357,0.9599609375,200
C=Cc1ccc(C2(c3ccccc3)CNCCC2CN2CNNC2C2CCCN2C(=O)CC2CCNCC2)cc1C=C,-0.0,0.3675227954055018,-0.4789062500000001,-0.11138345459449828,0.8772000682298142,0.3675227954055018,0.939453125,200
C=CC=CC=CC1(c2ccco2)CCCCC2C(C(=O)NCCC3CCCC3=O)NC(c3ccccc3)N21,-0.0,0.42937289724796057,-0.5550781250000001,-0.12570522775203952,0.8894089220493715,0.42937289724796057,0.9775390625,200
C=Cc1nc(-c2ccc(C3CC3CN3CCNC3CCC3CCCN3C(=O)CCN3CCCN3)cc2N2CCCCC2)cs1,-0.0,0.3416578459616749,-0.5199218750000001,-0.17826402903832517,0.8808544753547536,0.3416578459616749,0.9599609375,200
C=Cc1ccc(C=C)c(C2(C3CCNCC3)CCCCC3C(C(=O)NCCC4CCCC4=O)NC(c4ccccc4)N32)c1,-0.0,0.3415468835860013,-0.5238281250000001,-0.18228124141399876,0.8869762619270707,0.3415468835860013,0.9619140625,200
C=Cc1ccc(C2(C=C)CN(C3CCCCN3)CCN2C(=O)CC2COc3ccccc3NC2=O)c(C=C)c1,-0.05445909473040733,0.5147425730941013,-0.5082031250000001,-0.0479196466363061,0.7727704526347964,0.5147425730941013,0.9541015625,200
C=Cc1cccc(-c2cc(C3(C=C)C4CNCC3CNC4)on2)c1,-0.0,0.8503829388785219,-0.5648437500000001,0.2855391888785218,0.8716284218287798,0.8503829388785219,0.982421875,200
C=CC=CC1(C=Cc2ccoc2)C=CCC(CN2CCNc3ccccc32)C1,-0.12525891747623663,0.50386339924981,-0.5375000000000001,-0.15889551822642667,0.7373705412618817,0.50386339924981,0.96875,200
C=Cc1ccc(C2(c3coc(N4CCCCC4)c3)C(NC(=O)CCC3CCCCC3)CCN2C2CC(N3CCOCC3)CNN2)cc1,-0.0,0.3244533089025583,-0.5101562500000001,-0.1857029410974418,0.8350936016258483,0.3244533089025583,0.955078125,200
C=Cc1ccc(-c2ccccc2)cc1C1(C=C)NCCN1CCNN1NC(=O)C1CC1CC1,-0.0,0.49232431120086045,-0.5296875000000001,-0.037363188799139635,0.9200847885794281,0.49232431120086045,0.96484375,200
C=Cc1ccc(C2(c3cccc(C=C)c3)CC(N3CNNN3)CC=C2C(=O)NC2=CCC3NC(=O)C4CCCN4C(=O)C3C2)cc1,-0.018101469705096962,0.32360431739594153,-0.5453125000000001,-0.23980965230915552,0.7909492651474516,0.32360431739594153,0.97265625,200
C=Cc1cc(-c2ccccc2)ccc1C1(C=C)C=CCC(CN2CCC(CCC3NC(C4CCOCC4)NO3)CC2)N1,-0.0,0.306260139034705,-0.5277343750000001,-0.22147423596529509,0.9002686372892947,0.306260139034705,0.9638671875,200
C=CC=Cc1cc(C2(Cc3ccccn3)C3CC(c4ccccc4)NN3CCCN2C(=O)CCS(=O)(=O)C2=CC=CC3NCCC3C2)co1,-0.0,0.27120331656414587,-0.5550781250000001,-0.2838748084358542,0.9021506208003522,0.27120331656414587,0.9775390625,200
C=Cc1ccc(C=CS2(c3ccccc3)C(NC(=O)CC3(N4CC=CC4)CCOCC3)NNC2C2CCCCC2)cc1,-0.0,0.29740032123099275,-0.5394531250000001,-0.24205280376900734,0.848525379619635,0.29740032123099275,0.9697265625,200
C=Cc1ccc(N2CCC(S3(C=C)C=CC=C3C(=O)NC3CCCC3C(=O)N3CCc4ccccc4C3)CC2)cc1,-0.04404590590105806,0.41411943847401106,-0.4945312500000001,-0.12445771742704709,0.777977047049471,0.41411943847401106,0.947265625,200
C=CC1CCN([SH]2C=CC=C2C(=O)NC2CCCC2C(=O)N2CCc3ccccc3C2)CC1c1ccccc1-c1ccoc1,-0.0,0.23085691968335786,-0.5335937500000001,-0.3027368303166422,0.8798796894267796,0.23085691968335786,0.966796875,200
C=Cc1ccc(N2CCCCC2)cc1C1(c2ccccc2)CN(C2CNC(N3CCNCC3)NC2)CCC1C(=O)NCC1CCCO1,-0.0,0.3330480866605802,-0.4828125000000001,-0.14976441333941987,0.8300060587136511,0.3330480866605802,0.94140625,200
C=CC=Cc1cccc(C2(C=C)CN(C3CCCCN3)CCN2C(=O)CC2COc3ccccc3NC2=O)c1,-0.05445909473040733,0.409205823007144,-0.5199218750000001,-0.16517514672326344,0.7727704526347964,0.409205823007144,0.9599609375,200
C=Cc1ccc(C2(C3CCCNC3)CCCCC3C(C(=O)NCCC4CCCC4=O)NC(c4ccccc4)N32)cc1-c1ccoc1,-0.0,0.2508269009701881,-0.5375000000000001,-0.286673099029812,0.9262672140461482,0.2508269009701881,0.96875,200
C=Cc1ccccc1C=CC1(C=C)C2CC(c3ccccc3)NN2CCCN1C(=O)CCS(=O)(=O)C1=CC=CC2NCCC2C1,-0.0,0.3616546715344502,-0.5394531250000001,-0.1777984534655499,0.8227096918459574,0.3616546715344502,0.9697265625,200
C=Cc1ccc(C2COCCN2C23NC(=O)NC(=O)C2NCC3=O)c(-c2ccccc2N2CCCCC2)c1,-0.0,0.5621756845385629,-0.4964843750000001,0.06569130953856284,0.8001562614537964,0.5621756845385629,0.9482421875,200
C=CC1(c2cccc(-c3ccc(-c4ccoc4)cc3)c2)C(CCCN2CCCO2)CCCN1C(=O)C1CCOC1,-0.0,0.28324845708959073,-0.5121093750000001,-0.22886091791040936,0.9334575594660582,0.28324845708959073,0.9560546875,200
C=CC=Cc1cccc(S2(C=C)C=CC=C2C(=O)NC2CCCC2C(=O)N2CCc3ccccc3C2)c1,-0.012418827624704143,0.433923875911591,-0.5433593750000001,-0.12185432671311325,0.793790586187648,0.433923875911591,0.9716796875,200
C=CC=Cc1cc(C2C=CCC(N3CCCC3)C2)ccc1-c1ccccc1,-0.0,0.43983209084022906,-0.4886718750000001,-0.04883978415977103,0.8426784458327482,0.43983209084022906,0.9443359375,200
C=CC1CCCC1C1(c2cccc3c(-c4ccccc4)ccnc23)C2CNCC1CNC2,-0.0,0.5678614293427938,-0.4984375000000001,0.06942392934279373,0.8804534868101129,0.5678614293427938,0.94921875,200
C=Cc1cccc(C2(c3ccc4c(c3)CC[NH+](N3CCCCC3)C4)C3CNCC2CNC3)c1,-0.0,0.6785340672334322,-0.4808593750000001,0.19767469223343215,0.8286222019778751,0.6785340672334322,0.9404296875,200
C=Cc1ccc(-c2ccoc2)c(C2(c3ccccc3)CNCCC2CN2CNNC2C2CCCN2C(=O)CC2CCNCC2)c1,-0.0,0.2836132107864294,-0.5082031250000001,-0.22458991421357066,0.9366099324919868,0.2836132107864294,0.9541015625,200
C=Cc1cc(C2(c3ccccc3-c3ccno3)CCCC3NNC(=O)CC32)co1,-0.0,0.7034475555657819,-0.5492187500000001,0.15422880556578178,0.928934576376778,0.7034475555657819,0.974609375,200
C=Cc1ccc(C2CCCN(c3ccccc3)C2)cc1C1N(C(=O)COc2ccccc2)CC(C2NCON2)C12CCOCC2,-0.0,0.3501217668175653,-0.4984375000000001,-0.1483157331824348,0.8926424490167347,0.3501217668175653,0.94921875,200
C=CC=CC=CC1(c2ccccc2)CCCCC2C(C(=O)NCCC3CCCC3=O)NC(c3ccccc3)N21,-0.0,0.3976685004760827,-0.5335937500000001,-0.13592524952391738,0.910789492117062,0.3976685004760827,0.966796875,200
C=Cc1cccc(C2(c3ccccc3C=C)NCCCC2CN2CNC3CCCNC32)c1,-0.0,0.646230107802755,-0.5121093750000001,0.13412073280275494,0.9182404438913071,0.646230107802755,0.9560546875,200
C=Cc1ccc(N2CCCC(C3CCCC4NNC(=O)CC43)C2)cc1-c1ccccc1,-0.0,0.7367293125579518,-0.4789062500000001,0.25782306255795173,0.864565226090273,0.7367293125579518,0.939453125,200
C=Cc1ccccc1-c1cccc(C2(c3ccco3)CC2CN2CCNC2CCC2CCCN2C(=O)CCN2CCCN2)c1,-0.0,0.289375610901422,-0.5199218750000001,-0.2305462640985781,0.953122935874722,0.289375610901422,0.9599609375,200
C=Cc1ccccc1C1(C=Cc2ccccc2)N(C(=O)COc2ccccc2)CC(C2NCON2)C12CCOCC2,-0.0,0.4116120005211275,-0.5160156250000001,-0.10440362447887258,0.8553458910429299,0.4116120005211275,0.9580078125,200
O=C(CCC1CCCCC1)NC1CCN(C2CC(N3CCOCC3)CNN2)C1(c1ccccc1)c1cccc(C2CCCN(c3ccccc3)C2)c1,-0.0,0.22614803390771393,-0.4359375000000001,-0.20978946609228616,0.9247816849269197,0.22614803390771393,0.91796875,200
C=CC1(C=Cc2cccc(-c3ccoc3)c2)CCCC2NNC(=O)CC21,-0.0,0.8089815023498964,-0.5589843750000001,0.24999712734989632,0.8579955926835369,0.8089815023498964,0.9794921875,200
C=CC=CC1(c2coc(C=C)c2)CCCCC2C(C(=O)NCCC3CCCC3=O)NC(c3ccccc3)N21,-0.0,0.4239908752458427,-0.5492187500000001,-0.12522787475415736,0.8894089220493715,0.4239908752458427,0.974609375,200
C=Cc1ccccc1-c1ccc(C2(C=C)C3CNCC2CNC3)cc1,-0.0,0.8320046981675211,-0.5414062500000001,0.290598448167521,0.8791740790726893,0.8320046981675211,0.970703125,200
C=CC=CC1(C=CC=C)CN(c2ccccc2)CCN1C1=NCCN1C(=O)c1ccccc1,-0.0,0.621688899361474,-0.5082031250000001,0.11348577436147389,0.8430080287647397,0.621688899361474,0.9541015625,200
C=Cc1ccc(-c2cccc(C3CNCCC3CN3CNNC3C3CCCN3C(=O)CC3CCNCC3)c2)c(-c2ccco2)c1,-0.0,0.2715041739050451,-0.5179687500000001,-0.24646457609495498,0.9524454007439451,0.2715041739050451,0.958984375,200
C=Cc1ccccc1-c1ccc(C=C)c(C2CCCCN3C(=O)N(CC4CC4)NC23)c1,-0.0,0.6412731894508678,-0.4925781250000001,0.14869506445086766,0.9227223152912305,0.6412731894508678,0.9462890625,200
C#CS1(c2ccccc2C=CC=C)C=CC=C1C(=O)NC1CCCC1C(=O)N1CCc2ccccc2C1,-0.012418827624704143,0.388938780932585,-0.5414062500000001,-0.16488629669211924,0.793790586187648,0.388938780932585,0.970703125,200
C=Cc1ccccc1-c1ccccc1C1(C=C)COCCN1C12NC(=O)NC(=O)C1NCC2=O,-0.0,0.5911270491665952,-0.5511718750000001,0.03995517416659511,0.8298435028979307,0.5911270491665952,0.9755859375,200
C=Cc1ccc(-c2ccoc2)c(N2CCC3(Cl)CC=CCC23)c1,-0.0,0.5472819279865058,-0.5394531250000001,0.007828802986505679,0.8881098904320905,0.5472819279865058,0.9697265625,200
C=Cc1ccccc1-c1ccc(C2(C=C)CN(C3CCCCN3)CCN2C(=O)CC2COc3ccccc3NC2=O)cc1,-0.0,0.3553980470428065,-0.5179687500000001,-0.1625707029571936,0.8977572870000138,0.3553980470428065,0.958984375,200
C=CC=Cc1ccccc1C1(c2ccccc2)NCCN1CCNN1NC(=O)C1CC1CC1,-0.0,0.4930702880168609,-0.5296875000000001,-0.036617211983139164,0.9229687020966458,0.4930702880168609,0.96484375,200
C=Cc1ccc(-c2ccc(C=C)cc2C2C=CCC(CN3CCC(CCC4NC(C5CCOCC5)NO4)CC3)N2)cc1,-0.0,0.29288662434672535,-0.5296875000000001,-0.23680087565327473,0.904844485617143,0.29288662434672535,0.96484375,200
C=Cc1ccc(-c2ccccc2-c2ccccc2)cc1C1C=CCC(CN2CCC(CCC3NC(C4CCOCC4)NO3)CC2)N1,-0.0,0.2072013053855158,-0.5355468750000001,-0.3283455696144843,0.9688352712897015,0.2072013053855158,0.9677734375,200
C=Cc1cccc(C2(C3CCCN(C=C)C3)CCCCC3C(C(=O)NCCC4CCCC4=O)NC(c4ccccc4)N32)c1,-0.0,0.3714502359394235,-0.5238281250000001,-0.1523778890605766,0.8902342915718312,0.3714502359394235,0.9619140625,200
C=Cc1ccc(-c2ccccc2C2(C=C)NCCCC2CN2CNC3CCCNC32)cc1,-0.0,0.5995315224044201,-0.5277343750000001,0.07179714740442,0.9183489130082525,0.5995315224044201,0.9638671875,200
C=Cc1ccc(-c2ccccc2C2CC(OC3NOC(C4CNCCN4)N3)CCN2C(=O)C2CCOC2)cc1C=C,-0.0,0.39227128867363137,-0.5277343750000001,-0.13546308632636872,0.8383157400375426,0.39227128867363137,0.9638671875,200
C=Cc1ccccc1C=CC1(C=C)CCCCC2C(C(=O)NCCC3CCCC3=O)NC(c3ccccc3)N21,-0.0,0.39249919515451465,-0.5375000000000001,-0.14500080484548544,0.8124810863390496,0.39249919515451465,0.96875,200
C=Cc1ccc(C=C)c(C2(C=C)CSCCN2C(=O)CCNC2C(c3ccccc3)NC3CNCCN32)c1,-0.07802044540193953,0.42977392721891094,-0.5453125000000001,-0.19355901818302867,0.7609897772990303,0.42977392721891094,0.97265625,200
