Smiles,CATS_EuclidReward,QEDReward,Tanimoto_map4Reward,Reward,CATS_EuclidProperty,QEDProperty,Tanimoto_map4Property,Epoch
Cc1ccc(-c2cc(-c3cccc(C4N(C(=O)COc5ccccc5)CC(C5NCON5)C45CCOCC5)c3)on2)cc1Cl,-78.3666610188635,0.2714584415274163,-0.5218750000000001,-78.61707757733608,49.18333050943175,0.2714584415274163,0.9609375,200
CC=Cc1cc(-c2ccc(C3C(CC4NCNN4)CN3C(=O)Nc3ccccc3)cc2)co1,-62.21921916437786,0.44923453267403674,-0.5355468750000001,-62.30553150670383,41.10960958218893,0.44923453267403674,0.9677734375,200
CC(C)Oc1cc(-c2ccc(-c3ccco3)c(C3C=CCC(CN4CCNc5ccccc54)C3)c2)on1,-68.24964589164084,0.2701052241184397,-0.5394531250000001,-68.5189937925224,44.12482294582042,0.2701052241184397,0.9697265625,200
c1csc(-c2cc(Cc3cc(C4C5CNCC4CNC5)co3)on2)n1,-42.0966987850401,0.7480255639636334,-0.5746093750000001,-41.92328259607646,31.04834939252005,0.7480255639636334,0.9873046875,200
C=Cc1ccc(-c2ccc(-c3cc(C4NCCCC4CN4CNC5CCCNC54)co3)s2)s1,-35.35341001239219,0.44339603865643473,-0.5238281250000001,-35.43384209873575,27.676705006196094,0.44339603865643473,0.9619140625,200
C=Cc1ccc(-c2ccc(CC3C(C4NC(Cc5ccccc5)NO4)CN3S(=O)(=O)c3ccccc3)cc2Cl)cc1Cl,-81.78408519999579,0.22212440248642584,-0.5453125000000001,-82.10727329750935,50.89204259999789,0.22212440248642584,0.97265625,200
O=C(CC1(N2CC=CC2)CCOCC1)NC1NNC(C2CCCCC2)[SH]1c1ccc(-c2csc(Cc3cccs3)n2)s1,-48.0294054067798,0.16662731007879278,-0.5550781250000001,-48.41785622170101,34.0147027033899,0.16662731007879278,0.9775390625,200
O=C(C1CNN(C2CC(c3ncno3)CCN2)C1)N1CCCC1c1cc(-c2nc(Cc3ccco3)cs2)no1,-68.88194417315589,0.3510825277014505,-0.5589843750000001,-69.08984602045443,44.44097208657794,0.3510825277014505,0.9794921875,200
Cc1csc(-c2cc(-c3cc(N4CCC5CC=CCC54)no3)on2)n1,-31.341990611973742,0.6530884991169852,-0.5707031250000001,-31.259605237856757,25.67099530598687,0.6530884991169852,0.9853515625,200
Cc1nc(-c2ccc(C3(c4nnco4)C=CCC(CN4CCC(CCC5NC(C6CCOCC6)NO5)CC4)N3)s2)cs1,-42.22539674441618,0.30101457196845915,-0.5746093750000001,-42.49899154744772,31.11269837220809,0.30101457196845915,0.9873046875,200
Cc1nc(-c2nnc(-c3cc(C4CC4CN4CCNC4CCC4CCCN4C(=O)CCN4CCCN4)on3)o2)cs1,-45.7875368135941,0.3468357006563322,-0.5609375000000001,-46.00163861293777,32.89376840679705,0.3468357006563322,0.98046875,200
Cc1cc(-c2ccc(-c3cc(C4CC4CN4CCNC4CCC4CCCN4C(=O)CCN4CCCN4)on3)s2)on1,-38.71967302361279,0.34798542719228404,-0.5472656250000001,-38.91895322142051,29.359836511806396,0.34798542719228404,0.9736328125,200
O=C(C1CCOC1)N1CCC(OC2NOC(C3CNCCN3)N2)CC1c1cc(-c2ccc(Cc3ccccc3)s2)co1,-57.45966692414834,0.31354888007227744,-0.5375000000000001,-57.68361804407606,38.72983346207417,0.31354888007227744,0.96875,200
O=C1NC(=O)C2NCC(=O)C2(N2CCOCC2c2ccc(-c3ccc(-c4csc(-c5ccno5)n4)s3)cc2)N1,-88.664621657649,0.3350513771261117,-0.5433593750000001,-88.87292965552288,54.3323108288245,0.3350513771261117,0.9716796875,200
O=C1NC(=O)C2NCC(=O)C2(N2CCOCC2c2coc(-c3ccc(Cc4cccc(Cl)c4)c(Cl)c3)c2)N1,-78.20386957752734,0.4431250877873006,-0.5414062500000001,-78.30215073974004,49.10193478876367,0.4431250877873006,0.970703125,200
Cc1nc(-c2cc(-c3ccc(C4NCCCC4CN4CNC5CCCNC54)s3)on2)cs1,-33.14132102234569,0.5232357185587286,-0.5648437500000001,-33.182929053786964,26.570660511172846,0.5232357185587286,0.982421875,200
Cc1cc(-c2nc(-c3cc(C4NCCCC4CN4CNC5CCCNC54)co3)cs2)co1,-31.845925587262883,0.5397898024292755,-0.5531250000000001,-31.85926078483361,25.92296279363144,0.5397898024292755,0.9765625,200
C1=CC(c2nnc(-c3nnc(-c4coc(-c5ccoc5)c4)o3)o2)CC(C2NCCN3CCNC23)C1,-66.37129152675674,0.4130133034929745,-0.5570312500000001,-66.51530947326376,43.18564576337837,0.4130133034929745,0.978515625,200
C=Cc1nc(-c2coc(-c3ccc(C4CCCCN5C(=O)N(CC6CC6)NC45)s3)c2)cs1,-33.81449618829484,0.48247372803164706,-0.5394531250000001,-33.87147558526319,26.90724809414742,0.48247372803164706,0.9697265625,200
O=C(NC1CCCC1C(=O)N1CCc2ccccc2C1)C1=CC=C[SH]1c1ccc(-c2nc(Cc3ccoc3)cs2)s1,-40.69596362197407,0.23141880654352978,-0.5394531250000001,-41.003997940430544,30.347981810987037,0.23141880654352978,0.9697265625,200
Cc1ccc(-c2ccc(-c3ccc([SH]4C(NC(=O)CC5(N6CC=CC6)CCOCC5)NNC4C4CCCCC4)s3)s2)s1,-43.71812928829596,0.15604985681815509,-0.5375000000000001,-44.09957943147781,31.85906464414798,0.15604985681815509,0.96875,200
Cc1ccc(-c2cc(-c3ccc(C4COCCN4C45NC(=O)NC(=O)C4NCC5=O)cc3)on2)s1,-64.33267456923205,0.5027291600263658,-0.5414062500000001,-64.37135165920569,42.16633728461603,0.5027291600263658,0.970703125,200
O=C(COc1ccccc1)N1CC(C2NCON2)C2(CCOCC2)C1c1ccc(-c2cccc(C=Cc3ccoc3)c2)cc1,-77.67292357659824,0.26398235122124125,-0.5277343750000001,-77.93667560037699,48.83646178829912,0.26398235122124125,0.9638671875,200
O=C(C1CNN(C2CC(c3ncno3)CCN2)C1)N1CCCC1Cc1cc(-c2ccc(-c3ccco3)s2)co1,-58.2815431631237,0.3522102359085908,-0.5414062500000001,-58.47073917721511,39.14077158156185,0.3522102359085908,0.970703125,200
c1coc(-c2csc(-c3ccc(C4C5CNCC4CNC5)cc3-c3ccco3)n2)c1,-70.33271832508971,0.4968633545712055,-0.5335937500000001,-70.3694487205185,45.16635916254486,0.4968633545712055,0.966796875,200
O=C(CC1(N2CC=CC2)CCOCC1)NC1NNC(C2CCCCC2)[SH]1c1ccc(-c2ccc(-c3nc(-c4ccon4)cs3)s2)s1,-69.01685233707154,0.11149664297082877,-0.5570312500000001,-69.4623869441007,44.50842616853577,0.11149664297082877,0.978515625,200
Cc1nc(-c2cc(-c3ccc(C4CC4CN4CCNC4CCC4CCCN4C(=O)CCN4CCCN4)s3)no2)cs1,-34.91812087098393,0.334133017145616,-0.5394531250000001,-35.12344097883831,27.459060435491963,0.334133017145616,0.9697265625,200
O=C(C1CNN(C2CC(c3ncno3)CCN2)C1)N1CCCC1c1coc(Cc2coc(-c3ccon3)c2)c1,-56.105190361761785,0.3622191027958828,-0.5453125000000001,-56.2882837589659,38.05259518088089,0.3622191027958828,0.97265625,200
Cc1cc(-c2ccc(-c3coc(C4CCCCC5C(C(=O)NCCC6CCCC6=O)NC(c6ccccc6)N45)c3)s2)co1,-48.23488843692792,0.21998937665888035,-0.5414062500000001,-48.55630531026904,34.11744421846396,0.21998937665888035,0.970703125,200
C=CC=Cc1ccccc1-c1ccc(C2C(CC3NCNN3)CN2C(=O)Nc2ccccc2)cc1,-59.87490219086344,0.36539154793078626,-0.5218750000000001,-60.031385642932655,39.93745109543172,0.36539154793078626,0.9609375,200
Cc1nnc(-c2coc(-c3ccc(C4CC(OC5NOC(C6CNCCN6)N5)CCN4C(=O)C4CCOC4)s3)c2)o1,-68.70174744614674,0.3201437739609451,-0.5570312500000001,-68.93863492218578,44.35087372307337,0.3201437739609451,0.978515625,200
C=Cc1ccc(-c2ccc(-c3ccc(C4C=CCC(CN5CCNc6ccccc65)C4)s3)s2)cc1,-56.47221717722064,0.2695019542585849,-0.5316406250000001,-56.73435584796206,38.23610858861032,0.2695019542585849,0.9658203125,200
O=C(c1ccc(-c2ccno2)s1)c1nc(C2C=CCC(CN3CCNc4ccccc43)C2)cs1,-65.81375181169973,0.26225485933019943,-0.5453125000000001,-66.09680945236953,42.906875905849866,0.26225485933019943,0.97265625,200
O=S(=O)(c1ccccc1)N1CC(C2NC(Cc3ccccc3)NO2)C1c1coc(C=CCc2ccccc2)c1,-82.15674231297707,0.3131675875967722,-0.5511718750000001,-82.3947466003803,51.07837115648854,0.3131675875967722,0.9755859375,200
Clc1csc(C2(c3coc(-c4cccs4)c3)C3CNCC2CNC3)n1,-41.18823416311342,0.7117228369330435,-0.5765625000000001,-41.05307382618038,30.59411708155671,0.7117228369330435,0.98828125,200
O=C(CCNC1C(c2ccccc2)NC2CNCCN21)N1CCSCC1Cc1ccc(-c2ccc(-c3ccccc3Cl)s2)cc1Cl,-80.71742649611338,0.18049463215829295,-0.5355468750000001,-81.07247873895508,50.35871324805669,0.18049463215829295,0.9677734375,200
c1cc(-c2cc(Cc3ccc(C4NCCCC4CN4CNC5CCCNC54)s3)no2)co1,-35.281099844341014,0.5266164843787221,-0.5570312500000001,-35.311514609962295,27.640549922170507,0.5266164843787221,0.978515625,200
C=Cc1ccc(-c2cc(N=CC3C=CCC(CN4CCNc5ccccc54)C3)co2)c(Cl)c1,-56.681158050723255,0.3081842692996357,-0.5492187500000001,-56.92219253142362,38.34057902536163,0.3081842692996357,0.974609375,200
O=C(CCN1CCCN1)N1CCCC1CCC1NCCN1CC1CC1c1cc(-c2ccc(-c3cc(-c4cscn4)no3)s2)on1,-58.02563681252464,0.2201333677676557,-0.5414062500000001,-58.34690969475698,39.01281840626232,0.2201333677676557,0.970703125,200
O=C(NC1CCCC1C(=O)N1CCc2ccccc2C1)C1=CC=C[SH]1c1ccc(C(=S)c2csc(-c3ccco3)n2)s1,-47.64613810115105,0.13231241685378897,-0.5316406250000001,-48.04546630929727,33.823069050575526,0.13231241685378897,0.9658203125,200
Cc1cc(-c2cc(-c3cc([SH]4C(NC(=O)CC5(N6CC=CC6)CCOCC5)NNC4C4CCCCC4)co3)no2)on1,-53.945926189344604,0.2180567879325818,-0.5707031250000001,-54.29857252641202,36.9729630946723,0.2180567879325818,0.9853515625,200
O=C1Nc2ccccc2OCC1CC(=O)N1CCN(C2CCCCN2)CC1c1coc(-c2coc(C=Cc3ccoc3)c2)c1,-73.76566535784833,0.2825475051299973,-0.5375000000000001,-74.02061785271833,46.88283267892417,0.2825475051299973,0.96875,200
O=C(NC1CCCC1C(=O)N1CCc2ccccc2C1)C1=CC=C[SH]1c1ccc(-c2ccc(-c3coc(C4CCCCC4)c3)s2)cc1,-56.31513611335565,0.19398269713842092,-0.5394531250000001,-56.66060654121723,38.157568056677825,0.19398269713842092,0.9697265625,200
C1=CCC2C(C1)CCN2c1cc(-c2csc(Cc3ccccc3)n2)on1,-29.274739979019678,0.6162369240685479,-0.5394531250000001,-29.19795617995113,24.63736998950984,0.6162369240685479,0.9697265625,200
C1=CC(c2csc(-c3coc(-c4cc(-c5ccccc5)no4)c3)n2)CC(C2NCCN3CCNC23)C1,-45.96969000988257,0.3751209269394519,-0.5550781250000001,-46.14964720794312,32.984845004941285,0.3751209269394519,0.9775390625,200
CN(Cc1csc(-c2cc(-c3cscn3)on2)n1)C1C=CCC(C2=CCC(N3CCOCC3)NN2)C1,-36.815490845367165,0.4478479268860378,-0.5804687500000001,-36.948111668481125,28.407745422683583,0.4478479268860378,0.990234375,200
O=C(CCNC1C(c2ccccc2)NC2CNCCN21)N1CCSCC1(c1ccc(-c2ccc(-c3ccccc3Cl)cc2)cc1)C1CCCCC1,-70.26627277117406,0.16361981838662515,-0.5238281250000001,-70.62648107778743,45.13313638558703,0.16361981838662515,0.9619140625,200
O=C(CCN1CCCN1)N1CCCC1CCC1NCCN1CC1CC1c1cc(-c2ccc(-c3cc(-c4ccccc4)on3)cc2Cl)on1,-59.74960814950754,0.1874037796188372,-0.5375000000000001,-60.0997043698887,39.87480407475377,0.1874037796188372,0.96875,200
COCCC1CCOC1c1coc(S2(c3ccco3)C=CC=C2C(=O)NC2CCCC2C(=O)N2CCc3ccccc3C2)c1,-77.4268956705488,0.2954701922473366,-0.5277343750000001,-77.65915985330146,48.7134478352744,0.2954701922473366,0.9638671875,200
Cc1csc(-c2cc(-c3cc(C4C(CCCN5CCCO5)CCCN4C(=O)C4CCOC4)co3)no2)n1,-48.81860213634101,0.40020617178398926,-0.5355468750000001,-48.95394283955702,34.40930106817051,0.40020617178398926,0.9677734375,200
Cc1ccc(-c2cc(-c3ccc([SH]4C(NC(=O)CC5(N6CC=CC6)CCOCC5)NNC4C4CCCCC4)s3)co2)cc1,-45.60487786742691,0.1686621999670167,-0.5453125000000001,-45.98152816745989,32.802438933713454,0.1686621999670167,0.97265625,200
O=C(Nc1ccccc1)N1CC(CC2NCNN2)C1(CC=Cc1ccco1)NC1CC1,-113.9104178172856,0.4491789244599098,-0.5433593750000001,-114.00459826782568,66.9552089086428,0.4491789244599098,0.9716796875,200
O=C1N(CC2CC2)NC2C(c3ccc(-c4cc(Cc5ccon5)no4)s3)CCCCN12,-31.65268628057983,0.6185133824728257,-0.5531250000000001,-31.587297898107003,25.826343140289914,0.6185133824728257,0.9765625,200
O=C(CCS(=O)(=O)C1=CC=CC2NCCC2C1)N1CCCN2NC(c3ccccc3)CC2C1c1coc(-c2ccc(C3CCCC3c3ccccc3Cl)cc2)c1,-73.93614852653903,0.17504694914295527,-0.5316406250000001,-74.29274220239607,46.968074263269514,0.17504694914295527,0.9658203125,200
O=C(C1CCOC1)N1CCC(OC2NOC(C3CNCCN3)N2)CC1c1ccc(-c2ccc(C=Cc3ccoc3)s2)cc1,-59.598994968529595,0.3065984945291277,-0.5472656250000001,-59.83966209900047,39.7994974842648,0.3065984945291277,0.9736328125,200
C=Cc1cc(-c2coc(-c3ccc(C4C(NC(=O)CCC5CCCCC5)CCN4C4CC(N5CCOCC5)CNN4)s3)c2)on1,-43.46652661048972,0.26942112969505705,-0.5375000000000001,-43.73460548079467,31.73326330524486,0.26942112969505705,0.96875,200
O=C(CCS(=O)(=O)C1=CC=CC2NCCC2C1)N1CCCN2NC(c3ccccc3)CC2C1c1cccc(-c2cc(Cc3cccc(Cl)c3)on2)c1,-82.35233265539189,0.19319572952028946,-0.5355468750000001,-82.6946838008716,51.176166327695945,0.19319572952028946,0.9677734375,200
Cc1cc(-c2cc(-c3ccc(C4NCCCC4CN4CNC5CCCNC54)s3)on2)on1,-32.687759489277965,0.5407299388214426,-0.5492187500000001,-32.696248300456524,26.343879744638983,0.5407299388214426,0.974609375,200
Cc1ccc(-c2cc(-c3cc([SH]4C=CC=C4C(=O)NC4CCCC4C(=O)N4CCc5ccccc5C4)no3)on2)s1,-55.33923280734945,0.26860344547753734,-0.5375000000000001,-55.60812936187191,37.66961640367472,0.26860344547753734,0.96875,200
CCN(C)c1cc(-c2cc([SH]3C=CC=C3C(=O)NC3CCCC3C(=O)N3CCc4ccccc4C3)on2)co1,-68.83692925805124,0.4040557899858728,-0.5472656250000001,-68.98013909306536,44.41846462902562,0.4040557899858728,0.9736328125,200
C=Cc1cc(-c2nnc(-c3ccc(C4CCCCN5C(=O)N(CC6CC6)NC45)s3)o2)co1,-32.076866265166146,0.5707301597156056,-0.5472656250000001,-32.05340173045054,26.038433132583073,0.5707301597156056,0.9736328125,200
C1=CCC2C(C1)CCN2c1cc(-c2cc(-c3nc(-c4ccon4)cs3)no2)co1,-58.562077365609426,0.42769368483623643,-0.5628906250000001,-58.69727430577319,39.28103868280471,0.42769368483623643,0.9814453125,200
C=Cc1ccc(-c2cc(-c3cc(C4COCCN4C45NC(=O)NC(=O)C4NCC5=O)co3)co2)cc1Cl,-68.06815542521599,0.46675285717396275,-0.5511718750000001,-68.15257444304203,44.034077712607996,0.46675285717396275,0.9755859375,200
CN(c1cc(-c2ccon2)no1)N1CCC2CC=CCC21,-77.89790600416333,0.8085716925164612,-0.5687500000000001,-77.65808431164686,48.948953002081666,0.8085716925164612,0.984375,200
C1=CCC2C(C1)CCN2c1ccc(-c2csc(-c3csc(-c4ccno4)n3)n2)s1,-56.91553809211764,0.3553688839902192,-0.5687500000000001,-57.12891920812743,38.45776904605882,0.3553688839902192,0.984375,200
O=C(NC1CCCC1C(=O)N1CCc2ccccc2C1)C1=CC=C[SH]1c1coc(Cc2ccc(-c3nccs3)cc2Cl)c1,-57.61443164772902,0.2106237916387015,-0.5335937500000001,-57.93740160609032,38.80721582386451,0.2106237916387015,0.966796875,200
O=C1N(CC2CC2)NC2C(c3ccc(-c4nc(-c5cc(-c6ccco6)no5)cs4)s3)CCCCN12,-50.710678118654755,0.342725059434507,-0.5296875000000001,-50.89764055922025,35.35533905932738,0.342725059434507,0.96484375,200
C1=CC(c2cccc(Cc3cc(-c4cccs4)on3)c2)CC(CN2CCNc3ccccc32)C1,-61.43709228600933,0.3107807633511285,-0.5121093750000001,-61.63842089765821,40.718546143004666,0.3107807633511285,0.9560546875,200
Cc1csc(-c2cccc(-c3ccc([SH]4C(NC(=O)CC5(N6CC=CC6)CCOCC5)NNC4C4CCCCC4)s3)c2)n1,-52.93833011524188,0.1684889852287608,-0.5453125000000001,-53.31515363001312,36.46916505762094,0.1684889852287608,0.97265625,200
Cc1ccc(-c2coc(-c3ccc(C4CC(OC5NOC(C6CNCCN6)N5)CCN4C(=O)C4CCOC4)s3)c2)s1,-60.174809011309776,0.32491620235501595,-0.5394531250000001,-60.389345933954765,40.08740450565489,0.32491620235501595,0.9697265625,200
Cc1csc(-c2ccc(-c3cc(C4C=CCC(CN5CCC(CCC6NC(C7CCOCC7)NO6)CC5)N4)no3)s2)n1,-34.954526656136345,0.27193727374881876,-0.5570312500000001,-35.23962063238753,27.477263328068172,0.27193727374881876,0.978515625,200
C=Cc1ccc(-c2cc(-c3ccc(C4COCCN4C45NC(=O)NC(=O)C4NCC5=O)s3)co2)cc1Cl,-68.06815542521599,0.45600868127275684,-0.5511718750000001,-68.16331861894322,44.034077712607996,0.45600868127275684,0.9755859375,200
O=C1CCCC1CCNC(=O)C1NC(c2ccccc2)N2C1CCCCC2(Cl)Cc1ccc(-c2ccoc2)c(Cl)c1,-51.77743377970545,0.2200954624207757,-0.5394531250000001,-52.096791442284676,35.888716889852724,0.2200954624207757,0.9697265625,200
Cc1cc(-c2cc(-c3nnc(N4CCC5CC=CCC54)o3)no2)on1,-38.0689245638319,0.6712920620366154,-0.5687500000000001,-37.96638250179529,29.03446228191595,0.6712920620366154,0.984375,200
Cc1ccc(-c2ccc(-c3nc(C4C(CCCN5CCCO5)CCCN4C(=O)C4CCOC4)cs3)s2)s1,-51.888803022445714,0.3107107568520207,-0.5453125000000001,-52.1234047655937,35.94440151122286,0.3107107568520207,0.97265625,200
Cc1ccc([NH+]2CCc3cc(-c4ccc(C5CNCCC5CN5CNNC5C5CCCN5C(=O)CC5CCNCC5)s4)ccc3C2)s1,-46.9925368977769,0.250457044476568,-0.5375000000000001,-47.27957985330033,33.49626844888845,0.250457044476568,0.96875,200
C=Cc1coc(-c2ccc(-c3cccc([SH]4C=CC=C4C(=O)NC4CCCC4C(=O)N4CCc5ccccc5C4)c3)s2)c1,-56.0,0.2099349444115887,-0.5375000000000001,-56.327565055588416,38.0,0.2099349444115887,0.96875,200
CC=Cc1cc(-c2cc(C3C=CCC(CN4CCNc5ccccc54)C3)ccn2)ccn1,-51.554175279993274,0.5001485024902286,-0.5414062500000001,-51.59543302750305,35.77708763999664,0.5001485024902286,0.970703125,200
O=C(CCS(=O)(=O)C1=CC=CC2NCCC2C1)N1CCCN2NC(c3ccccc3)CC2C1c1ccc(-c2coc(Cc3ccoc3)c2)c(Cl)c1,-75.60334722173695,0.18993588649741316,-0.5394531250000001,-75.95286446023954,47.80167361086848,0.18993588649741316,0.9697265625,200
C=Cc1cc(C=Cc2ccc(C3NCCC4C(=O)NC(c5ccccc5)NC43)c(Cl)c2)co1,-61.14185110040317,0.4912788796861529,-0.5218750000000001,-61.17244722071702,40.570925550201586,0.4912788796861529,0.9609375,200
Cc1ccc(-c2coc(-c3ccc(C4CCCCN5C(=O)N(CC6CC6)NC45)s3)c2)s1,-37.93099343184095,0.49374767922619406,-0.5179687500000001,-37.95521450261476,28.965496715920477,0.49374767922619406,0.958984375,200
C=Cc1cc(-c2cc(-c3ccc(C4N(C(=O)COc5ccccc5)CC(C5NCON5)C45CCOCC5)cc3)co2)co1,-64.09518416651456,0.2762963623062412,-0.5238281250000001,-64.34271592920831,42.04759208325728,0.2762963623062412,0.9619140625,200
O=C(COc1ccccc1)N1CC(C2NCON2)C2(CCOCC2)C1c1ccc(-c2coc(C=Cc3ccccc3)c2)s1,-87.10742271196708,0.25926474555170137,-0.5296875000000001,-87.37784546641537,53.55371135598354,0.25926474555170137,0.96484375,200
Clc1ccccc1-c1nc(CC=CC2C=CCC(CN3CCNc4ccccc43)C2)cs1,-60.969129919988646,0.39739244283231845,-0.5609375000000001,-61.13267497715633,40.48456495999432,0.39739244283231845,0.98046875,200
O=C1Nc2ccccc2OCC1CC(=O)N1CCN(C2CCCCN2)CC1c1ccc(-c2cccc(Cc3cccc(Cl)c3)c2)cc1Cl,-78.32598842625484,0.2103699762941679,-0.5179687500000001,-78.63358719996066,49.16299421312742,0.2103699762941679,0.958984375,200
O=C1NC(=O)C2NCC(=O)C2(N2CCOCC2c2ccc(-c3coc(-c4coc(-c5ccccc5)c4)c3)s2)N1,-84.76640682967036,0.3492253342763754,-0.5375000000000001,-84.95468149539398,52.38320341483518,0.3492253342763754,0.96875,200
C1=CC(c2nc(Cc3cc(-c4ccoc4)no3)cs2)CC(C2=CCC(N3CCOCC3)NN2)C1,-36.674509261219015,0.5117368243789842,-0.5531250000000001,-36.71589743684003,28.337254630609507,0.5117368243789842,0.9765625,200
Cc1nc(-c2nnc(-c3cc([SH]4C=CC=C4C(=O)NC4CCCC4C(=O)N4CCc5ccccc5C4)co3)o2)cs1,-63.761566365487695,0.29035383999107833,-0.5375000000000001,-64.00871252549662,41.88078318274385,0.29035383999107833,0.96875,200
O=C(Nc1ccccc1)N1CC(CC2NCNN2)C1c1cccc(C=Cc2ccc(-c3ccccc3Cl)c(Cl)c2)c1,-80.57832768544127,0.17095962424501263,-0.5238281250000001,-80.93119618619625,50.28916384272063,0.17095962424501263,0.9619140625,200
C1=CC(c2cc(-c3csc(Cc4nccs4)n3)no2)CC(C2=CCC(N3CCOCC3)NN2)C1,-38.92367945062494,0.49647690170770126,-0.5726562500000001,-38.99985879891724,29.46183972531247,0.49647690170770126,0.986328125,200
O=C(C1CNN(C2CC(c3ncno3)CCN2)C1)N1CCCC1c1cc(-c2cc(Cc3cscn3)co2)co1,-59.49842765740716,0.3533744737854793,-0.5648437500000001,-59.709896933621685,39.74921382870358,0.3533744737854793,0.982421875,200
O=C1NC(=O)C2NCC(=O)C2(N2CCOCC2c2ccc(-c3ccc(-c4ccc(-c5cccc(Cl)c5)cc4Cl)s3)s2)N1,-99.48221624995077,0.2644115902812303,-0.5472656250000001,-99.76507028466953,59.74110812497538,0.2644115902812303,0.9736328125,200
C=Cc1ccc(-c2coc(NC3C=CCC(CN4CCNc5ccccc54)C3)c2)cc1Cl,-56.36753236814714,0.4037171424395226,-0.5394531250000001,-56.503268350707614,38.18376618407357,0.4037171424395226,0.9697265625,200
Cc1cc(-c2cc(-c3cc(C4CCCC5NNC(=O)CC54)on3)co2)co1,-34.80875842417888,0.731671848554816,-0.5492187500000001,-34.62630532562407,27.40437921208944,0.731671848554816,0.974609375,200
CS1(c2csc(C=Cc3ccccc3Cl)n2)C=CC=C1C(=O)NC1CCCC1C(=O)N1CCc2ccccc2C1,-57.252831663311866,0.33530555389098493,-0.5296875000000001,-57.447213609420885,38.62641583165593,0.33530555389098493,0.96484375,200
Cc1cc(-c2coc(-c3cc(C4C=CCC(C5=CCC(N6CCOCC6)NN5)C4)on3)c2)on1,-36.213877290220786,0.5439138036820067,-0.5550781250000001,-36.22504161153878,28.106938645110393,0.5439138036820067,0.9775390625,200
O=C(CCN1CCCN1)N1CCCC1CCC1NCCN1CC1CC1c1csc(Cc2cc(-c3cccs3)co2)n1,-41.806148561449774,0.3131781212114184,-0.5472656250000001,-42.04023606523835,30.903074280724887,0.3131781212114184,0.9736328125,200
Cc1cc(-c2csc(-c3nc(C4C=CCC(N5CCCC5)C4)cs3)n2)on1,-51.27411872482185,0.5704737783586707,-0.5511718750000001,-51.25481682146318,35.63705936241092,0.5704737783586707,0.9755859375,200
O=C(CCS(=O)(=O)C1=CC=CC2NCCC2C1)N1CCCN2NC(c3ccccc3)CC2C1c1ccc(S(=O)(=O)Cc2cccc(Cl)c2)cc1,-75.01578816175763,0.29501758949241946,-0.5257812500000001,-75.2465518222652,47.50789408087881,0.29501758949241946,0.962890625,200
Cc1ccc(-c2cc(-c3nc(C4C(NC(=O)CCC5CCCCC5)CCN4C4CC(N5CCOCC5)CNN4)cs3)on2)c(Cl)c1,-59.29691040639604,0.27103423927720777,-0.5433593750000001,-59.56923554211883,39.64845520319802,0.27103423927720777,0.9716796875,200
Cc1cc(-c2nc(-c3ccc(C4NCCN4CCNN4NC(=O)C4CC4CC4)s3)cs2)on1,-43.05553108173778,0.42567002848474284,-0.5628906250000001,-43.19275167825304,31.52776554086889,0.42567002848474284,0.9814453125,200
Cc1ccc(-c2nnc(-c3cc(C4C=CCC(CN5CCC(CCC6NC(C7CCOCC7)NO6)CC5)N4)on3)o2)s1,-36.60388679233962,0.30486849200233357,-0.5648437500000001,-36.86386205033729,28.30194339616981,0.30486849200233357,0.982421875,200
C=Cc1cc(-c2cccc([NH+]3CCc4cc(C5CCCCC6C(C(=O)NCCC7CCCC7=O)NC(c7ccccc7)N56)ccc4C3)c2)on1,-69.64373932405988,0.1998455568932125,-0.5433593750000001,-69.98725314216667,44.82186966202994,0.1998455568932125,0.9716796875,200
Cc1cc(-c2cc(-c3cc(C4CNCCC4CN4CNNC4C4CCCN4C(=O)CC4CCNCC4)on3)on2)on1,-56.0,0.3093603569886395,-0.5511718750000001,-56.24181151801136,38.0,0.3093603569886395,0.9755859375,200
C=Cc1ccc(-c2cc(-c3ccc(C4COCCN4C45NC(=O)NC(=O)C4NCC5=O)cc3)co2)s1,-63.809307359027855,0.48980465876412893,-0.5375000000000001,-63.85700270026373,41.90465367951393,0.48980465876412893,0.96875,200
C#C[NH+]1CCc2cc(-c3coc(C4(OCC=C)CCCCC5C(C(=O)NCCC6CCCC6=O)NC(c6ccccc6)N54)c3)ccc2C1,-52.74613391789285,0.22001530171986805,-0.5472656250000001,-53.07338424117298,36.373066958946424,0.22001530171986805,0.9736328125,200
C=CCOc1ncc(S2(c3ccc(CC=O)cc3)C=CC=C2C(=O)NC2CCCC2C(=O)N2CCc3ccccc3C2)cn1,-66.7179335547152,0.24815818981765606,-0.5531250000000001,-67.02290036489754,43.3589667773576,0.24815818981765606,0.9765625,200
Clc1cc(-c2nccs2)ccc1Cc1nc(C2C=CCC(CN3CCNc4ccccc43)C2)cs1,-67.95453370918409,0.2682925626241813,-0.5472656250000001,-68.2335067715599,43.977266854592045,0.2682925626241813,0.9736328125,200
O=C(CCC1CCCCC1)NC1CCN(C2CC(N3CCOCC3)CNN2)C1c1nnc(-c2ccc(Cc3ccoc3)s2)o1,-59.47326594522211,0.304506462557688,-0.5394531250000001,-59.70821260766442,39.736632972611055,0.304506462557688,0.9697265625,200
Cc1cc(-c2cc(-c3nc(C4NCCCC4CN4CNC5CCCNC54)cs3)co2)co1,-30.91168824543142,0.5397898024292755,-0.5589843750000001,-30.930882818002146,25.45584412271571,0.5397898024292755,0.9794921875,200
O=C(CCC1CCCCC1)NC1CCN(C2CC(N3CCOCC3)CNN2)C1c1ccc(-c2csc(C=Cc3ccco3)n2)s1,-45.817930687617334,0.25549592142153044,-0.5375000000000001,-46.09993476619581,32.90896534380867,0.25549592142153044,0.96875,200
C=Cc1ccc(-c2ccc(-c3ccc(C4COCCN4C45NC(=O)NC(=O)C4NCC5=O)s3)s2)cc1,-67.17797887081348,0.4778316045528337,-0.5375000000000001,-67.23764726626064,43.58898943540674,0.4778316045528337,0.96875,200
Cc1ccc(-c2nc(-c3ccc(C4CCCN4C(=O)C4CNN(C5CC(c6ncno6)CCN5)C4)s3)cs2)c(Cl)c1,-66.78709581498853,0.29663950295660846,-0.5531250000000001,-67.04358131203192,43.393547907494266,0.29663950295660846,0.9765625,200
C=Cc1ccc(-c2ccc(-c3ccc(C4CCCN4C(=O)C4CNN(C5CC(c6ncno6)CCN5)C4)s3)s2)s1,-58.79086241436883,0.2795417499350051,-0.5472656250000001,-59.058586289433826,39.395431207184416,0.2795417499350051,0.9736328125,200
Cc1ccc(-c2ccc(-c3csc(C4CNCCC4CN4CNNC4C4CCCN4C(=O)CC4CCNCC4)n3)s2)s1,-43.74950980203691,0.2895833676788542,-0.5511718750000001,-44.01109830935806,31.874754901018456,0.2895833676788542,0.9755859375,200
Cc1coc(-c2cc(C3NCCC4C(=O)NC(c5ccccc5)NC43)ccc2C2=CC(C(=O)[O-])CC2)c1,-89.85444915887567,0.5008614343110155,-0.5433593750000001,-89.89694709956464,54.92722457943783,0.5008614343110155,0.9716796875,200
Cc1nc(-c2cc(-c3coc(N4CCC5CC=CCC54)c3)on2)cs1,-29.234134500364682,0.6261747559227923,-0.5628906250000001,-29.17085036944189,24.61706725018234,0.6261747559227923,0.9814453125,200
Clc1ccccc1-c1cc(-c2nnc(-c3cc(C4C=CCC(N5CCCC5)C4)on3)o2)no1,-67.08616422830896,0.3529153641252742,-0.5472656250000001,-67.28051448918367,43.54308211415448,0.3529153641252742,0.9736328125,200
Cc1ccc(-c2ccc(-c3ccc([SH]4C(NC(=O)CC5(N6CC=CC6)CCOCC5)NNC4C4CCCCC4)s3)cc2)s1,-47.17142249498666,0.15792281680985015,-0.5316406250000001,-47.54514030317681,33.58571124749333,0.15792281680985015,0.9658203125,200
Cc1ccc(-c2cc(-c3csc(C4CC4CN4CCNC4CCC4CCCN4C(=O)CCN4CCCN4)n3)no2)s1,-35.92852581643825,0.334133017145616,-0.5511718750000001,-36.145564674292636,27.964262908219126,0.334133017145616,0.9755859375,200
C1=CC(Cc2cc(-c3csc(-c4ccoc4)n3)no2)CC(C2=CCC(N3CCOCC3)NN2)C1,-44.71475874945375,0.5082323704905569,-0.5628906250000001,-44.76941700396319,32.357379374726875,0.5082323704905569,0.9814453125,200
O=C(C1CNN(C2CC(c3ncno3)CCN2)C1)N1CCCC1c1ccc(-c2ccc(Cc3ccco3)s2)s1,-53.10266752998827,0.33513172704678046,-0.5511718750000001,-53.31870767794149,36.55133376499413,0.33513172704678046,0.9755859375,200
C=CC=Cc1cc(C2CN(c3ccccc3)CCN2C2=NCCN2C(=O)c2ccccc2)ccc1-c1ccccc1,-73.14504817756014,0.25005429072475177,-0.5062500000000001,-73.40124388683539,46.57252408878007,0.25005429072475177,0.953125,200
Cc1cc(-c2nc(-c3ccc(C4CC4CN4CCNC4CCC4CCCN4C(=O)CCN4CCCN4)s3)cs2)no1,-35.20869496736904,0.334133017145616,-0.5511718750000001,-35.425733825223425,27.60434748368452,0.334133017145616,0.9755859375,200
Cc1ccc(C2(c3coc(C#N)c3)CCCCC3C(C(=O)NCCC4CCCC4=O)NC(c4ccccc4)N32)c(Cl)c1,-44.52906321960671,0.3456859451808338,-0.5355468750000001,-44.71892414942588,32.264531609803356,0.3456859451808338,0.9677734375,200
O=C(NC1=CCC2NC(=O)C3CCCN3C(=O)C2C1)C1=CCC(N2CNNN2)CC1c1ccc(-c2ccc(Cc3cccs3)s2)cc1,-63.88086790204308,0.2590346061139558,-0.5550781250000001,-64.17691142092912,41.94043395102154,0.2590346061139558,0.9775390625,200
O=C(c1cc(C2NCCN2CCNN2NC(=O)C2CC2CC2)co1)c1ccc(-c2ccccc2)s1,-41.70899448216605,0.37552703237975527,-0.5277343750000001,-41.86120182478629,30.854497241083024,0.37552703237975527,0.9638671875,200
C=Cc1ccc(-c2coc(-c3cc(C4N(C(=O)COc5ccccc5)CC(C5NCON5)C45CCOCC5)co3)c2)cc1,-73.72299611087985,0.2762963623062417,-0.5453125000000001,-73.9920122485736,46.861498055439924,0.2762963623062417,0.97265625,200
C=Cc1ccc(Cc2ccc(C3CN(c4ccccc4)CCN3C3=NCCN3C(=O)c3ccccc3)s2)cc1Cl,-72.39047569960877,0.25188751277087407,-0.4906250000000001,-72.62921318683789,46.195237849804386,0.25188751277087407,0.9453125,200
COCCC=Cc1cc(-c2ccc(C3CN(c4ccccc4)CCN3C3=NCCN3C(=O)c3ccccc3)cc2)co1,-77.11848433743187,0.2344402040474885,-0.5062500000000001,-77.39029413338437,48.55924216871593,0.2344402040474885,0.953125,200
Cc1cc(-c2ccc(-c3nc(C4CCCCN5C(=O)N(CC6CC6)NC45)cs3)s2)co1,-34.699177324709375,0.5382705240947127,-0.5453125000000001,-34.70621930061466,27.349588662354687,0.5382705240947127,0.97265625,200
Cc1nc(-c2cc(-c3ccc(C4C5CNCC4CNC5)s3)no2)cs1,-44.21837743200929,0.7381250945798491,-0.5667968750000001,-44.04704921242944,32.109188716004645,0.7381250945798491,0.9833984375,200
C=Cc1ccc(-c2cc(-c3nc(N4CCC5CC=CCC54)cs3)on2)s1,-29.71921157862421,0.5425480631215529,-0.5492187500000001,-29.72588226550266,24.859605789312106,0.5425480631215529,0.974609375,200
C=Cc1cc(-c2cc(-c3nc(C4C=CCC(C5=CCC(N6CCOCC6)NN5)C4)cs3)no2)no1,-34.80875842417888,0.4906175033985501,-0.5707031250000001,-34.88884404578033,27.40437921208944,0.4906175033985501,0.9853515625,200
C1=CC(c2csc(-c3coc(-c4cccc(-c5ccno5)c4)c3)n2)CC(N2CCCC2)C1,-73.01612763386788,0.32435146732059145,-0.5296875000000001,-73.22146366654728,46.50806381693394,0.32435146732059145,0.96484375,200
CC=Cc1ccnc(-c2ccc(C3CCCCC4C(C(=O)NCCC5CCCC5=O)NC(c5ccccc5)N34)c(Cl)c2)c1,-34.258639865002145,0.28606520044225453,-0.5335937500000001,-34.506168414559895,27.129319932501073,0.28606520044225453,0.966796875,200
Cc1nc(-c2nc(-c3ccc(C4C(CCCN5CCCO5)CCCN4C(=O)C4CCOC4)s3)cs2)cs1,-49.2820323027551,0.33598403561893736,-0.5433593750000001,-49.489407642136165,34.64101615137755,0.33598403561893736,0.9716796875,200
Cc1ccc(-c2coc(-c3ccc([SH]4C(NC(=O)CC5(N6CC=CC6)CCOCC5)NNC4C4CCCCC4)s3)c2)s1,-43.71812928829596,0.16615240219013513,-0.5453125000000001,-44.09728938610583,31.85906464414798,0.16615240219013513,0.97265625,200
Cc1ccc(-c2nc(-c3coc(C4CCCC5NNC(=O)CC54)c3)cs2)s1,-32.11525688318153,0.6688808288927341,-0.5355468750000001,-31.981922929288796,26.057628441590765,0.6688808288927341,0.9677734375,200
Cc1cc(-c2nnc(C3CC3)o2)ccc1C1NCCN1CCNN1NC(=O)C1CC1CC1,-69.39798655450804,0.5467828238203741,-0.5257812500000001,-69.37698498068765,44.69899327725402,0.5467828238203741,0.962890625,200
CC1(c2csc(-c3ccc(-c4ccccc4)s3)n2)C=CCC(CN2CCC(CCC3NC(C4CCOCC4)NO3)CC2)N1,-36.74504383644443,0.24070669695853372,-0.5160156250000001,-37.0203527644859,28.372521918222215,0.24070669695853372,0.9580078125,200
Cc1csc(-c2cc(-c3ccc(C4CCCCN5C(=O)N(CC6CC6)NC45)s3)ccn2)n1,-39.732738092272314,0.5413886752883819,-0.5492187500000001,-39.740568166983934,29.866369046136157,0.5413886752883819,0.974609375,200
C=Cc1ccc(-c2ccc(CC3CN(c4ccccc4)CCN3C3=NCCN3C(=O)c3ccccc3)c(Cl)c2)cc1Cl,-74.678403028357,0.23120991007456576,-0.4828125000000001,-74.93000561828242,47.3392015141785,0.23120991007456576,0.94140625,200
Cc1nc(-c2cc(-c3ccc(C4NCCCC4CN4CNC5CCCNC54)s3)on2)cs1,-33.14132102234569,0.5232357185587286,-0.5648437500000001,-33.182929053786964,26.570660511172846,0.5232357185587286,0.982421875,200
C=Cc1ccc(-c2ccc(CC3C(C4NC(Cc5ccccc5)NO4)CN3S(=O)(=O)c3ccccc3)cc2Cl)s1,-85.48933595392475,0.25121299370028577,-0.5375000000000001,-85.77562296022445,52.744667976962376,0.25121299370028577,0.96875,200
C=Cc1cccc(C=Cc2coc(C3C(CC4NCNN4)CN3C(=O)Nc3ccccc3)c2)c1,-60.746516952745395,0.41635291473401803,-0.5355468750000001,-60.86571091301138,40.3732584763727,0.41635291473401803,0.9677734375,200
Cc1ccc(-c2cc(-c3cc(C4C=CCC(C5NCCN6CCNC56)C4)no3)no2)c(Cl)c1,-38.378078077305695,0.5584559443297471,-0.5589843750000001,-38.37860650797595,29.189039038652847,0.5584559443297471,0.9794921875,200
Clc1cc(C(c2ccco2)C2C=CCC(CN3CCNc4ccccc43)C2)ccc1-c1ccon1,-76.70573922989266,0.2916903479924871,-0.5316406250000001,-76.94568950690017,48.35286961494633,0.2916903479924871,0.9658203125,200
C=Cc1coc(Cc2ccc(C3CN(c4ccccc4)CCN3C3=NCCN3C(=O)c3ccccc3)cc2)c1,-74.78396488858229,0.32079120058408245,-0.4750000000000001,-74.9381736879982,47.391982444291145,0.32079120058408245,0.9375,200
Clc1cc(-c2cscn2)ccc1C=Cc1nc(C2C=CCC(N3CCCC3)C2)cs1,-35.09990925582364,0.38961414620577844,-0.5335937500000001,-35.24388885961786,27.54995462791182,0.38961414620577844,0.966796875,200
Cc1coc(-c2nc(-c3ccc(C4CCCN4C(=O)C4CNN(C5CC(c6ncno6)CCN5)C4)s3)cs2)c1,-62.75264346230881,0.3508908428055348,-0.5667968750000001,-62.96854949450328,41.376321731154405,0.3508908428055348,0.9833984375,200
COCc1nc(-c2ccc(C3(c4ccccc4Cl)NCCCC3CN3CNC4CCCNC43)s2)cs1,-53.32121111929344,0.39565473724765565,-0.5394531250000001,-53.465009507045785,36.66060555964672,0.39565473724765565,0.9697265625,200
O=C1NC(=O)C2NCC(=O)C2(N2CCOCC2c2cc(-c3ccc(-c4cc(-c5cccs5)co4)s3)co2)N1,-84.86181383134664,0.34511181169742355,-0.5453125000000001,-85.06201451964921,52.43090691567332,0.34511181169742355,0.97265625,200
O=C(C1CNN(C2CC(c3ncno3)CCN2)C1)N1CCCC1c1cc(Cc2csc(-c3ccccc3Cl)n2)co1,-60.174809011309776,0.3167344741725118,-0.5531250000000001,-60.411199537137264,40.08740450565489,0.3167344741725118,0.9765625,200
Cc1ccc(-c2nc(-c3coc(C4CCCCN5C(=O)N(CC6CC6)NC45)c3)cs2)s1,-25.607017003965517,0.5382705240947127,-0.5296875000000001,-25.598433979870805,22.80350850198276,0.5382705240947127,0.96484375,200
O=C(CCS(=O)(=O)C1=CC=CC2NCCC2C1)N1CCCN2NC(c3ccccc3)CC2C1c1ccc(C(Cc2ccccc2)c2ccccc2)s1,-72.6066952223218,0.17773945211566536,-0.5355468750000001,-72.96450264520614,46.3033476111609,0.17773945211566536,0.9677734375,200
C=Cc1ccc(Cc2cccc(C3CN(c4ccccc4)CCN3C3=NCCN3C(=O)c3ccccc3)c2)cc1Cl,-80.9554357129917,0.2560755907735287,-0.4769531250000001,-81.17631324721816,50.47771785649585,0.2560755907735287,0.9384765625,200
CC=Cc1ccc(-c2ccc(C3C(CC4NCNN4)CN3C(=O)Nc3ccccc3)s2)c(Cl)c1,-70.0222194794152,0.3565066237916448,-0.5355468750000001,-70.20125973062355,45.0111097397076,0.3565066237916448,0.9677734375,200
O=C(CC1CCNCC1)N1CCCC1C1NNCN1CC1CCNCC1c1ccc(-c2cc(Cc3ccno3)no2)s1,-48.23488843692792,0.2941100494642525,-0.5433593750000001,-48.48413776246367,34.11744421846396,0.2941100494642525,0.9716796875,200
Cc1cc(-c2ccc(-c3coc(C4COCCN4C45NC(=O)NC(=O)C4NCC5=O)c3)s2)co1,-65.76712656956627,0.5158084416713334,-0.5511718750000001,-65.80249000289493,42.883563284783136,0.5158084416713334,0.9755859375,200
O=C(COc1ccccc1)N1CC(C2NCON2)C2(CCOCC2)C1c1ccc(-c2ccc(-c3cccc(Oc4ccccc4)c3)cc2)c(Cl)c1,-104.53112060846478,0.16024919477012753,-0.4984375000000001,-104.86930891369464,62.26556030423239,0.16024919477012753,0.94921875,200
Clc1cccc(-c2ccc(-c3coc(CC4C=CCC(CN5CCNc6ccccc65)C4)c3)s2)c1,-62.70429251254133,0.26931030382534843,-0.5394531250000001,-62.97443533371598,41.352146256270665,0.26931030382534843,0.9697265625,200
O=C(NCC1CCCN1)C1c2ccccc2C(=O)N(C2C=CC=CC2)C12CCCC2c1csc(C=Cc2ccc(-c3cccc(Cl)c3)c(Cl)c2)n1,-65.29947244854449,0.18934712879007665,-0.5492187500000001,-65.65934406975441,42.649736224272246,0.18934712879007665,0.974609375,200
C1=CC(c2ccccc2)(c2cc(-c3nc(N4CCOCC4)cs3)ccn2)NC(CN2CCC(CCC3NC(C4CCOCC4)NO3)CC2)C1,-50.42726744663604,0.25611932143365657,-0.5472656250000001,-50.71841375020238,35.21363372331802,0.25611932143365657,0.9736328125,200
Cc1cc(-c2ccc(-c3nc(C4NCCCC4CN4CNC5CCCNC54)cs3)s2)no1,-34.91812087098393,0.5232357185587286,-0.5648437500000001,-34.9597289024252,27.459060435491963,0.5232357185587286,0.982421875,200
Clc1cc(C=Cc2ccoc2)ccc1-c1cc(C2C=CCC(CN3CCNc4ccccc43)C2)no1,-61.41252974819048,0.2759515895879613,-0.5472656250000001,-61.68384378360252,40.70626487409524,0.2759515895879613,0.9736328125,200
C#Cc1cc(-c2ccc(C3CSCCN3C(=O)CCNC3C(c4ccccc4)NC4CNCCN43)s2)ccc1C=C,-70.15542135667715,0.33890418020272073,-0.5570312500000001,-70.37354842647443,45.077710678338576,0.33890418020272073,0.978515625,200
C1=CC(c2ccc(-c3ccc(Cc4ccno4)s3)s2)NC(CN2CCC(CCC3NC(C4CCOCC4)NO3)CC2)C1,-34.699177324709375,0.2523486693541745,-0.5492187500000001,-34.9960474053552,27.349588662354687,0.2523486693541745,0.974609375,200
O=C(CC1CCNCC1)N1CCCC1C1NNCN1CC1CCNCC1c1nc(-c2cc(Cc3ccco3)no2)cs1,-49.9714227381436,0.2941100494642525,-0.5531250000000001,-50.23043768867935,34.9857113690718,0.2941100494642525,0.9765625,200
Cc1ccc(-c2nc(-c3nc(C4NCCCC4CN4CNC5CCCNC54)cs3)cs2)s1,-36.24944444170093,0.5001974044561824,-0.5589843750000001,-36.30823141224475,28.124722220850465,0.5001974044561824,0.9794921875,200
C=Cc1ccc(-c2cc(-c3cc(C4CCCN4C(=O)C4CNN(C5CC(c6ncno6)CCN5)C4)on3)co2)cc1,-69.77750274985377,0.3423078660701588,-0.5472656250000001,-69.9824605087836,44.88875137492688,0.3423078660701588,0.9736328125,200
Cc1cc(-c2ccc(-c3ccc(C4CN(C5CNC(N6CCNCC6)NC5)CCC4C(=O)NCC4CCCO4)s3)s2)co1,-57.40800992145451,0.30290996355362976,-0.5414062500000001,-57.64650620790088,38.704004960727254,0.30290996355362976,0.970703125,200
C=Cc1csc(-c2ccc(-c3ccc(C4C=CCC(CN5CCNc6ccccc65)C4)s3)s2)n1,-57.94870107962031,0.26975245889792787,-0.5375000000000001,-58.21644862072238,38.97435053981015,0.26975245889792787,0.96875,200
Cc1cc(-c2ccc(-c3cc(C4C=CCC(CN5CCC(CCC6NC(C7CCOCC7)NO6)CC5)N4)no3)s2)co1,-35.281099844341014,0.27302864411915473,-0.5472656250000001,-35.55533682522186,27.640549922170507,0.27302864411915473,0.9736328125,200
O=S(=O)(c1ccccc1)N1CC(C2NC(Cc3ccccc3)NO2)C1c1ccc(Cc2ccc(-c3ccccc3)cc2)s1,-111.31641176943575,0.20338443827646266,-0.5394531250000001,-111.65248045615928,65.65820588471787,0.20338443827646266,0.9697265625,200
CC=Cc1ccc(-c2ccc(C3N(C(=O)COc4ccccc4)CC(C4NCON4)C34CCOCC4)cc2)cc1Cl,-74.23375191511798,0.37087134318177994,-0.5335937500000001,-74.3964743219362,47.11687595755899,0.37087134318177994,0.966796875,200
Cc1nc(-c2cc(-c3ccc(C4CNCCC4CN4CNNC4C4CCCN4C(=O)CC4CCNCC4)s3)no2)cs1,-43.49803146555018,0.30417831342089,-0.5414062500000001,-43.73525940212929,31.74901573277509,0.30417831342089,0.970703125,200
Cc1csc(-c2cc(-c3cc(C4C=CCC(CN5CCC(CCC6NC(C7CCOCC7)NO6)CC5)N4)co3)on2)n1,-31.65268628057983,0.2922373224222399,-0.5570312500000001,-31.917480208157592,25.826343140289914,0.2922373224222399,0.978515625,200
Cc1csc(-c2cc(-c3ccc(C4C=CCC(CN5CCC(CCC6NC(C7CCOCC7)NO6)CC5)N4)s3)on2)n1,-31.65268628057983,0.27193727374881876,-0.5648437500000001,-31.94559275683101,25.826343140289914,0.27193727374881876,0.982421875,200
C=CC=Cc1nc(-c2ccc(C3CCCC34C(C(=O)NCC3CCCN3)c3ccccc3C(=O)N4C3C=CC=CC3)c(Cl)c2)cs1,-41.93545026880809,0.24560523953489485,-0.5335937500000001,-42.223438779273195,30.967725134404045,0.24560523953489485,0.966796875,200
C1=CCC2C(C1)CCN2C=Cc1ccc(-c2nc(-c3ccno3)cs2)s1,-28.290785870598548,0.5567073535035044,-0.5609375000000001,-28.295016017095044,24.145392935299274,0.5567073535035044,0.98046875,200
c1cc(-c2nc(-c3ccc(CC4NCCCC4CN4CNC5CCCNC54)s3)cs2)no1,-35.92852581643825,0.5097496948895559,-0.5648437500000001,-35.9836198715487,27.964262908219126,0.5097496948895559,0.982421875,200
C=CCOc1cc(C2(Cc3ccccc3Cl)CCCCC3C(C(=O)NCCC4CCCC4=O)NC(c4ccccc4)N32)no1,-57.33045971672482,0.2505389055028907,-0.5394531250000001,-57.619373936221926,38.66522985836241,0.2505389055028907,0.9697265625,200
O=C(CCS(=O)(=O)C1=CC=CC2NCCC2C1)N1CCCN2NC(c3ccccc3)CC2C1c1ccc(C=Cc2ccc(-c3ccoc3)s2)cc1,-70.9065454189081,0.1862346805346278,-0.5316406250000001,-71.25195136337346,45.45327270945405,0.1862346805346278,0.9658203125,200
O=C1NC(=O)C2NCC(=O)C2(N2CCOCC2c2ccc(-c3ccc(-c4cc(-c5ccno5)co4)cc3Cl)cc2Cl)N1,-103.0447073221762,0.3066875742800782,-0.5492187500000001,-103.28723849789611,61.5223536610881,0.3066875742800782,0.974609375,200
C=CCc1ccc(-c2ccc(C3C(C4NC(Cc5ccccc5)NO4)CN3S(=O)(=O)c3ccccc3)s2)cc1,-102.93087488503447,0.2651828239561774,-0.5433593750000001,-103.20905143607828,61.465437442517235,0.2651828239561774,0.9716796875,200
O=C(C1CCOC1)N1CCC(OC2NOC(C3CNCCN3)N2)CC1c1ccc(-c2ccc(Cc3ccccc3Cl)s2)cc1,-62.3407554009556,0.2941332151438665,-0.5238281250000001,-62.57045031081174,41.1703777004778,0.2941332151438665,0.9619140625,200
CC1(c2ccc(-c3ccc(-c4ccccc4Cl)s3)s2)CCCN1C(=O)C1CNN(C2CC(c3ncno3)CCN2)C1,-62.72847151978574,0.2798117485211554,-0.5433593750000001,-62.99201914626459,41.36423575989287,0.2798117485211554,0.9716796875,200
Cc1cc(-c2ccc(-c3cc(C4CCCN4C(=O)C4CNN(C5CC(c6ncno6)CCN5)C4)co3)s2)co1,-58.79086241436883,0.3581982367014649,-0.5511718750000001,-58.98383605266737,39.395431207184416,0.3581982367014649,0.9755859375,200
Cc1ccc(C=Cc2cccc(C3CN(c4ccccc4)CCN3C3=NCCN3C(=O)c3ccccc3)c2)c(Cl)c1,-78.85342685005918,0.24239255276561059,-0.4730468750000001,-79.08408117229357,49.42671342502959,0.24239255276561059,0.9365234375,200
Cc1cc(-c2ccc(-c3ccc(C4CCCCN5C(=O)N(CC6CC6)NC45)s3)s2)co1,-37.93099343184095,0.49374767922619417,-0.5316406250000001,-37.96888637761476,28.965496715920477,0.49374767922619417,0.9658203125,200
Cc1cc(-c2cc(-c3ccc(C4C=CCC(C5=CCC(N6CCOCC6)NN5)C4)s3)on2)on1,-33.44155686354955,0.5189286282098942,-0.5492187500000001,-33.47184698533966,26.720778431774775,0.5189286282098942,0.974609375,200
Clc1ccccc1-c1cc(-c2cc(C34CC=CCC3N(NC3CC3)CC4)on2)on1,-28.785243670601872,0.5847332267408487,-0.5453125000000001,-28.745822943861025,24.392621835300936,0.5847332267408487,0.97265625,200
O=C(NC1CCCC1C(=O)N1CCc2ccccc2C1)C1=CC=C[SH]1c1cc(-c2ccc(C=Cc3ccccc3)s2)on1,-49.224273199507124,0.21776543415627939,-0.5277343750000001,-49.53424214035085,34.61213659975356,0.21776543415627939,0.9638671875,200
C1=CC(c2cc(-c3csc(Cc4ccco4)n3)co2)CC(C2NCCN3CCNC23)C1,-36.7097875150313,0.5926817746374033,-0.5531250000000001,-36.6702307403939,28.35489375751565,0.5926817746374033,0.9765625,200
O=C(c1ccccc1)N1CCN=C1N1CCN(c2ccccc2)CC1c1ccc(C=Cc2coc(-c3cccc(Cl)c3)c2)c(Cl)c1,-101.44134386608212,0.18496446400934552,-0.5101562500000001,-101.76653565207278,60.72067193304106,0.18496446400934552,0.955078125,200
O=C(NC1CCCC1C(=O)N1CCc2ccccc2C1)C1=CC=C[SH]1Cc1cc(-c2cc(-c3cccc(Cl)c3)on2)no1,-58.38367176906169,0.23263738980974982,-0.5394531250000001,-58.69048750425194,39.191835884530846,0.23263738980974982,0.9697265625,200
O=C(C1CCOC1)N1CCC(OC2NOC(C3CNCCN3)N2)CC1c1ccccc1C(c1ccccc1)c1ccco1,-102.44182292011173,0.3164583210015189,-0.5257812500000001,-102.65114584911021,61.220911460055866,0.3164583210015189,0.962890625,200
Cc1cc(-c2nc(-c3ccc([SH]4C(NC(=O)CC5(N6CC=CC6)CCOCC5)NNC4C4CCCCC4)s3)cs2)co1,-46.483080554378645,0.17927031426736717,-0.5609375000000001,-46.86474774011128,33.24154027718932,0.17927031426736717,0.98046875,200
Cc1ccc(-c2ccc(-c3ccc(C4C5CC(c6ccccc6)NN5CCCN4C(=O)CCS(=O)(=O)C4=CC=CC5NCCC5C4)s3)s2)cc1,-69.55445270895244,0.19428335261511126,-0.5433593750000001,-69.90352873133732,44.77722635447622,0.19428335261511126,0.9716796875,200
Clc1cc(-c2ccc(-c3cc(-c4ccoc4)no3)s2)ccc1C12CC=CCC1NCC2,-40.597029630172464,0.3435883117161663,-0.5550781250000001,-40.8085194434563,30.298514815086232,0.3435883117161663,0.9775390625,200
O=C(NC1=CCC2NC(=O)C3CCCN3C(=O)C2C1)C1=CCC(N2CNNN2)CC1c1ccc(-c2ccc(-c3ccccc3-c3ccoc3)cc2Cl)s1,-94.43775600735974,0.15915002859971325,-0.5570312500000001,-94.83563722876002,57.21887800367987,0.15915002859971325,0.978515625,200
Cc1coc(-c2ccc(-c3ccc(C4CC(OC5NOC(C6CNCCN6)N5)CCN4C(=O)C4CCOC4)s3)cc2Cl)c1,-65.97674104081871,0.3088922278715828,-0.5492187500000001,-66.21706756294712,42.988370520409354,0.3088922278715828,0.974609375,200
Cc1cc(-c2cc(C3N(C(=O)COc4ccccc4)CC(C4NCON4)C34CCOCC4)co2)ccc1-c1ccccc1,-80.9752444909147,0.29038785681700596,-0.5218750000000001,-81.2067316340977,50.48762224545735,0.29038785681700596,0.9609375,200
O=C(NC1CCCC1C(=O)N1CCc2ccccc2C1)C1=CC=C[SH]1c1ccc(Cc2cc(-c3nccs3)co2)s1,-39.09314681077663,0.23141880654352978,-0.5257812500000001,-39.3875092542331,29.546573405388315,0.23141880654352978,0.962890625,200
Cc1ccc(-c2cc(C3(C4CC4)CCCN3C(=O)C3CNN(C4CC(c5ncno5)CCN4)C3)on2)s1,-87.48023074035522,0.5026849882375481,-0.5472656250000001,-87.52481137711767,53.74011537017761,0.5026849882375481,0.9736328125,200
O=C(c1ccccc1)N1CCN=C1N1CCN(c2ccccc2)CC1c1cc(-c2ccc(Cc3ccccc3Cl)s2)co1,-109.41406415069423,0.19942018992839647,-0.4945312500000001,-109.70917521076584,64.70703207534712,0.19942018992839647,0.947265625,200
C#Cc1coc(-c2ccc(-c3cccc(C4C5CC(c6ccccc6)NN5CCCN4C(=O)CCS(=O)(=O)C4=CC=CC5NCCC5C4)c3)c(Cl)c2)c1,-78.30564581955606,0.1808684831133144,-0.5433593750000001,-78.66813671144274,49.15282290977803,0.1808684831133144,0.9716796875,200
Cc1csc(-c2csc(-c3cc(C4C=CCC(N5CCCC5)C4)on3)n2)n1,-51.38627319029899,0.5704737783586706,-0.5550781250000001,-51.37087753694033,35.6931365951495,0.5704737783586706,0.9775390625,200
Cc1cc(-c2cc(-c3nc(C4CCCC5NNC(=O)CC54)cs3)on2)co1,-33.028294334251406,0.7160353090027164,-0.5492187500000001,-32.861477775248694,26.514147167125703,0.7160353090027164,0.974609375,200
c1cc(-c2csc(-c3cc(-c4csc(C5C6CNCC5CNC6)n4)no3)n2)no1,-75.35197952848173,0.513279328835507,-0.5824218750000001,-75.42112207464622,47.67598976424087,0.513279328835507,0.9912109375,200
c1coc(-c2csc(Cc3ccc(C4C5CNCC4CNC5)s3)n2)c1,-41.18823416311342,0.736007951152542,-0.5570312500000001,-41.00925746196088,30.59411708155671,0.736007951152542,0.978515625,200
O=C1Nc2ccccc2OCC1CC(=O)N1CCN(C2CCCCN2)CC1c1cc(-c2ccc(Cc3ccco3)cc2Cl)no1,-78.75221516502808,0.27557489610782904,-0.5238281250000001,-79.00046839392024,49.37610758251404,0.27557489610782904,0.9619140625,200
O=C1CCCC1CCNC(=O)C1NC(c2ccccc2)N2C(c3cc(C=Cc4cc(C5CCCCC5)co4)co3)CCCCC12,-52.553428588868215,0.2562835816827654,-0.5414062500000001,-52.83855125718545,36.27671429443411,0.2562835816827654,0.970703125,200
Cc1coc(-c2cc(-c3ccc(C4CCCCN5C(=O)N(CC6CC6)NC45)s3)on2)c1,-28.82622246293481,0.5912988496569542,-0.5277343750000001,-28.762657988277855,24.413111231467404,0.5912988496569542,0.9638671875,200
O=C(NCC1CCCO1)C1CCN(C2CNC(N3CCNCC3)NC2)CC1c1ccc(-c2cc(Cc3ccco3)no2)cc1,-56.13146524269712,0.28912477812684173,-0.5394531250000001,-56.38179358957028,38.06573262134856,0.28912477812684173,0.9697265625,200
Cc1cc(-c2ccc(-c3ccc(C4C5CNCC4CNC5)s3)s2)on1,-45.14598989960932,0.7315846883916836,-0.5667968750000001,-44.981202086217635,32.57299494980466,0.7315846883916836,0.9833984375,200
O=C1N(CC2CC2)NC2C(c3csc(-c4ccc(-c5ccc(-c6ccoc6)s5)cc4)n3)CCCCN12,-42.385895841928885,0.2984299162641752,-0.5160156250000001,-42.60348155066471,31.192947920964443,0.2984299162641752,0.9580078125,200
Cc1cc(-c2ccc(-c3csc(C4CCCCN5C(=O)N(CC6CC6)NC45)n3)s2)no1,-33.925875050851054,0.5806308168035721,-0.5394531250000001,-33.884697359047486,26.962937525425527,0.5806308168035721,0.9697265625,200
O=C(C1CNN(C2CC(c3ncno3)CCN2)C1)N1CCCC1c1ccc(Cc2ccc(-c3ccoc3)s2)s1,-50.9929573971954,0.33513172704678046,-0.5511718750000001,-51.20899754514862,35.4964786985977,0.33513172704678046,0.9755859375,200
Cc1cc(-c2nc(C3(c4cscn4)C=CCC(CN4CCC(CCC5NC(C6CCOCC6)NO5)CC4)N3)cs2)no1,-40.0,0.30101457196845915,-0.5785156250000001,-40.27750105303154,30.0,0.30101457196845915,0.9892578125,200
Cc1ccc(-c2cc(-c3ccc(C4CC(N5CNNN5)CC=C4C(=O)NC4=CCC5NC(=O)C6CCCN6C(=O)C5C4)s3)co2)s1,-65.83705493549974,0.26956277207506224,-0.5609375000000001,-66.12842966342467,42.91852746774987,0.26956277207506224,0.98046875,200
C#Cc1cc(-c2cc(NC3C=CCC(CN4CCNc5ccccc54)C3)no2)ccn1,-57.175125526298956,0.47931515629248295,-0.5492187500000001,-57.24502912000647,38.58756276314948,0.47931515629248295,0.974609375,200
C=Cc1cc(C2COc3cc(-c4cc(C5CCCCN6C(=O)N(CC7CC7)NC56)co4)ccc3O2)co1,-30.596442562694072,0.45025730390123464,-0.5218750000000001,-30.66806025879284,25.298221281347036,0.45025730390123464,0.9609375,200
O=C1NC(c2ccccc2)NC2C1CCNC2c1ccc(-c2coc(C=CC3CC3)c2)s1,-68.09086218218096,0.5242959147474424,-0.5492187500000001,-68.11578501743351,44.04543109109048,0.5242959147474424,0.974609375,200
Cc1cc(-c2cc(-c3ccc(C4CNCCC4CN4CNNC4C4CCCN4C(=O)CC4CCNCC4)s3)on2)co1,-40.530983801686226,0.3105279137999142,-0.5433593750000001,-40.76381526288631,30.265491900843113,0.3105279137999142,0.9716796875,200
C1=CC(c2csc(-c3csc(-c4cc(-c5ccoc5)on4)n3)n2)CC(C2=CCC(N3CCOCC3)NN2)C1,-56.052613367326174,0.3120325476444396,-0.5687500000000001,-56.30933081968173,38.02630668366309,0.3120325476444396,0.984375,200
C#Cc1ccc(-c2ccc(C3N(C(=O)COc4ccccc4)CC(C4NCON4)C34CCOCC4)cc2)cc1C,-75.0789145920377,0.45375702199936135,-0.5296875000000001,-75.15484507003833,47.53945729601885,0.45375702199936135,0.96484375,200
O=C(CCN1CCCN1)N1CCCC1CCC1NCCN1CC1CC1c1cc(Cc2nc(-c3cscn3)cs2)no1,-40.794736614282655,0.3250213201620272,-0.5511718750000001,-41.02088716912063,30.397368307141328,0.3250213201620272,0.9755859375,200
C=CS1(c2ccc(-c3ccc(C)c(Cl)c3)s2)C=CC=C1C(=O)NC1CCCC1C(=O)N1CCc2ccccc2C1,-64.33267456923205,0.31739477510464464,-0.5335937500000001,-64.5488735441274,42.16633728461603,0.31739477510464464,0.966796875,200
Cc1nnc(-c2ccc(-c3cc(C4COCCN4C45NC(=O)NC(=O)C4NCC5=O)co3)c(Cl)c2)o1,-81.88228501560023,0.46745116792785607,-0.5648437500000001,-81.97967759767236,50.941142507800116,0.46745116792785607,0.982421875,200
Cc1cc(-c2cc(-c3ccc(C4CCCC5NNC(=O)CC54)cc3)on2)co1,-34.881690936048976,0.7154401777564946,-0.5394531250000001,-34.705703883292486,27.440845468024488,0.7154401777564946,0.9697265625,200
C=Cc1coc(-c2coc(-c3coc(C4COCCN4C45NC(=O)NC(=O)C4NCC5=O)c3)c2)c1,-65.76712656956627,0.5015864158365367,-0.5550781250000001,-65.82061827872973,42.883563284783136,0.5015864158365367,0.9775390625,200
Cc1csc(-c2cc(C3(NC4CC4)CC3CN3CCNC3CCC3CCCN3C(=O)CCN3CCCN3)ccn2)n1,-71.62968951164245,0.35435056813418664,-0.5453125000000001,-71.82065144350827,45.81484475582123,0.35435056813418664,0.97265625,200
O=C1Nc2ccccc2OCC1CC(=O)N1CCN(C2CCCCN2)CC1Cc1coc(-c2ccc(-c3ccco3)cc2)c1,-76.49870465451855,0.29566683719485226,-0.5003906250000001,-76.70342844232368,48.249352327259274,0.29566683719485226,0.9501953125,200
c1csc(-c2cc(-c3ccc(OC4C5CNCC4CNC5)s3)on2)c1,-44.124878167525594,0.7346937334882453,-0.5570312500000001,-43.94721568403735,32.0624390837628,0.7346937334882453,0.978515625,200
C1=CC(c2csc(-c3nc(-c4ccc(N5CCCCC5)cc4)cs3)n2)CC(C2=CCC(N3CCOCC3)NN2)C1,-38.0689245638319,0.34951892158705145,-0.5453125000000001,-38.26471814224485,29.03446228191595,0.34951892158705145,0.97265625,200
C=Cc1coc(-c2cccc(-c3cc(C4C(CC5NCNN5)CN4C(=O)Nc4ccccc4)co3)c2)c1,-88.77499712709718,0.273335086258049,-0.5433593750000001,-89.04502141583913,54.38749856354859,0.273335086258049,0.9716796875,200
Cc1cc(-c2nc(-c3ccc(C4C(NC(=O)CCC5CCCCC5)CCN4C4CC(N5CCOCC5)CNN4)s3)cs2)no1,-52.19418259112018,0.2998188989658459,-0.5394531250000001,-52.43381681715434,36.09709129556009,0.2998188989658459,0.9697265625,200
Cc1nc(-c2ccc(-c3nc(C4CC4CN4CCNC4CCC4CCCN4C(=O)CCN4CCCN4)cs3)s2)cs1,-39.93329625508679,0.31580825690492415,-0.5550781250000001,-40.172566123181866,29.966648127543394,0.31580825690492415,0.9775390625,200
C1=CC(Oc2cc(-c3nc(-c4ccon4)cs3)no2)CC(C2=CCC(N3CCOCC3)NN2)C1,-40.0,0.5082087447224072,-0.5765625000000001,-40.06835375527759,30.0,0.5082087447224072,0.98828125,200
O=C(CC1(N2CC=CC2)CCOCC1)NC1NNC(C2CCCCC2)[SH]1c1ccc(Cc2cc(-c3ccco3)on2)s1,-53.348483283568996,0.19412343889568567,-0.5550781250000001,-53.70943796967331,36.6742416417845,0.19412343889568567,0.9775390625,200
Cc1ccc(-c2ccc(-c3coc(C4CN(C5CCCCN5)CCN4C(=O)CC4COc5ccccc5NC4=O)c3)cc2)s1,-73.46657156438339,0.2663649194967349,-0.5140625000000001,-73.71426914488664,46.73328578219169,0.2663649194967349,0.95703125,200
C#Cc1coc(-c2cc(-c3cc(C4C5CNCC4CNC5)co3)no2)c1,-45.23802572120036,0.708262023232083,-0.5785156250000001,-45.10827932296828,32.61901286060018,0.708262023232083,0.9892578125,200
O=C1CCCC1CCNC(=O)C1NC(c2ccccc2)N2C(c3ccc(-c4cc(Cc5cccc(Cl)c5)co4)s3)CCCCC12,-55.39230729988306,0.19326196160259895,-0.5414062500000001,-55.74045158828046,37.69615364994153,0.19326196160259895,0.970703125,200
C=Cc1ccc(Cc2ccc(C3C(C4NC(Cc5ccccc5)NO4)CN3S(=O)(=O)c3ccccc3)cc2)cc1Cl,-78.89388252060893,0.2537999986761078,-0.5277343750000001,-79.16781689693282,49.44694126030446,0.2537999986761078,0.9638671875,200
O=C(CC1CCNCC1)N1CCCC1C1NNCN1CC1CCNCC1c1nc(-c2nc(Cc3ccco3)cs2)cs1,-51.330218000508026,0.2903892419169206,-0.5609375000000001,-51.60076625859111,35.66510900025401,0.2903892419169206,0.98046875,200
O=C(Nc1ccccc1)N1CC(CC2NCNN2)C1c1coc(-c2ccc(Cc3ccccc3)cc2)c1,-90.14535850411491,0.2875912800905795,-0.5199218750000001,-90.37768909902432,55.072679252057455,0.2875912800905795,0.9599609375,200
O=C(c1ccccc1)N1CCN=C1N1CCN(c2ccccc2)CC1Cc1ccc(C=Cc2cccc(Cl)c2)cc1Cl,-83.80751417888784,0.218128874317185,-0.4867187500000001,-84.07610405457065,51.90375708944392,0.218128874317185,0.943359375,200
O=C(C1CNN(C2CC(c3ncno3)CCN2)C1)N1CCCC1Cc1cc(-c2nc(-c3cccs3)cs2)on1,-69.71064596802321,0.34390532455288164,-0.5589843750000001,-69.92572501847033,44.85532298401161,0.34390532455288164,0.9794921875,200
C1=CCC2C(C1)CCN2c1cccc(-c2nc(-c3cc(-c4ccon4)on3)cs2)c1,-58.63841300535,0.39965000247669225,-0.5355468750000001,-58.774309877873314,39.319206502675,0.39965000247669225,0.9677734375,200
O=C(NCC1CCCO1)C1CCN(C2CNC(N3CCNCC3)NC2)CC1c1coc(-c2cccc(Cc3ccoc3)c2)c1,-57.01947805587882,0.2941422409036691,-0.5316406250000001,-57.256976439975155,38.50973902793941,0.2941422409036691,0.9658203125,200
CC1(c2cc(-c3cc(-c4ccon4)no3)no2)C=CCC(CN2CCC(CCC3NC(C4CCOCC4)NO3)CC2)N1,-38.1033561853358,0.3180887446836558,-0.5628906250000001,-38.34815806565214,29.0516780926679,0.3180887446836558,0.9814453125,200
O=C1NC(=O)C2NCC(=O)C2(N2CCOCC2c2ccc(-c3coc(-c4coc(-c5cccs5)c4)c3)s2)N1,-84.86181383134664,0.34511181169742355,-0.5472656250000001,-85.06396764464921,52.43090691567332,0.34511181169742355,0.9736328125,200
Cc1ccc(-c2cc(-c3cc(N4CCC5CC=CCC54)on3)on2)c(Cl)c1,-33.51635264103861,0.56019768954856,-0.5414062500000001,-33.49756120149005,26.758176320519304,0.56019768954856,0.970703125,200
O=S(=O)(c1ccccc1)N1CC(C2NC(Cc3ccccc3)NO2)C1c1coc(Cc2coc(C3CCCC3)c2)c1,-89.39835464941875,0.2728840893681575,-0.5472656250000001,-89.67273618505058,54.699177324709375,0.2728840893681575,0.9736328125,200
Cc1coc(-c2ccccc2-c2nc(C3CNCCC3CN3CNNC3C3CCCN3C(=O)CC3CCNCC3)cs2)c1,-68.92693630166283,0.30517706525012855,-0.5375000000000001,-69.1592592364127,44.46346815083142,0.30517706525012855,0.96875,200
O=C1CCCC1CCNC(=O)C1NC(c2ccccc2)N2C(c3ccc(Cc4ccc(-c5ccoc5)cc4Cl)s3)CCCCC12,-48.26419266350405,0.19326196160259895,-0.5375000000000001,-48.60843070190145,34.132096331752024,0.19326196160259895,0.96875,200
C=Cc1coc(CCNS(=O)(=O)C2CCCCC3C(C(=O)NCCC4CCCC4=O)NC(c4ccccc4)N32)c1,-112.89093272304171,0.3794723819390143,-0.5375000000000001,-113.0489603411027,66.44546636152086,0.3794723819390143,0.96875,200
O=C(CC1(N2CC=CC2)CCOCC1)NC1NNC(C2CCCCC2)[SH]1c1csc(Cc2ccc(-c3ccoc3)s2)n1,-54.43117626371358,0.18035933567005485,-0.5628906250000001,-54.81370755304353,37.21558813185679,0.18035933567005485,0.9814453125,200
C=Cc1ccc(Cc2ccc(C3C(C4NC(Cc5ccccc5)NO4)CN3S(=O)(=O)c3ccccc3)cc2)c(Cl)c1,-78.812954616285,0.2537999986761078,-0.5316406250000001,-79.09079524260889,49.4064773081425,0.2537999986761078,0.9658203125,200
Cc1csc(-c2nc(-c3ccc(C4CCCCN5C(=O)N(CC6CC6)NC45)s3)cs2)n1,-31.146847410177685,0.5299824125182904,-0.5472656250000001,-31.164130622659396,25.573423705088842,0.5299824125182904,0.9736328125,200
O=C1NC(c2ccccc2)NC2C1CCNC2c1coc(-c2cc(-c3ccc(C4CCCO4)cc3)co2)c1,-64.49852069711044,0.32951290808270717,-0.5355468750000001,-64.70455466402773,42.24926034855522,0.32951290808270717,0.9677734375,200
Cc1cc(-c2ccc(-c3ccc(C4C5CNCC4CNC5)s3)s2)on1,-45.14598989960932,0.7315846883916836,-0.5667968750000001,-44.981202086217635,32.57299494980466,0.7315846883916836,0.9833984375,200
SC1(c2csc(-c3csc(-c4nccs4)n3)n2)C=CCC(C2=CCC(N3CCOCC3)NN2)C1,-39.86651818838306,0.33078792493043435,-0.5824218750000001,-40.11815213845263,29.93325909419153,0.33078792493043435,0.9912109375,200
C=Cc1cccc(-c2ccc(CC3CN(c4ccccc4)CCN3C3=NCCN3C(=O)c3ccccc3)s2)c1,-80.11992808627062,0.2924473227126184,-0.5082031250000001,-80.335683888558,50.05996404313531,0.2924473227126184,0.9541015625,200
O=C(CCC1CCCCC1)NC1CCN(C2CC(N3CCOCC3)CNN2)C1c1cc(-c2nnc(-c3coc(C4CCCCC4)c3)o2)co1,-54.16198487095663,0.2424581004752766,-0.5472656250000001,-54.466792395481356,37.080992435478315,0.2424581004752766,0.9736328125,200
O=C(CC1CCNCC1)N1CCCC1C1NNCN1CC1CCNCC1c1ccc(Cc2nc(-c3cscn3)cs2)s1,-45.115282384398824,0.28583884980401125,-0.5394531250000001,-45.36889665959482,32.55764119219941,0.28583884980401125,0.9697265625,200
O=C(C1CCOC1)N1CCC(OC2NOC(C3CNCCN3)N2)CC1c1ccc(-c2ccc(Cc3ccco3)s2)s1,-58.153694730319685,0.31077392225489975,-0.5511718750000001,-58.394092683064784,39.07684736515984,0.31077392225489975,0.9755859375,200
C=Cc1ccc(-c2ccc(C3N(C(=O)COc4ccccc4)CC(C4NCON4)C34CCOCC4)cc2-c2cccc(Cl)c2)cc1,-102.5724275683565,0.21524354406001517,-0.5101562500000001,-102.86734027429648,61.28621378417825,0.21524354406001517,0.955078125,200
O=C(CCN1CCCN1)N1CCCC1CCC1NCCN1CC1CC1c1cc(-c2ccc(Cc3ccon3)s2)no1,-42.41794613730894,0.33261790384119644,-0.5238281250000001,-42.60915635846774,31.20897306865447,0.33261790384119644,0.9619140625,200
O=C(NC1CCCC1C(=O)N1CCc2ccccc2C1)C1=CC=C[SH]1c1coc(-c2csc(Cc3cccc(Cl)c3)n2)c1,-45.54387843269576,0.2106237916387015,-0.5375000000000001,-45.87075464105706,32.77193921634788,0.2106237916387015,0.96875,200
O=C(CCS(=O)(=O)C1=CC=CC2NCCC2C1)N1CCCN2NC(c3ccccc3)CC2C1Cc1ccc(-c2ccc(-c3ccccc3Cl)cc2)cc1Cl,-76.82974749528164,0.17767993602656906,-0.5394531250000001,-77.19152068425507,48.41487374764082,0.17767993602656906,0.9697265625,200
Cc1ccc(Cc2ccc(C3CN(c4ccccc4)CCN3C3=NCCN3C(=O)c3ccccc3)s2)c(Cl)c1,-72.30384607371461,0.2762436406286645,-0.4632812500000001,-72.49088368308594,46.151923036857305,0.2762436406286645,0.931640625,200
Cc1cc(-c2ccc(-c3ccc(C4CC(OC5NOC(C6CNCCN6)N5)CCN4C(=O)C4CCOC4)c(Cl)c3)s2)co1,-61.387959797503214,0.3088922278715828,-0.5414062500000001,-61.620473819631634,40.69397989875161,0.3088922278715828,0.970703125,200
Cc1nc(-c2cc(-c3cc([SH]4C(NC(=O)CC5(N6CC=CC6)CCOCC5)NNC4C4CCCCC4)co3)co2)cs1,-42.76941930590086,0.1940636232058987,-0.5667968750000001,-43.14215255769496,31.38470965295043,0.1940636232058987,0.9833984375,200
C=Cc1cc(-c2coc(-c3ccc(C4COCCN4C45NC(=O)NC(=O)C4NCC5=O)cc3)c2)co1,-63.809307359027855,0.4996094958567023,-0.5531250000000001,-63.862822863171154,41.90465367951393,0.4996094958567023,0.9765625,200
c1csc(-c2cc(Cc3cc(C4NCCCC4CN4CNC5CCCNC54)no3)co2)n1,-37.619441163551734,0.5237355595456218,-0.5628906250000001,-37.658596229006115,28.809720581775867,0.5237355595456218,0.9814453125,200
Cc1cc(-c2cc(-c3ccc(C4NCCCC4CN4CNC5CCCNC54)s3)on2)co1,-29.315312023751808,0.5397898024292755,-0.5433593750000001,-29.318881596322534,24.657656011875904,0.5397898024292755,0.9716796875,200
c1cc(-c2cc(Cc3ccc(C4C5CNCC4CNC5)s3)co2)on1,-44.0,0.7528762158407595,-0.5648437500000001,-43.811967534159244,32.0,0.7528762158407595,0.982421875,200
C=Cc1coc(-c2ccc(CC3CN(c4ccccc4)CCN3C3=NCCN3C(=O)c3ccccc3)c(Cl)c2)c1,-78.32598842625484,0.27530039987588995,-0.4984375000000001,-78.54912552637894,49.16299421312742,0.27530039987588995,0.94921875,200
Cc1ccc(-c2cc(-c3cc(C4CCCCN5C(=O)N(CC6CC6)NC45)on3)ccn2)s1,-40.36555309114628,0.5920315089938596,-0.5335937500000001,-40.30711533215242,30.18277654557314,0.5920315089938596,0.966796875,200
C#Cc1ccc(-c2cc(C3(C)CCCCC4C(C(=O)NCCC5CCCC5=O)NC(c5ccccc5)N43)co2)c(Cl)c1,-38.48076606885378,0.3070809570141073,-0.5355468750000001,-38.709231986839676,29.24038303442689,0.3070809570141073,0.9677734375,200
O=C(CC1CCNCC1)N1CCCC1C1NNCN1CC1CCNCC1c1ccc(-c2nc(Cc3ccoc3)cs2)s1,-42.0966987850401,0.2909230325774498,-0.5511718750000001,-42.356947627462645,31.04834939252005,0.2909230325774498,0.9755859375,200
COCc1ccc(-c2ccc(C=CC3C4CC(c5ccccc5)NN4CCCN3C(=O)CCS(=O)(=O)C3=CC=CC4NCCC4C3)cc2Cl)cc1,-64.35638683585256,0.24007211126420608,-0.5414062500000001,-64.65772097458834,42.17819341792628,0.24007211126420608,0.970703125,200
O=C(CCN1CCCN1)N1CCCC1CCC1NCCN1CC1CC1c1cc(-c2ccc(-c3coc(-c4ccco4)c3)s2)no1,-53.91887445030531,0.20622908089202366,-0.5316406250000001,-54.24428599441329,36.959437225152655,0.20622908089202366,0.9658203125,200
C=Cc1ccc(-c2cc(-c3coc(C4CCCC5NNC(=O)CC54)c3)no2)s1,-32.421369688324624,0.6756827886397213,-0.5414062500000001,-32.2870931496849,26.210684844162312,0.6756827886397213,0.970703125,200
Cc1ccc(-c2ccc(-c3ccc([SH]4C(NC(=O)CC5(N6CC=CC6)CCOCC5)NNC4C4CCCCC4)cc3)s2)s1,-45.60487786742691,0.15792281680985015,-0.5394531250000001,-45.98640817561706,32.802438933713454,0.15792281680985015,0.9697265625,200
C=Cc1cccc(-c2cccc(C3(C=C)N(C(=O)COc4ccccc4)CC(C4NCON4)C34CCOCC4)c2)c1,-88.81176406988355,0.37894564954801324,-0.5121093750000001,-88.94492779533553,54.405882034941776,0.37894564954801324,0.9560546875,200
O=C(COc1ccccc1)N1CC(C2NCON2)C2(CCOCC2)C1c1ccc(Cc2cccc(Cl)c2)cc1-c1ccccc1Cl,-109.81525334104617,0.2119263854166935,-0.4867187500000001,-110.09004570562948,64.90762667052309,0.2119263854166935,0.943359375,200
O=C(CCC1CCCCC1)NC1CCN(C2CC(N3CCOCC3)CNN2)C1c1coc(-c2ccc(Cc3ccoc3)s2)c1,-37.09640969448079,0.2806216726651008,-0.5082031250000001,-37.32399114681569,28.548204847240395,0.2806216726651008,0.9541015625,200
Cc1coc(-c2ccc(-c3cc(C4CCCC5NNC(=O)CC54)no3)s2)c1,-35.96427431853289,0.7067449271982955,-0.5589843750000001,-35.816513766334594,27.982137159266443,0.7067449271982955,0.9794921875,200
O=C(CCN1CCCN1)N1CCCC1CCC1NCCN1CC1CC1Cc1csc(-c2cc(-c3ccoc3)on2)n1,-44.124878167525594,0.3313489616587711,-0.5570312500000001,-44.35056045586683,32.0624390837628,0.3313489616587711,0.978515625,200
C1=CC(c2csc(-c3nnc(-c4ccco4)o3)n2)(c2cccs2)NC(CN2CCC(CCC3NC(C4CCOCC4)NO3)CC2)C1,-67.56711711595854,0.18989083412204924,-0.5667968750000001,-67.94402315683648,43.78355855797927,0.18989083412204924,0.9833984375,200
O=C1Nc2ccccc2OCC1CC(=O)N1CCN(C2CCCCN2)CC1c1ccc(-c2ccc(C=Cc3cccc(Cl)c3)cc2Cl)c(Cl)c1,-82.60604270704528,0.18621773752592571,-0.5257812500000001,-82.94560621951935,51.30302135352264,0.18621773752592571,0.962890625,200
CC(Oc1ccccc1)C(=O)c1coc(-c2coc([SH]3C=CC=C3C(=O)NC3CCCC3C(=O)N3CCc4ccccc4C3)c2)c1,-58.587530817554,0.1543088488116442,-0.5238281250000001,-58.95705009374235,39.293765408777,0.1543088488116442,0.9619140625,200
C=Cc1csc(-c2cc(-c3cccc(C4C=CCC(CN5CCNc6ccccc65)C4)c3)co2)n1,-51.49825172687791,0.28779573123733526,-0.5414062500000001,-51.751862245640574,35.749125863438955,0.28779573123733526,0.970703125,200
Cc1coc(-c2nc(-c3cc(C4NCCCC4CN4CNC5CCCNC54)on3)cs2)c1,-38.71967302361279,0.5407299388214426,-0.5570312500000001,-38.73597433479135,29.359836511806396,0.5407299388214426,0.978515625,200
C1=CC(c2cc(-c3csc(-c4cc(-c5cscn5)on4)n3)co2)CC(N2CCCC2)C1,-73.50935782048768,0.3433226239872818,-0.5492187500000001,-73.7152539465004,46.75467891024384,0.3433226239872818,0.974609375,200
Cc1ccccc1-c1ccc(-c2ccc(C3CC(OC4NOC(C5CNCCN5)N4)CCN3C(=O)C3CCOC3)s2)s1,-61.68231142664855,0.321267792416398,-0.5453125000000001,-61.906356134232155,40.84115571332428,0.321267792416398,0.97265625,200
c1coc(-c2cc(C3(Cc4cccs4)NCCCC3CN3CNC4CCCNC43)no2)c1,-46.332495807108,0.5281137656984778,-0.5570312500000001,-46.36141329140953,33.166247903554,0.5281137656984778,0.978515625,200
O=C(CCN1CCCN1)N1CCCC1CCC1NCCN1CC1CC1c1nc(-c2cc(-c3cc(-c4nccs4)co3)co2)cs1,-54.56540752922899,0.2066352996095395,-0.5472656250000001,-54.906037854619456,37.282703764614496,0.2066352996095395,0.9736328125,200
Clc1cccc(-c2ccc(-c3nnc(-c4ccc(N5CCC6CC=CCC65)s4)o3)cc2Cl)c1,-66.62563131083085,0.2698445251548075,-0.5472656250000001,-66.90305241067604,43.31281565541543,0.2698445251548075,0.9736328125,200
O=C(CC1(N2CC=CC2)CCOCC1)NC1NNC(C2CCCCC2)[SH]1c1cc(-c2cc(Cc3ccno3)co2)co1,-44.77653896280658,0.20620686339239064,-0.5609375000000001,-45.131269599414196,32.38826948140329,0.20620686339239064,0.98046875,200
C=Cc1coc(-c2ccc(-c3ccc(C4COCCN4C45NC(=O)NC(=O)C4NCC5=O)c(Cl)c3)c(Cl)c2)c1,-84.1345283755585,0.42725518412365265,-0.5511718750000001,-84.25844506643485,52.06726418777925,0.42725518412365265,0.9755859375,200
Cc1nc(NC(=S)c2cc(C3CCCCC4C(C(=O)NCCC5CCCC5=O)NC(c5ccccc5)N34)co2)cs1,-63.30666239863412,0.2886575413579267,-0.5531250000000001,-63.57112985727619,41.65333119931706,0.2886575413579267,0.9765625,200
O=C(CCN1CCCN1)N1CCCC1CCC1NCCN1CC1CC1c1cc(-c2ccc(-c3cc(-c4ccon4)on3)s2)on1,-58.9430174239622,0.2303435741982537,-0.5433593750000001,-59.256033224763954,39.4715087119811,0.2303435741982537,0.9716796875,200
O=C1Nc2ccccc2OCC1CC(=O)N1CCN(C2CCCCN2)CC1c1ccc(C2CCCC2c2ccc(-c3ccoc3)cc2Cl)cc1,-73.25234581499814,0.20438606248193464,-0.5160156250000001,-73.5639753775162,46.62617290749907,0.20438606248193464,0.9580078125,200
C1=CC(c2cc(-c3cc(Cc4ccno4)no3)ccn2)NC(CN2CCC(CCC3NC(C4CCOCC4)NO3)CC2)C1,-42.545983084447556,0.297838873906327,-0.5628906250000001,-42.81103483554123,31.272991542223778,0.297838873906327,0.9814453125,200
O=C1CC2C(CCCC2c2nnc(-c3cc(Cc4ccno4)co3)o2)NN1,-39.430631832414505,0.7180975376210411,-0.5609375000000001,-39.273471794793466,29.715315916207253,0.7180975376210411,0.98046875,200
O=C1NC(=O)C2NCC(=O)C2(N2CCOCC2c2cccc(-c3ccc(-c4ccc(-c5cccs5)c(Cl)c4)s3)c2)N1,-100.53215338655491,0.2992756883102941,-0.5492187500000001,-100.78209644824462,60.266076693277455,0.2992756883102941,0.974609375,200
Cc1ccc(-c2ccc(-c3cc(C4CCCCN5C(=O)N(CC6CC6)NC45)on3)s2)s1,-34.405882034941776,0.5382705240947127,-0.5257812500000001,-34.393392760847064,27.202941017470888,0.5382705240947127,0.962890625,200
Cc1ccc(-c2cc(-c3ccc([SH]4C(NC(=O)CC5(N6CC=CC6)CCOCC5)NNC4C4CCCCC4)s3)on2)s1,-47.79380502671317,0.17927031426736717,-0.5472656250000001,-48.161800337445804,33.896902513356586,0.17927031426736717,0.9736328125,200
C=Cc1cc(-c2ccc(-c3ccc(C4COCCN4C45NC(=O)NC(=O)C4NCC5=O)c(Cl)c3)s2)co1,-66.32496741962895,0.45600868127275684,-0.5492187500000001,-66.41817748835618,43.162483709814474,0.45600868127275684,0.974609375,200
O=C1Nc2ccccc2OCC1CC(=O)N1CCN(C2CCCCN2)CC1(Cc1ccco1)c1ccc(NC2CC2)c(Cl)c1,-93.54294341789806,0.3185091880474906,-0.5101562500000001,-93.73459047985057,56.77147170894903,0.3185091880474906,0.955078125,200
C=Cc1ccc(-c2ccc(C3(C)CCCC34C(C(=O)NCC3CCCN3)c3ccccc3C(=O)N4C3C=CC=CC3)cc2Cl)cc1Cl,-46.12110101926616,0.2661119940801204,-0.5140625000000001,-46.369051525186045,33.06055050963308,0.2661119940801204,0.95703125,200
C1=CCC2C(C1)CCN2c1ccc(-c2cc(-c3csc(-c4ccno4)n3)no2)s1,-55.86830695356264,0.3915023548304981,-0.5589843750000001,-56.03578897373214,37.93415347678132,0.3915023548304981,0.9794921875,200
O=C(COc1ccccc1)N1CC(C2NCON2)C2(CCOCC2)C1c1ccc(-c2ccc(Cc3cccs3)cc2Cl)cc1Cl,-78.10198774744578,0.20965483594545706,-0.5277343750000001,-78.42006728650031,49.05099387372289,0.20965483594545706,0.9638671875,200
O=C(CC1CCNCC1)N1CCCC1C1NNCN1CC1CCNCC1c1ccc(-c2ccc(Cc3cscn3)s2)s1,-45.84831053261732,0.2825136639434388,-0.5472656250000001,-46.11306249367388,32.92415526630866,0.2825136639434388,0.9736328125,200
C=Cc1ccc(-c2cc(-c3ccc(C4COCCN4C45NC(=O)NC(=O)C4NCC5=O)s3)no2)cc1,-68.67919710958145,0.4818160978563033,-0.5414062500000001,-68.73878726172514,44.339598554790726,0.4818160978563033,0.970703125,200
C=Cc1ccc(C2(c3coc(N4CCCC4)c3)CCCCC3C(C(=O)NCCC4CCCC4=O)NC(c4ccccc4)N32)cc1,-48.26419266350405,0.2875049994944414,-0.5121093750000001,-48.488797039009604,34.132096331752024,0.2875049994944414,0.9560546875,200
O=C(C1CCOC1)N1CCC(OC2NOC(C3CNCCN3)N2)CC1Cc1coc(-c2ccc(-c3cccs3)cc2)c1,-66.7179335547152,0.31358986108835135,-0.5355468750000001,-66.93989056862685,43.3589667773576,0.31358986108835135,0.9677734375,200
O=C(C1CNN(C2CC(c3ncno3)CCN2)C1)N1CCCC1c1ccc(-c2cccc(Cc3ccno3)c2)s1,-65.86035173466273,0.34730964320335783,-0.5394531250000001,-66.05249521645936,42.930175867331364,0.34730964320335783,0.9697265625,200
O=C1NC(c2ccccc2)NC2C1CCNC2c1cccc(Cc2cc(-c3cccc(Cl)c3)no2)c1,-64.5931439302264,0.35973673320480687,-0.5355468750000001,-64.76895407202159,42.2965719651132,0.35973673320480687,0.9677734375,200
Cc1cc(-c2cc(-c3cc([SH]4C(NC(=O)CC5(N6CC=CC6)CCOCC5)NNC4C4CCCCC4)co3)on2)co1,-47.79380502671317,0.20870171491908807,-0.5589843750000001,-48.14408768679409,33.896902513356586,0.20870171491908807,0.9794921875,200
Cc1ccc(-c2ccc(-c3csc(C4NCCCC4CN4CNC5CCCNC54)n3)s2)s1,-30.91168824543142,0.48042925448420454,-0.5433593750000001,-30.97461836594722,25.45584412271571,0.48042925448420454,0.9716796875,200
Cc1cc(-c2cc(-c3ccc(C4C(NC(=O)CCC5CCCCC5)CCN4C4CC(N5CCOCC5)CNN4)s3)on2)on1,-49.94283380018284,0.3146356199970071,-0.5472656250000001,-50.175463805185835,34.97141690009142,0.3146356199970071,0.9736328125,200
O=C(CC1CCNCC1)N1CCCC1C1NNCN1CC1CCNCC1c1csc(-c2ccc(Cc3ccoc3)s2)n1,-47.40919818541087,0.2909230325774498,-0.5550781250000001,-47.67335327783342,33.704599092705436,0.2909230325774498,0.9775390625,200
O=C1NC(c2ccccc2)NC2C1CCNC2c1ccc(-c2ccc(Cc3ccccc3Cl)s2)s1,-64.42748367682174,0.2958655721685608,-0.5394531250000001,-64.67107122965317,42.21374183841087,0.2958655721685608,0.9697265625,200
C=Cc1ccc(C=Cc2ccc(C3CCCC34C(C(=O)NCC3CCCN3)c3ccccc3C(=O)N4C3C=CC=CC3)cc2)c(Cl)c1,-44.40496875241847,0.24363125180238843,-0.5238281250000001,-44.68516562561608,32.202484376209235,0.24363125180238843,0.9619140625,200
C=Cc1ccc(C2(c3ccc(C4CC4)s3)C3CC(c4ccccc4)NN3CCCN2C(=O)CCS(=O)(=O)C2=CC=CC3NCCC3C2)cc1,-71.86947262284681,0.2599813998811429,-0.5296875000000001,-72.13917872296567,45.93473631142341,0.2599813998811429,0.96484375,200
C=CC(c1ccccc1)c1cc(-c2ccc(C3CCCCC4C(C(=O)NCCC5CCCC5=O)NC(c5ccccc5)N34)cc2Cl)no1,-59.6994353806851,0.16676414380538757,-0.5355468750000001,-60.068218111879716,39.84971769034255,0.16676414380538757,0.9677734375,200
Cc1cc(-c2csc(-c3ccc(C4NCCCC4CN4CNC5CCCNC54)s3)n2)no1,-35.78530272392541,0.5232357185587286,-0.5628906250000001,-35.82495763036668,27.892651361962706,0.5232357185587286,0.9814453125,200
C=Cc1cc(C=CC2CCCCC3C(C(=O)NCCC4CCCC4=O)NC(c4ccccc4)N23)ccc1-c1ccc2c(c1)CC[NH2+]C2,-43.02380502635492,0.28026240198437347,-0.5375000000000001,-43.28104262437055,31.51190251317746,0.28026240198437347,0.96875,200
O=C(NC1=CCC2NC(=O)C3CCCN3C(=O)C2C1)C1=CCC(N2CNNN2)CC1c1ccc(Cc2ccc(-c3cccs3)c(Cl)c2)s1,-65.39320816083678,0.24475067945360734,-0.5628906250000001,-65.71134810638317,42.69660408041839,0.24475067945360734,0.9814453125,200
CC1(c2ccc(-c3coc(C4CC4)c3)s2)NCCC2C(=O)NC(c3ccccc3)NC21,-62.82511696339462,0.566933284244217,-0.5414062500000001,-62.79958992915041,41.41255848169731,0.566933284244217,0.970703125,200
Cc1cc(-c2nc(-c3coc(C4NCCCC4CN4CNC5CCCNC54)c3)cs2)no1,-35.78530272392541,0.5407299388214426,-0.5531250000000001,-35.79769778510397,27.892651361962706,0.5407299388214426,0.9765625,200
O=C(CC1(N2CC=CC2)CCOCC1)NC1NNC(C2CCCCC2)[SH]1c1cc(-c2ccc(Cc3cccs3)s2)co1,-44.34283176858165,0.166334521536273,-0.5453125000000001,-44.72180974704538,32.17141588429082,0.166334521536273,0.97265625,200
C=Cc1ccc(-c2nc(-c3cc(C4C=CCC(N5CCCC5)C4)no3)cs2)cc1,-49.9714227381436,0.48960593870937513,-0.5257812500000001,-50.00759804943423,34.9857113690718,0.48960593870937513,0.962890625,200
O=C(NC1=CCC2NC(=O)C3CCCN3C(=O)C2C1)C1=CCC(N2CNNN2)CC1c1ccc(-c2cc(Cc3ccccc3Cl)co2)c(Cl)c1,-75.39392014169457,0.23812042463430313,-0.5335937500000001,-75.68939346706026,47.69696007084728,0.23812042463430313,0.966796875,200
C=Cc1coc(-c2ccccc2-c2ccc(C3COCCN3C34NC(=O)NC(=O)C3NCC4=O)cc2)c1,-90.54410884348383,0.49584960956422175,-0.5414062500000001,-90.5896654839196,55.27205442174191,0.49584960956422175,0.970703125,200
Cc1ccc(-c2cc(-c3cc(C4C=CCC(C5=CCC(N6CCOCC6)NN5)C4)on3)on2)s1,-33.59104402789705,0.5189286282098938,-0.5570312500000001,-33.62914664968716,26.795522013948524,0.5189286282098938,0.978515625,200
Cc1cc(-c2cc(-c3nc(C4CCCC5NNC(=O)CC54)cs3)no2)co1,-33.777318638995006,0.7160353090027164,-0.5531250000000001,-33.614408329992294,26.888659319497503,0.7160353090027164,0.9765625,200
O=C(COc1ccccc1)N1CC(C2NCON2)C2(CCOCC2)C1(c1ccccc1Cl)c1ccc(Cc2ccco2)cc1Cl,-116.55768012089251,0.23681644048517075,-0.5101562500000001,-116.83101993040734,68.27884006044626,0.23681644048517075,0.955078125,200
C1=CC(c2cc(C3CC3)no2)(c2ccc(-c3ccco3)s2)NC(CN2CCC(CCC3NC(C4CCOCC4)NO3)CC2)C1,-35.42562584220407,0.24597224539691304,-0.5492187500000001,-35.72887234680716,27.712812921102035,0.24597224539691304,0.974609375,200
c1nc(Cc2ccc(-c3cc(C4NCCCC4CN4CNC5CCCNC54)on3)s2)cs1,-36.78027826631356,0.5094032644076615,-0.5609375000000001,-36.8318125019059,28.39013913315678,0.5094032644076615,0.98046875,200
Clc1cc(-c2ccno2)ccc1-c1nc(-c2nc(C3C=CCC(N4CCCC4)C3)cs2)cs1,-54.56540752922899,0.27580940081969585,-0.5394531250000001,-54.8290512534093,37.282703764614496,0.27580940081969585,0.9697265625,200
O=C(NC1CCCC1C(=O)N1CCc2ccccc2C1)C1=CC=C[SH]1c1ccc(C=Cc2cccc(-c3ccno3)c2)s1,-46.63332499583073,0.21776543415627939,-0.5277343750000001,-46.94329393667446,33.31666249791537,0.21776543415627939,0.9638671875,200
O=S(=O)(c1ccccc1)N1CC(C2NC(Cc3ccccc3)NO2)C1c1cccc(C=CCc2cccs2)c1,-86.62082348209472,0.28904662616638865,-0.5375000000000001,-86.86927685592833,53.31041174104736,0.28904662616638865,0.96875,200
O=C(C1CCOC1)N1CCC(OC2NOC(C3CNCCN3)N2)CC1c1coc(-c2ccc(Cc3ccon3)s2)c1,-61.26499861564018,0.3095358535610813,-0.5550781250000001,-61.5105408870791,40.63249930782009,0.3095358535610813,0.9775390625,200
O=C(COc1ccccc1)N1CC(C2NCON2)C2(CCOCC2)C1c1cccc(-c2ccc(C=Cc3ccco3)cc2Cl)c1,-75.60334722173695,0.22957999308350993,-0.5160156250000001,-75.88978285365344,47.80167361086848,0.22957999308350993,0.9580078125,200
O=C(CC1(N2CC=CC2)CCOCC1)NC1NNC(C2CCCCC2)[SH]1c1ccc(-c2ccc(Cc3cscn3)s2)cc1,-45.665820637528014,0.1692024649753478,-0.5394531250000001,-46.03607129755267,32.83291031876401,0.1692024649753478,0.9697265625,200
O=C1CCCC1CCNC(=O)C1NC(c2ccccc2)N2C(c3coc(-c4ccc(Cc5ccccc5Cl)s4)c3)CCCCC12,-56.026311234992846,0.19326196160259895,-0.5375000000000001,-56.370549273390246,38.01315561749642,0.19326196160259895,0.96875,200
O=C1Nc2ccccc2OCC1CC(=O)N1CCN(C2CCCCN2)CC1Cc1cc(-c2ccc(-c3cccc(Cl)c3)c(Cl)c2)no1,-81.03464752252071,0.23080539064219444,-0.5199218750000001,-81.32376400687852,50.51732376126036,0.23080539064219444,0.9599609375,200
C=Cc1ccc(-c2ccc(CC3C(C4NC(Cc5ccccc5)NO4)CN3S(=O)(=O)c3ccccc3)cc2Cl)cc1Cl,-81.78408519999579,0.22212440248642584,-0.5453125000000001,-82.10727329750935,50.89204259999789,0.22212440248642584,0.97265625,200
O=C(C1CCOC1)N1CCCC(CCCN2CCCO2)C1c1ccc(Cc2ccc(-c3cscn3)s2)s1,-48.731361109758325,0.31097903596401,-0.5316406250000001,-48.952022698794316,34.36568055487916,0.31097903596401,0.9658203125,200
C1=CC(c2cc(-c3cc(-c4coc(-c5ccncc5)c4)no3)on2)NC(CN2CCC(CCC3NC(C4CCOCC4)NO3)CC2)C1,-53.53910524340094,0.19380663240490936,-0.5570312500000001,-53.90232986099603,36.76955262170047,0.19380663240490936,0.978515625,200
Cc1coc(-c2ccc(-c3ccc(C4CCCN4C(=O)C4CNN(C5CC(c6ncno6)CCN5)C4)c(Cl)c3)s2)c1,-61.067872798044974,0.2978789215707347,-0.5511718750000001,-61.32116575147424,40.53393639902249,0.2978789215707347,0.9755859375,200
C=CC=Cc1ccc(-c2cccc(C3CN(C4CCCCN4)CCN3C(=O)CC3COc4ccccc4NC3=O)c2)c(Cl)c1,-79.83987179478947,0.2977346335245362,-0.5121093750000001,-80.05424653626493,49.91993589739474,0.2977346335245362,0.9560546875,200
O=C1Nc2ccccc2OCC1CC(=O)N1CCN(C2CCCCN2)CC1(Cc1cccc(Cl)c1)c1ccc(-c2ccoc2)cc1,-82.70345661174214,0.24646511691584072,-0.4847656250000001,-82.94175711982629,51.35172830587107,0.24646511691584072,0.9423828125,200
Clc1ccccc1-c1cc(-c2nc(-c3cc(N4CCC5CC=CCC54)no3)cs2)on1,-57.097341069585525,0.3387767027949969,-0.5492187500000001,-57.30778311679053,38.54867053479276,0.3387767027949969,0.974609375,200
O=C(CCS(=O)(=O)C1=CC=CC2NCCC2C1)N1CCCN2NC(c3ccccc3)CC2C1c1ccc(Cc2ccc(-c3ccco3)s2)s1,-72.30384607371461,0.19533648849134325,-0.5394531250000001,-72.64796271022325,46.151923036857305,0.19533648849134325,0.9697265625,200
O=C1Nc2ccccc2OCC1CC(=O)N1CCN(C2CCCCN2)CC1c1ccc(-c2nnc(Cc3ccco3)o2)s1,-79.13626985114983,0.31839440375181854,-0.5375000000000001,-79.355375447398,49.56813492557492,0.31839440375181854,0.96875,200
O=C1N(CC2CC2)NC2C(c3ccc(-c4csc(Cc5ccccc5Cl)n4)s3)CCCCN12,-33.81449618829484,0.4297278787477435,-0.5296875000000001,-33.9144558095471,26.90724809414742,0.4297278787477435,0.96484375,200
Cc1cc(-c2csc(-c3csc(C4C=CCC(N5CCCC5)C4)n3)n2)on1,-51.27411872482185,0.5704737783586706,-0.5570312500000001,-51.26067619646318,35.63705936241092,0.5704737783586706,0.978515625,200
Cc1ccc(-c2cc(C3C4CC(c5ccccc5)NN4CCCN3C(=O)CCS(=O)(=O)C3=CC=CC4NCCC4C3)co2)c(-c2ccco2)c1,-74.31860898041276,0.20934720109277835,-0.5511718750000001,-74.66043365431997,47.15930449020638,0.20934720109277835,0.9755859375,200
O=C1N(CC2CC2)NC2C(N3CCCC(c4cc(-c5coc(-c6ccoc6)c5)co4)C3)CCCCN12,-50.142711667000725,0.49095907933128496,-0.5394531250000001,-50.19120571266944,35.07135583350036,0.49095907933128496,0.9697265625,200
O=C(CC1(N2CC=CC2)CCOCC1)NC1NNC(C2CCCCC2)[SH]1c1ccc(-c2ccc(-c3csc(C4CC4)n3)s2)s1,-42.76941930590086,0.14441695637350874,-0.5355468750000001,-43.16054922452735,31.38470965295043,0.14441695637350874,0.9677734375,200
Cc1ccc(-c2cc(-c3cc(C4CCCCN5C(=O)N(CC6CC6)NC45)on3)on2)s1,-32.421369688324624,0.6245137305068784,-0.5414062500000001,-32.33826220781775,26.210684844162312,0.6245137305068784,0.970703125,200
Cc1csc(-c2ccc(-c3ccc(C4CC(OC5NOC(C6CNCCN6)N5)CCN4C(=O)C4CCOC4)s3)s2)n1,-60.969129919988646,0.3181362176978741,-0.5511718750000001,-61.20216557729077,40.48456495999432,0.3181362176978741,0.9755859375,200
C1=CCC2(c3nccs3)CCN(c3cc(-c4cc(C5CC5)no4)no3)C2C1,-93.19010557464817,0.6195713446509716,-0.5667968750000001,-93.13733110499719,56.595052787324086,0.6195713446509716,0.9833984375,200
Cc1ccc(-c2cc(-c3nnc(C4C5CNCC4CNC5)o3)on2)s1,-47.26068688320095,0.7431923149228408,-0.5726562500000001,-47.090150818278104,33.63034344160047,0.7431923149228408,0.986328125,200
C=CC=Cc1ccc(C2N(C(=O)COc3ccccc3)CC(C3NCON3)C23CCOCC3)c(-c2cccc(Cl)c2)c1,-91.28342194594845,0.31652967640109125,-0.4808593750000001,-91.44775164454735,55.641710972974224,0.31652967640109125,0.9404296875,200
O=C(NC1CCCC1C(=O)N1CCc2ccccc2C1)C1=CC=C[SH]1Nc1ccc(-c2ccc(NC3CC3)cc2)s1,-62.92164976651152,0.22529987799359188,-0.5316406250000001,-63.22799051351793,41.46082488325576,0.22529987799359188,0.9658203125,200
Cc1cc(-c2ccc(-c3ccc(C4CN(C5CNC(N6CCNCC6)NC5)CCC4C(=O)NCC4CCCO4)s3)s2)no1,-55.471849056452825,0.30080988686689586,-0.5511718750000001,-55.72221104458593,37.73592452822641,0.30080988686689586,0.9755859375,200
Cc1cc(-c2nc(-c3ccc(C4C=CCC(C5=CCC(N6CCOCC6)NN5)C4)s3)cs2)on1,-33.74011537017761,0.4864998073631394,-0.5609375000000001,-33.814553062814475,26.870057685088806,0.4864998073631394,0.98046875,200
Cc1nc(-c2cc(-c3cc(C4CC(OC5NOC(C6CNCCN6)N5)CCN4C(=O)C4CCOC4)co3)no2)cs1,-67.42997197757758,0.3201437739609451,-0.5609375000000001,-67.67076570361662,43.71498598878879,0.3201437739609451,0.98046875,200
Cc1ccc(-c2nc(-c3nc(N4CCC5CC=CCC54)cs3)cs2)c(Cl)c1,-34.99090833947008,0.46233296582874644,-0.5628906250000001,-35.09146599864134,27.49545416973504,0.46233296582874644,0.9814453125,200
Cc1nnc(-c2cc(-c3cc(C4NCCN4CCNN4NC(=O)C4CC4CC4)co3)co2)o1,-42.289646009589745,0.44175647024065906,-0.5589843750000001,-42.406873914349084,31.144823004794873,0.44175647024065906,0.9794921875,200
O=Cc1ccc(C2CCCCC2c2ccc(C3CCCCC4C(C(=O)NCCC5CCCC5=O)NC(c5ccccc5)N34)cc2)cc1,-37.723478758647246,0.23605254709425624,-0.5257812500000001,-38.013207461552994,28.861739379323623,0.23605254709425624,0.962890625,200
C=CCc1cc(-c2ccc(C3CC(N4CNNN4)CC=C3C(=O)NC3=CCC4NC(=O)C5CCCN5C(=O)C4C3)s2)co1,-98.64231959971113,0.305583438682045,-0.5570312500000001,-98.89376741102907,59.321159799855565,0.305583438682045,0.978515625,200
Cc1cc(-c2cc(-c3nc(C45CC=CCC4NCC5)cs3)on2)on1,-48.20557161991974,0.7226342320259552,-0.5707031250000001,-48.053640512893786,34.10278580995987,0.7226342320259552,0.9853515625,200
O=C(CCC1CSCCN1C(=O)CCNC1C(c2ccccc2)NC2CNCCN21)c1ccc(-c2ccoc2)cc1,-68.15894736213676,0.31641009491723,-0.5257812500000001,-68.36831851721952,44.07947368106838,0.31641009491723,0.962890625,200
Cc1ccc(-c2coc(-c3nc(C4C=CCC(C5=CCC(N6CCOCC6)NN5)C4)cs3)c2)cc1,-42.609903369994115,0.46468284782853847,-0.5589843750000001,-42.704204897165575,31.304951684997057,0.46468284782853847,0.9794921875,200
Cc1cc(-c2cc(-c3nc(C4C=CCC(CN5CCNc6ccccc65)C4)cs3)on2)co1,-62.84926070883192,0.3516454734759809,-0.5589843750000001,-63.05659961035594,41.42463035441596,0.3516454734759809,0.9794921875,200
O=C1Nc2ccccc2OCC1CC(=O)N1CCN(C2CCCCN2)CC1c1ccc(-c2cc(Cc3ccccc3Cl)co2)cc1,-69.82204629154248,0.2399623191054721,-0.5121093750000001,-70.094193347437,44.91102314577124,0.2399623191054721,0.9560546875,200
C=Cc1csc(-c2cc(-c3ccc(C4C5CNCC4CNC5)s3)no2)n1,-44.21837743200929,0.7182420272832791,-0.5785156250000001,-44.07865102972601,32.109188716004645,0.7182420272832791,0.9892578125,200
C=Cc1cc(-c2ccc(-c3coc(C4CC(N5CNNN5)CC=C4C(=O)NC4=CCC5NC(=O)C6CCCN6C(=O)C5C4)c3)cc2)co1,-68.79189152169245,0.258878803487817,-0.5628906250000001,-69.09590334320463,44.395945760846224,0.258878803487817,0.9814453125,200
C=CCOc1cc(-c2cc(C3(c4cccs4)NCCN3CCNN3NC(=O)C3CC3CC3)co2)on1,-59.57386505631105,0.3170467290871257,-0.5589843750000001,-59.81580270222393,39.786932528155525,0.3170467290871257,0.9794921875,200
O=C(NC1CCCC1C(=O)N1CCc2ccccc2C1)C1=CC=C[SH]1c1csc(-c2ccc(Cc3cccc(Cl)c3)s2)n1,-46.51315659326356,0.2020626544273326,-0.5394531250000001,-46.85054706383623,33.25657829663178,0.2020626544273326,0.9697265625,200
CC1(c2cc(-c3ccc(-c4cccs4)s3)on2)C=CCC(CN2CCC(CCC3NC(C4CCOCC4)NO3)CC2)N1,-35.281099844341014,0.2565403193771244,-0.5492187500000001,-35.57377827496389,27.640549922170507,0.2565403193771244,0.974609375,200
c1nc(-c2csc(Cc3ccc(C4NCCCC4CN4CNC5CCCNC54)s3)n2)cs1,-38.20652884342099,0.4911860472095117,-0.5648437500000001,-38.28018654621148,29.103264421710495,0.4911860472095117,0.982421875,200
C=Cc1ccc(Cc2ccnc3c(C4NCCC5C(=O)NC(c6ccccc6)NC54)cccc23)c(Cl)c1,-86.39548862616309,0.33004249722348256,-0.5238281250000001,-86.58927425393959,53.19774431308154,0.33004249722348256,0.9619140625,200
Cc1cc(-c2ccc(-c3ccc(C4CN(C5CNC(N6CCNCC6)NC5)CCC4C(=O)NCC4CCCO4)s3)s2)co1,-57.40800992145451,0.30290996355362976,-0.5414062500000001,-57.64650620790088,38.704004960727254,0.30290996355362976,0.970703125,200
Clc1cccc(-c2csc(-c3ccc(-c4cc(N5CCC6CC=CCC65)no4)s3)n2)c1,-48.70225614927067,0.29442910929552013,-0.5335937500000001,-48.94142078997515,34.351128074635334,0.29442910929552013,0.966796875,200
Clc1cc(CC2C=CCC(CN3CCNc4ccccc43)C2)ccc1-c1ccc(-c2nccs2)c(Cl)c1,-65.5102333057278,0.24500648074452128,-0.5375000000000001,-65.80272682498327,42.7551166528639,0.24500648074452128,0.96875,200
Cc1cc(-c2ccc(-c3csc(C4C(CCCN5CCCO5)CCCN4C(=O)C4CCOC4)n3)s2)co1,-51.888803022445714,0.33958432891225293,-0.5375000000000001,-52.08671869353346,35.94440151122286,0.33958432891225293,0.96875,200
O=C(CCNC1C(c2ccccc2)NC2CNCCN21)N1CCSCC1c1cc(-c2ccc(C3CCCC3)cc2)ccc1-c1ccccc1Cl,-65.74380444090407,0.16515426848586712,-0.5238281250000001,-66.1024782974182,42.871902220452036,0.16515426848586712,0.9619140625,200
O=C(NC1CCCC1C(=O)N1CCc2ccccc2C1)C1=CC=C[SH]1c1ccc(Cc2ccc(-c3cccs3)cc2Cl)s1,-57.768888380894325,0.1987032729629735,-0.5257812500000001,-58.09596635793135,38.88444419044716,0.1987032729629735,0.962890625,200
O=C(CCN1CCCN1)N1CCCC1CCC1NCCN1CC1CC1c1nc(-c2cc(-c3coc(-c4ccoc4)c3)on2)cs1,-52.38784428341543,0.2207599497116276,-0.5492187500000001,-52.71630308370381,36.193922141707716,0.2207599497116276,0.974609375,200
Cc1nnc(-c2cc(-c3cc(C4C=CCC(C5=CCC(N6CCOCC6)NN5)C4)on3)on2)o1,-36.674509261219015,0.5398930932853835,-0.5648437500000001,-36.69945991793363,28.337254630609507,0.5398930932853835,0.982421875,200
Cc1nc(-c2ccc(-c3csc(C4NCCCC4CN4CNC5CCCNC54)n3)c(Cl)c2)cs1,-46.5432190384565,0.4508829942370046,-0.5609375000000001,-46.653273544219495,33.27160951922825,0.4508829942370046,0.98046875,200
C=CCc1cc(-c2ccc(C3N(C(=O)COc4ccccc4)CC(C4NCON4)C34CCOCC4)c(Cl)c2)co1,-79.73966111833346,0.36832098655067647,-0.5394531250000001,-79.91079325678278,49.86983055916673,0.36832098655067647,0.9697265625,200
Cc1ccc(-c2csc(-c3ccc(C4C(CCCN5CCCO5)CCCN4C(=O)C4CCOC4)s3)n2)s1,-45.72670690061993,0.3107107568520207,-0.5453125000000001,-45.961308643767914,32.863353450309965,0.3107107568520207,0.97265625,200
Cc1nc(-c2nc(-c3nc(C4C=CCC(C5=CCC(N6CCOCC6)NN5)C4)cs3)cs2)cs1,-36.24944444170093,0.47629810029761954,-0.5765625000000001,-36.34970884140331,28.124722220850465,0.47629810029761954,0.98828125,200
O=C(C1CNN(C2CC(c3ncno3)CCN2)C1)N1CCCC1c1ccc(-c2cc(Cc3ccno3)co2)cc1,-64.35638683585256,0.3576785806529614,-0.5511718750000001,-64.5498801301996,42.17819341792628,0.3576785806529614,0.9755859375,200
C=Cc1ccc(Cc2ccc(C3CN(c4ccccc4)CCN3C3=NCCN3C(=O)c3ccccc3)cc2)c(Cl)c1,-74.31860898041276,0.2560755907735287,-0.4750000000000001,-74.53753338963922,47.15930449020638,0.2560755907735287,0.9375,200
O=C(NCC1CCCN1)C1c2ccccc2C(=O)N(C2C=CC=CC2)C12CCCC2c1cc(C=Cc2ccc(-c3ccco3)cc2Cl)co1,-57.5886589650833,0.1963046843834707,-0.5316406250000001,-57.92399490569983,38.79432948254165,0.1963046843834707,0.9658203125,200
Cc1nc(-c2ccc(-c3cc(C4CC4CN4CCNC4CCC4CCCN4C(=O)CCN4CCCN4)on3)s2)cs1,-38.855755878248644,0.334133017145616,-0.5394531250000001,-39.06107598610303,29.427877939124322,0.334133017145616,0.9697265625,200
Cc1cc(-c2coc(-c3coc([SH]4C(NC(=O)CC5(N6CC=CC6)CCOCC5)NNC4C4CCCCC4)c3)c2)co1,-43.71812928829596,0.19475100226262618,-0.5531250000000001,-44.076503286033336,31.85906464414798,0.19475100226262618,0.9765625,200
S=C(c1cc(C2C=CCC(C3=CCC(N4CCOCC4)NN3)C2)co1)c1cc(-c2cccs2)no1,-32.61178575186362,0.2780390344183553,-0.5550781250000001,-32.88882484244527,26.30589287593181,0.2780390344183553,0.9775390625,200
O=C(CCS(=O)(=O)C1=CC=CC2NCCC2C1)N1CCCN2NC(c3ccccc3)CC2C1c1cc(-c2coc(C=Cc3ccco3)c2)co1,-68.49858755935034,0.20170490468456748,-0.5433593750000001,-68.84024202966577,44.24929377967517,0.20170490468456748,0.9716796875,200
O=C(COc1ccccc1)N1CC(C2NCON2)C2(CCOCC2)C1c1ccc(C=Cc2coc(-c3ccno3)c2)cc1Cl,-78.18350166906862,0.263464130603638,-0.5296875000000001,-78.44972503846498,49.09175083453431,0.263464130603638,0.96484375,200
O=C(CCS(=O)(=O)C1=CC=CC2NCCC2C1)N1CCCN2NC(c3ccccc3)CC2C1c1ccc(-c2cc(C=Cc3cccc(Cl)c3)co2)cc1,-76.87104830649868,0.1793082495861241,-0.5316406250000001,-77.22338068191254,48.43552415324934,0.1793082495861241,0.9658203125,200
C=Cc1coc(-c2ccc(-c3ccc(C4COCCN4C45NC(=O)NC(=O)C4NCC5=O)cc3)c(Cl)c2)c1,-76.04165762834376,0.4616200027338344,-0.5453125000000001,-76.12535012560991,48.02082881417188,0.4616200027338344,0.97265625,200
CC=Cc1ccc(-c2cccc(C3CN(c4ccccc4)CCN3C3=NCCN3C(=O)c3ccccc3)c2)cc1,-88.60939185908371,0.28838244793090784,-0.5023437500000001,-88.8233531611528,54.30469592954186,0.28838244793090784,0.951171875,200
Cc1coc(-c2coc(-c3cccc(C4CN(c5ccccc5)CCN4C4=NCCN4C(=O)c4ccccc4)c3)c2)c1,-115.11476603243628,0.2358914470082356,-0.5199218750000001,-115.39879646042803,67.55738301621814,0.2358914470082356,0.9599609375,200
O=C(C1CNN(C2CC(c3ncno3)CCN2)C1)N1CCCC1c1ccc(-c2ccc(Cc3ccoc3)s2)s1,-53.10266752998827,0.33513172704678046,-0.5453125000000001,-53.31284830294149,36.55133376499413,0.33513172704678046,0.97265625,200
c1nc(Cc2ccc(-c3cc(C4C5CNCC4CNC5)on3)s2)cs1,-42.70566162636353,0.7371855351237809,-0.5785156250000001,-42.54699171623975,31.352830813181765,0.7371855351237809,0.9892578125,200
Clc1cc(-c2nc(-c3cc(-c4cscn4)co3)cs2)ccc1C1C=CCC(C2=CCC(N3CCOCC3)NN2)C1,-45.513357416636794,0.23530492269731393,-0.5511718750000001,-45.82922436893948,32.7566787083184,0.23530492269731393,0.9755859375,200
Cc1csc(-c2nc(-c3nc(N4CCC5CC=CCC54)cs3)cs2)n1,-36.95612346359257,0.5771040500104504,-0.5843750000000001,-36.96339441358212,28.478061731796284,0.5771040500104504,0.9921875,200
C=Cc1cccc(C2(c3ccc(C)s3)CSCCN2C(=O)CCNC2C(c3ccccc3)NC3CNCCN32)c1,-74.97368056467013,0.37157252521552403,-0.5121093750000001,-75.1142174144546,47.486840282335066,0.37157252521552403,0.9560546875,200
Clc1cccc(-c2cc(-c3ccc(SC4C=CCC(CN5CCNc6ccccc65)C4)s3)on2)c1,-55.97367965289031,0.2606104949540676,-0.5375000000000001,-56.25056915793625,37.986839826445156,0.2606104949540676,0.96875,200
Cc1ccc(-c2cc(-c3ccc(C4C(NC(=O)CCC5CCCCC5)CCN4C4CC(N5CCOCC5)CNN4)s3)co2)s1,-39.02541825349483,0.2593130925783308,-0.5335937500000001,-39.2996989109165,29.512709126747414,0.2593130925783308,0.966796875,200
O=C1NN(NCCN2CCNC2c2ccc(-c3ccc(-c4ccc(C5CCOC5)cc4)cc3)s2)C1CC1CC1,-48.20557161991974,0.3497471888402133,-0.5316406250000001,-48.38746505607953,34.10278580995987,0.3497471888402133,0.9658203125,200
O=C1Nc2ccccc2OCC1CC(=O)N1CCN(C2CCCCN2)CC1c1cccc(Cc2ccc(-c3ccoc3)s2)c1,-73.29523031752481,0.2702451128397734,-0.5121093750000001,-73.53709457968503,46.647615158762406,0.2702451128397734,0.9560546875,200
C#Cc1ccc(C2(c3ccc(-c4ccccc4)s3)CCCN2C(=O)C2CNN(C3CC(c4ncno4)CCN3)C2)s1,-73.14504817756014,0.31963394399311923,-0.5375000000000001,-73.36291423356701,46.57252408878007,0.31963394399311923,0.96875,200
C=CCc1cc(-c2ccc(C3CN(C4CCCCN4)CCN3C(=O)CC3COc4ccccc4NC3=O)s2)co1,-85.90561835898981,0.3931508847401749,-0.5335937500000001,-86.04606122424963,52.952809179494906,0.3931508847401749,0.966796875,200
O=C1N(CC2CC2)NC2C(c3ccc(-c4ccc(-c5cc(-c6ccno6)co5)s4)s3)CCCCN12,-45.05382386916237,0.3173732639469547,-0.5316406250000001,-45.26809123021542,32.526911934581186,0.3173732639469547,0.9658203125,200
CC(C)(O)C1(c2ccc(-c3cc(-c4nccs4)no3)s2)CNCCC1CN1CNNC1C1CCCN1C(=O)CC1CCNCC1,-56.60287200882223,0.23457839623206334,-0.5453125000000001,-56.913606112590166,38.301436004411116,0.23457839623206334,0.97265625,200
O=C(C1CCOC1)N1CCCC(CCCN2CCCO2)C1C=Cc1cc(-c2ccc(-c3ccno3)s2)co1,-43.90618123468183,0.3444104528950261,-0.5414062500000001,-44.10317703178681,31.953090617340916,0.3444104528950261,0.970703125,200
Cc1cc(-c2ccc(-c3nc(C4C5CNCC4CNC5)cs3)s2)no1,-43.71812928829596,0.7381250945798491,-0.5746093750000001,-43.554613568716114,31.85906464414798,0.7381250945798491,0.9873046875,200
C=CC1COc2cc(-c3cc(-c4cc([SH]5C=CC=C5C(=O)NC5CCCC5C(=O)N5CCc6ccccc6C5)co4)no3)ccc2O1,-72.47702417357513,0.17237741739456527,-0.5511718750000001,-72.85581863118055,46.238512086787566,0.17237741739456527,0.9755859375,200
O=C(CCC1CCCCC1)NC1CCN(C2CC(N3CCOCC3)CNN2)C1c1ccc(-c2coc(-c3cc(-c4ccco4)no3)c2)s1,-64.73488065725944,0.18367108697513249,-0.5414062500000001,-65.0926158202843,42.36744032862972,0.18367108697513249,0.970703125,200
O=C(CC1(N2CC=CC2)CCOCC1)NC1NNC(C2CCCCC2)[SH]1c1ccc(-c2ccc(Cc3cscn3)s2)s1,-46.12110101926616,0.16662731007879278,-0.5492187500000001,-46.50369245918737,33.06055050963308,0.16662731007879278,0.974609375,200
O=C(c1ccccc1)N1CCN=C1N1CCN(c2ccccc2)CC1CC=Cc1ccc(-c2ccccc2Cl)cc1Cl,-80.41912168506553,0.2287693585523952,-0.4730468750000001,-80.66339920151313,50.20956084253277,0.2287693585523952,0.9365234375,200
C1=CCC2C(C1)CCN2c1ccc(Cc2csc(-c3ccno3)n2)s1,-30.19960159204453,0.6073380789681111,-0.5667968750000001,-30.15906038807642,25.099800796022265,0.6073380789681111,0.9833984375,200
O=C(C1CCOC1)N1CCCC(CCCN2CCCO2)C1c1ccc(-c2nc(Cc3ccccc3)cs2)s1,-43.93746945258312,0.31716974484097327,-0.5160156250000001,-44.13631533274215,31.96873472629156,0.31716974484097327,0.9580078125,200
C=Cc1ccc(-c2ccc(CC3CN(c4ccccc4)CCN3C3=NCCN3C(=O)c3ccccc3)cc2)c(Cl)c1,-68.99438184514796,0.2575193683629547,-0.4769531250000001,-69.213815601785,44.49719092257398,0.2575193683629547,0.9384765625,200
Cc1ccc(-c2ccc(-c3cc([SH]4C=CC=C4C(=O)NC4CCCC4C(=O)N4CCc5ccccc5C4)on3)s2)cc1Cl,-56.993506219680626,0.21466484070857592,-0.5453125000000001,-57.32415387897205,38.49675310984031,0.21466484070857592,0.97265625,200
C1=CC(c2coc(-c3nnc(Cc4cscn4)o3)c2)CC(C2=CCC(N3CCOCC3)NN2)C1,-35.569775957799216,0.5136200057686849,-0.5609375000000001,-35.61709345203053,27.784887978899608,0.5136200057686849,0.98046875,200
C=Cc1ccc(-c2cc(-c3ccc(C4COCCN4C45NC(=O)NC(=O)C4NCC5=O)cc3)no2)s1,-64.71127433818948,0.4818160978563033,-0.5394531250000001,-64.76891136533317,42.35563716909474,0.4818160978563033,0.9697265625,200
Cc1cc(-c2nc(-c3ccc(C4NCCCC4CN4CNC5CCCNC54)s3)cs2)co1,-31.845925587262883,0.5140855452515397,-0.5394531250000001,-31.871293167011345,25.92296279363144,0.5140855452515397,0.9697265625,200
C#CS1(c2coc(-c3ccc(-c4ccco4)s3)c2)C=CC=C1C(=O)NC1CCCC1C(=O)N1CCc2ccccc2C1,-54.672618810377884,0.23776564263196215,-0.5355468750000001,-54.97040004274592,37.33630940518894,0.23776564263196215,0.9677734375,200
Cc1ccc(-c2cc(-c3ccc([SH]4C(NC(=O)CC5(N6CC=CC6)CCOCC5)NNC4C4CCCCC4)s3)on2)s1,-47.79380502671317,0.17927031426736717,-0.5472656250000001,-48.161800337445804,33.896902513356586,0.17927031426736717,0.9736328125,200
Clc1ccccc1-c1nc(Cc2cccc(C3C=CCC(CN4CCNc5ccccc54)C3)c2)cs1,-52.580989246496216,0.2653752172832984,-0.5257812500000001,-52.84139527921292,36.29049462324811,0.2653752172832984,0.962890625,200
C1=CC(c2ccc(Cc3nc(-c4cscn4)cs3)s2)CC(CN2CCNc3ccccc32)C1,-66.81013765684283,0.2985006556303847,-0.5531250000000001,-67.06476200121243,43.40506882842141,0.2985006556303847,0.9765625,200
O=C(CCS(=O)(=O)C1=CC=CC2NCCC2C1)N1CCCN2NC(c3ccccc3)CC2C1c1ccc(-c2cc(Cc3ccco3)co2)c(Cl)c1,-75.60334722173695,0.18993588649741316,-0.5277343750000001,-75.94114571023954,47.80167361086848,0.18993588649741316,0.9638671875,200
O=C(CCN1CCCN1)N1CCCC1CCC1NCCN1CC1CC1c1ccc(-c2cc(Cc3cscn3)co2)s1,-42.0644825967316,0.3131781212114184,-0.5453125000000001,-42.29661697552019,31.0322412983658,0.3131781212114184,0.97265625,200
C1=CC(c2ccc(-c3csc(-c4cc(-c5ccon5)on4)n3)s2)NC(CN2CCC(CCC3NC(C4CCOCC4)NO3)CC2)C1,-57.691698398220126,0.17757420954086128,-0.5667968750000001,-58.08092106367926,38.84584919911006,0.17757420954086128,0.9833984375,200
C1=CC(c2ccc(-c3cc(Cc4ccco4)no3)cc2)CC(CN2CCNc3ccccc32)C1,-60.24961059095551,0.33886274907123337,-0.5277343750000001,-60.43848221688428,40.124805295477756,0.33886274907123337,0.9638671875,200
O=C(COc1ccccc1)N1CC(C2NCON2)C2(CCOCC2)C1c1ccc(-c2coc(C=Cc3ccco3)c2)cc1,-76.0,0.2818979222734948,-0.5335937500000001,-76.2516958277265,48.0,0.2818979222734948,0.966796875,200
O=CC(c1ccc(C2CCCCC3C(C(=O)NCCC4CCCC4=O)NC(c4ccccc4)N23)s1)c1ccc(-c2cccc(O)c2)cc1Cl,-62.365041127896006,0.1458397186168219,-0.5277343750000001,-62.74693578427919,41.182520563948,0.1458397186168219,0.9638671875,200
C1=CCC2C(C1)CCN2Cc1nc(-c2nnc(-c3ccno3)o2)cs1,-37.51521537819362,0.6635281593497006,-0.5765625000000001,-37.42824971884392,28.75760768909681,0.6635281593497006,0.98828125,200
c1cc(-c2csc(-c3ccc(-c4cc(C5NCCCC5CN5CNC6CCCNC65)co4)s3)n2)co1,-41.773780845922005,0.31470184341868745,-0.5394531250000001,-41.99853212750332,30.886890422961002,0.31470184341868745,0.9697265625,200
Cc1ccc(-c2cccc(-c3cc(C4CCCN4C(=O)C4CNN(C5CC(c6ncno6)CCN5)C4)no3)c2)s1,-74.38220171197534,0.355911015408954,-0.5453125000000001,-74.57160319656639,47.19110085598767,0.355911015408954,0.97265625,200
CC1C(c2cc([SH]3C=CC=C3C(=O)NC3CCCC3C(=O)N3CCc4ccccc4C3)co2)CCCC1c1nc(-c2cccc(Cl)c2)cs1,-43.93746945258312,0.18747237199226163,-0.5433593750000001,-44.29335645559086,31.96873472629156,0.18747237199226163,0.9716796875,200
O=C(c1ccccc1)N1CCN=C1N1CCN(c2ccccc2)CC1c1ccc(Cc2ccc(-c3ccco3)cc2Cl)cc1Cl,-105.01199942405529,0.18878942331902615,-0.5042968750000001,-105.32750687573626,62.505999712027645,0.18878942331902615,0.9521484375,200
CC(c1csc(-c2ccc(-c3cccc(C4C=CCC(CN5CCNc6ccccc65)C4)c3)s2)n1)N1CC[NH2+]CC1,-49.9714227381436,0.2456836626276593,-0.5394531250000001,-50.26519220051594,34.9857113690718,0.2456836626276593,0.9697265625,200
C=Cc1ccc(-c2ccc(CC3CSCCN3C(=O)CCNC3C(c4ccccc4)NC4CNCCN43)s2)cc1Cl,-70.31057523900509,0.3154782277124623,-0.5414062500000001,-70.53650326129262,45.155287619502545,0.3154782277124623,0.970703125,200
C=Cc1ccc(Cc2ccc(C3CN(c4ccccc4)CCN3C3=NCCN3C(=O)c3ccccc3)cc2)c(Cl)c1,-74.31860898041276,0.2560755907735287,-0.4750000000000001,-74.53753338963922,47.15930449020638,0.2560755907735287,0.9375,200
CNCC(=O)c1ccc([NH2+]C2CCCC2)c(-c2cc([SH]3C=CC=C3C(=O)NC3CCCC3C(=O)N3CCc4ccccc4C3)ccn2)c1,-72.06519429187124,0.13980396227287456,-0.5414062500000001,-72.46679657959835,46.03259714593562,0.13980396227287456,0.970703125,200
C=Cc1cc(-c2cc(-c3cc(C4C=CCC(N5CCCC5)C4)on3)no2)no1,-50.02856560004639,0.6035042692129111,-0.5335937500000001,-49.95865508083348,35.014282800023196,0.6035042692129111,0.966796875,200
COCCc1ccc(C2CNCCC2c2cccc(C3CCCCC4C(C(=O)NCCC5CCCC5=O)NC(c5ccccc5)N34)c2)c(Cl)c1,-49.25315877272314,0.1965068641550381,-0.5257812500000001,-49.5824331585681,34.62657938636157,0.1965068641550381,0.962890625,200
O=C(CCC1CCCCC1)NC1CCN(C2CC(N3CCOCC3)CNN2)C1Sc1cc(-c2ccc(-c3ccon3)s2)co1,-52.111025509279784,0.27524976837356807,-0.5414062500000001,-52.377181990906216,36.05551275463989,0.27524976837356807,0.970703125,200
Cc1ccc(-c2nc(-c3ccc(C4C=CCC(C5=CCC(N6CCOCC6)NN5)C4)s3)cs2)s1,-36.53317610041028,0.412539975645694,-0.5570312500000001,-36.67766737476459,28.26658805020514,0.412539975645694,0.978515625,200
C1=CC(c2ccc(-c3cc(-c4nc(-c5ccoc5)cs4)no3)s2)NC(CN2CCC(CCC3NC(C4CCOCC4)NO3)CC2)C1,-47.32013071882734,0.16421188536843992,-0.5648437500000001,-47.72076258345891,33.66006535941367,0.16421188536843992,0.982421875,200
Cc1csc(-c2ccc(-c3cc(C4CC4CN4CCNC4CCC4CCCN4C(=O)CCN4CCCN4)no3)s2)n1,-40.728905802755904,0.334133017145616,-0.5394531250000001,-40.93422591061029,30.364452901377952,0.334133017145616,0.9697265625,200
C=Cc1cc(Cc2ccccc2Cl)ccc1C1CN(c2ccccc2)CCN1C1=NCCN1C(=O)c1ccccc1,-74.31860898041276,0.2560755907735287,-0.4710937500000001,-74.53362713963922,47.15930449020638,0.2560755907735287,0.935546875,200
CC(C)(N)c1ccc(-c2cccc(CC3C4CC(c5ccccc5)NN4CCCN3C(=O)CCS(=O)(=O)C3=CC=CC4NCCC4C3)c2)cc1Cl,-71.43303560529968,0.2379570133192636,-0.5433593750000001,-71.73843796698041,45.71651780264984,0.2379570133192636,0.9716796875,200
Cc1nc(-c2cc(-c3cc(C4CC4CN4CCNC4CCC4CCCN4C(=O)CCN4CCCN4)on3)on2)cs1,-38.787753826796276,0.34933198884846295,-0.5394531250000001,-38.977874962947816,29.393876913398138,0.34933198884846295,0.9697265625,200
Cc1cc(-c2ccc(-c3coc(C4CCCN4C(=O)C4CNN(C5CC(c6ncno6)CCN5)C4)c3)s2)co1,-58.79086241436883,0.3581982367014649,-0.5492187500000001,-58.98188292766737,39.395431207184416,0.3581982367014649,0.974609375,200
O=C(CC1(N2CC=CC2)CCOCC1)NC1NNC(C2CCCCC2)[SH]1c1cc(-c2nc(Cc3ccccc3)cs2)no1,-57.045441137032896,0.19593826776388854,-0.5550781250000001,-57.40458099426901,38.52272056851645,0.19593826776388854,0.9775390625,200
Cc1csc(-c2nnc(-c3ccc(C4C(CCCN5CCCO5)CCCN4C(=O)C4CCOC4)s3)o2)n1,-53.64781055808787,0.393439333936294,-0.5492187500000001,-53.80358997415158,36.823905279043935,0.393439333936294,0.974609375,200
Cc1coc(-c2csc(-c3cc(N4CCC5CC=CCC54)on3)n2)c1,-31.61395160225576,0.6261747559227921,-0.5570312500000001,-31.544808096332968,25.80697580112788,0.6261747559227921,0.978515625,200
O=C(c1ccccc1)N1CCN=C1N1CCN(c2ccccc2)CC1c1nc(CCc2ccccc2)cs1,-79.9799979995999,0.3454320842913233,-0.4964843750000001,-80.13105029030858,49.98999899979995,0.3454320842913233,0.9482421875,200
O=C(CC1CCNCC1)N1CCCC1C1NNCN1CC1CCNCC1c1cc(-c2cccc(C=Cc3cscn3)c2)co1,-48.731361109758325,0.28248300543647564,-0.5296875000000001,-48.97856560432185,34.36568055487916,0.28248300543647564,0.96484375,200
O=C(NCC1CCCN1)C1c2ccccc2C(=O)N(C2C=CC=CC2)C12CCCC2C=Cc1ccc(-c2ccc(-c3ccccc3Cl)c(Cl)c2)cc1Cl,-76.93296652842108,0.18793396852489258,-0.5316406250000001,-77.27667318489618,48.46648326421054,0.18793396852489258,0.9658203125,200
O=C(C1CNN(C2CC(c3ncno3)CCN2)C1)N1CCCC1c1ccc(-c2ccc(Cc3ccccc3)s2)s1,-54.80641683706017,0.3197531085285299,-0.5335937500000001,-55.02025747853164,37.403208418530085,0.3197531085285299,0.966796875,200
Cc1nc(-c2nc(-c3cc([SH]4C(NC(=O)CC5(N6CC=CC6)CCOCC5)NNC4C4CCCCC4)co3)cs2)cs1,-52.63607918933951,0.19377829076541603,-0.5628906250000001,-53.0051915235741,36.318039594669756,0.19377829076541603,0.9814453125,200
C=Cc1ccc(Cc2cccc(C3C(C4NC(Cc5ccccc5)NO4)CN3S(=O)(=O)c3ccccc3)c2)cc1,-94.12274094149684,0.2954586924975799,-0.5394531250000001,-94.36673537399926,57.06137047074842,0.2954586924975799,0.9697265625,200
Cc1cc(-c2nc(-c3nnc(C4C=CCC(CN5CCC(CCC6NC(C7CCOCC7)NO6)CC5)N4)o3)cs2)on1,-41.05735008989499,0.31002006516344544,-0.5765625000000001,-41.32389252473155,30.528675044947494,0.31002006516344544,0.98828125,200
N=C(c1ccoc1)c1ccc(-c2cc(C3NCCN3CCNN3NC(=O)C3CC3CC3)co2)s1,-37.51521537819362,0.3304107534525956,-0.5511718750000001,-37.73597649974103,28.75760768909681,0.3304107534525956,0.9755859375,200
O=C(COc1ccccc1)N1CC(C2NCON2)C2(CCOCC2)C1c1cc(Cc2coc(-c3ccccc3Cl)c2)co1,-68.45337754998393,0.2698772571818051,-0.5238281250000001,-68.70732841780212,44.22668877499196,0.2698772571818051,0.9619140625,200
C=CC=Cc1cc(-c2ccc(C3CCCC34C(C(=O)NCC3CCCN3)c3ccccc3C(=O)N4C3C=CC=CC3)cc2Cl)co1,-38.0689245638319,0.24834751507031116,-0.5316406250000001,-38.35221767376159,29.03446228191595,0.24834751507031116,0.9658203125,200
O=C(Nc1ccccc1)N1CC(CC2NCNN2)C1c1coc(Cc2cc(-c3cccc(Cl)c3)co2)c1,-74.69952481401371,0.26351825264527756,-0.5472656250000001,-74.98327218636842,47.34976240700686,0.26351825264527756,0.9736328125,200
c1csc(-c2nc(Cc3ccc(C4C5CNCC4CNC5)s3)cs2)n1,-41.83849933496123,0.7188171197316875,-0.5746093750000001,-41.69429159022954,30.919249667480614,0.7188171197316875,0.9873046875,200
Clc1cccc(Cc2ccc(-c3csc(C4C=CCC(CN5CCNc6ccccc65)C4)n3)c(Cl)c2)c1,-65.60373823613078,0.24534349152542195,-0.5355468750000001,-65.89394161960536,42.80186911806539,0.24534349152542195,0.9677734375,200
c1cc(-c2cc(-c3ccc(SC4C5CNCC4CNC5)s3)no2)co1,-43.37191807101944,0.7290471781866986,-0.5531250000000001,-43.19599589283274,31.68595903550972,0.7290471781866986,0.9765625,200
C#Cc1ccc(Cc2ccc(C3CSCCN3C(=O)CCNC3C(c4ccccc4)NC4CNCCN43)s2)cc1,-61.975606127676784,0.3577383348148292,-0.5316406250000001,-62.14950841786196,40.98780306383839,0.3577383348148292,0.9658203125,200
CC(Sc1cc(C2C=CCC(C3NCCN4CCNC34)C2)on1)c1cc(-c2ccno2)co1,-47.94115100585212,0.4116466381618383,-0.5648437500000001,-48.09434811769028,33.97057550292606,0.4116466381618383,0.982421875,200
CC=Cc1cc(-c2coc(C3CCCCC4C(C(=O)NCCC5CCCC5=O)NC(c5ccccc5)N34)c2)co1,-40.13318551349163,0.3429455308995274,-0.5511718750000001,-40.34141185759211,30.066592756745816,0.3429455308995274,0.9755859375,200
Cc1cccc(-c2ccc(-c3csc(C4CCCCN5C(=O)N(CC6CC6)NC45)n3)s2)c1,-37.584720195551874,0.49679445746148027,-0.5218750000000001,-37.60980073809039,28.792360097775937,0.49679445746148027,0.9609375,200
O=C(C1CNN(C2CC(c3ncno3)CCN2)C1)N1CCCC1c1ccc(-c2cc(-c3nc(-c4ccoc4)cs3)on2)s1,-90.58028757423268,0.26098032161477785,-0.5609375000000001,-90.8802447526179,55.29014378711634,0.26098032161477785,0.98046875,200
Clc1ccccc1C=Cc1cc(Nc2ccccc2C2C=CCC(CN3CCNc4ccccc43)C2)on1,-52.52585745787498,0.23933620915934262,-0.5316406250000001,-52.81816187371564,36.26292872893749,0.23933620915934262,0.9658203125,200
C=Cc1cc(-c2cc(-c3coc(C4COCCN4C45NC(=O)NC(=O)C4NCC5=O)c3)co2)co1,-65.76712656956627,0.5015864158365367,-0.5472656250000001,-65.81280577872973,42.883563284783136,0.5015864158365367,0.9736328125,200
O=C1CCCC1CCNC(=O)C1NC(c2ccccc2)N2C(C=Cc3ccc(-c4ccc(-c5cccs5)cc4)cc3Cl)CCCCC12,-45.72670690061993,0.18777394571609443,-0.5375000000000001,-46.07643295490384,32.863353450309965,0.18777394571609443,0.96875,200
C#Cc1cccc(-c2cc(C3NCCC4C(=O)NC(c5ccccc5)NC43)ccc2C=C)c1,-58.76547467006087,0.5342939805531532,-0.5355468750000001,-58.76672756450772,39.382737335030434,0.5342939805531532,0.9677734375,200
O=C(CC1CCNCC1)N1CCCC1C1NNCN1CC1CCNCC1c1ccc(-c2ccc(Cc3ccon3)s2)s1,-45.84831053261732,0.2909230325774498,-0.5335937500000001,-46.09098125003987,32.92415526630866,0.2909230325774498,0.966796875,200
Clc1cc(C2C=CCC(CN3CCNc4ccccc43)C2)ccc1-c1nc(-c2ccc(C3CCCCC3)cc2)cs1,-45.02307282803544,0.23025589207413327,-0.5160156250000001,-45.30883256096131,32.51153641401772,0.23025589207413327,0.9580078125,200
C1=CC(c2coc(-c3cc(Cc4cscn4)on3)c2)CC(C2=CCC(N3CCOCC3)NN2)C1,-35.49774770204643,0.5117368243789842,-0.5570312500000001,-35.54304212766745,27.748873851023216,0.5117368243789842,0.978515625,200
Cc1ccc(-c2cccc(Cl)c2)cc1-c1ccc(C2N(C(=O)COc3ccccc3)CC(C3NCON3)C23CCOCC3)cc1Cl,-84.55620498086185,0.21554296171920095,-0.5062500000000001,-84.84691201914265,52.278102490430925,0.21554296171920095,0.953125,200
O=C1NC(c2ccccc2)NC2C1CCNC2c1ccc(C=Cc2ccc(-c3cccc(Cl)c3)s2)cc1,-61.90238091777309,0.27236273600864,-0.5199218750000001,-62.14994005676445,40.95119045888654,0.27236273600864,0.9599609375,200
CC1(c2cc(-c3cc(-c4ccco4)no3)no2)C=CCC(C2=CCC(N3CCOCC3)NN2)C1,-33.59104402789705,0.5462984036655916,-0.5570312500000001,-33.60177687423146,26.795522013948524,0.5462984036655916,0.978515625,200
C=CC(c1ccc(C2N(C(=O)COc3ccccc3)CC(C3NCON3)C23CCOCC3)cc1)c1cccc(Cl)c1,-61.486195149853444,0.34968670230991755,-0.5062500000000001,-61.64275844754353,40.74309757492672,0.34968670230991755,0.953125,200
CC1(c2cc(-c3coc(-c4ccoc4)c3)no2)C=CCC(CN2CCC(CCC3NC(C4CCOCC4)NO3)CC2)N1,-34.258639865002145,0.2998842530092761,-0.5609375000000001,-34.51969311199287,27.129319932501073,0.2998842530092761,0.98046875,200
O=C(NC1CCCC1C(=O)N1CCc2ccccc2C1)C1=CC=C[SH]1c1cc(-c2nc(Cc3ccco3)cs2)co1,-40.69596362197407,0.25126441187554094,-0.5316406250000001,-40.976339835098536,30.347981810987037,0.25126441187554094,0.9658203125,200
O=CNc1cc(C=Cc2cccc(C3C4CC(c5ccccc5)NN4CCCN3C(=O)CCS(=O)(=O)C3=CC=CC4NCCC4C3)c2)co1,-61.2896057316063,0.2485888458334044,-0.5414062500000001,-61.5824231357729,40.64480286580315,0.2485888458334044,0.970703125,200
Cc1cc(-c2ccc(-c3cc(C4CCCCN5C(=O)N(CC6CC6)NC45)no3)s2)co1,-38.1033561853358,0.5912988496569542,-0.5355468750000001,-38.04760421067885,29.0516780926679,0.5912988496569542,0.9677734375,200
O=C1Nc2ccccc2OCC1CC(=O)N1CCN(C2CCCCN2)CC1c1ccc(-c2ccc(C=Cc3cccc(Cl)c3)s2)s1,-72.02173656261873,0.21136023055760622,-0.5238281250000001,-72.33420445706112,46.010868281309364,0.21136023055760622,0.9619140625,200
Cc1ccc(-c2coc(-c3cc(C4NCCCC4CN4CNC5CCCNC54)on3)c2)s1,-32.15361924162119,0.5397898024292755,-0.5394531250000001,-32.15328256419192,26.076809620810597,0.5397898024292755,0.9697265625,200
Cc1ccc(-c2cc(-c3ccc(C4NCCN4CCNN4NC(=O)C4CC4CC4)s3)no2)s1,-35.42562584220407,0.42939137882890344,-0.5589843750000001,-35.55521883837517,27.712812921102035,0.42939137882890344,0.9794921875,200
C=Cc1cc(-c2ccc(-c3cc([SH]4C=CC=C4C(=O)NC4CCCC4C(=O)N4CCc5ccccc5C4)on3)s2)co1,-49.19537556802477,0.22527838910749437,-0.5433593750000001,-49.51345655391728,34.597687784012386,0.22527838910749437,0.9716796875,200
C=Cc1ccc(C)c(-c2ccc(C3CN(c4ccccc4)CCN3C3=NCCN3C(=O)c3ccccc3)cc2)c1,-73.14504817756014,0.29121385107509223,-0.4886718750000001,-73.34250620148504,46.57252408878007,0.29121385107509223,0.9443359375,200
C=Cc1coc(-c2cc(CC3C(C4NC(Cc5ccccc5)NO4)CN3S(=O)(=O)c3ccccc3)co2)c1,-103.43419299367578,0.32976591776653796,-0.5238281250000001,-103.62825520090924,61.71709649683789,0.32976591776653796,0.9619140625,200
Cc1ccc(-c2ccnc(-c3cc([SH]4C=CC=C4C(=O)NC4CCCC4C(=O)N4CCc5ccccc5C4)on3)c2)s1,-65.0411665018772,0.2511415617066978,-0.5394531250000001,-65.32947806517049,42.5205832509386,0.2511415617066978,0.9697265625,200
C=CC=Cc1ccc(-c2ccccc2)cc1C1CN(c2ccccc2)CCN1C1=NCCN1C(=O)c1ccccc1,-88.60939185908371,0.25005429072475166,-0.5042968750000001,-88.86363444335896,54.30469592954186,0.25005429072475166,0.9521484375,200
O=C(CCN1CCCN1)N1CCCC1CCC1NCCN1CC1CC1c1cc(-c2cc(-c3coc(-c4ccno4)c3)no2)on1,-59.04429138147802,0.2379878109483968,-0.5414062500000001,-59.34770982052962,39.52214569073901,0.2379878109483968,0.970703125,200
Cc1ccc(-c2cc(-c3csc(C4CNCCC4CN4CNNC4C4CCCN4C(=O)CC4CCNCC4)n3)on2)s1,-46.21178142898739,0.30417831342089,-0.5570312500000001,-46.4646343655665,33.1058907144937,0.30417831342089,0.978515625,200
CC(C=O)Oc1coc(-c2cc(-c3ccc([SH]4C=CC=C4C(=O)NC4CCCC4C(=O)N4CCc5ccccc5C4)s3)on2)c1,-64.11896337925236,0.1632387960916348,-0.5492187500000001,-64.50494333316072,42.05948168962618,0.1632387960916348,0.974609375,200
Cc1nc(-c2coc(-c3csc(N4CCC5CC=CCC54)n3)c2)cs1,-30.19960159204453,0.5813538602709128,-0.5687500000000001,-30.18699773177362,25.099800796022265,0.5813538602709128,0.984375,200
C=CCc1cccc(-c2ccc(C3CSCCN3C(=O)CCNC3C(c4ccccc4)NC4CNCCN43)c(Cl)c2)c1,-66.06973916540005,0.2920077865480649,-0.5277343750000001,-66.30546575385198,43.034869582700026,0.2920077865480649,0.9638671875,200
O=C1NN(NCCN2CCNC2c2ccc(-c3ccc(Cc4ccno4)s3)cc2)C1CC1CC1,-38.27520913733386,0.4131371653682102,-0.5453125000000001,-38.40738447196565,29.13760456866693,0.4131371653682102,0.97265625,200
C1=CC(c2ccc(-c3csc(Cc4ccon4)n3)s2)CC(C2=CCC(N3CCOCC3)NN2)C1,-35.78530272392541,0.4864207941572633,-0.5609375000000001,-35.85981942976815,27.892651361962706,0.4864207941572633,0.98046875,200
O=C1NN(NCCN2CCNC2c2nc(-c3ccc(Cc4ccoc4)s3)cs2)C1CC1CC1,-37.271284253105414,0.40792701085726646,-0.5609375000000001,-37.42429474224815,28.635642126552707,0.40792701085726646,0.98046875,200
CC(Sc1coc(C2CSCCN2C(=O)CCNC2C(c3ccccc3)NC3CNCCN32)c1)C(=O)c1cccc(-c2ccccc2)c1,-74.48809448814173,0.13418265672051458,-0.5433593750000001,-74.89727120642121,47.24404724407086,0.13418265672051458,0.9716796875,200
CC1(c2ccnc(-c3cc(C4CC4)no3)c2)C2CC(c3ccccc3)NN2CCCN1C(=O)CCS(=O)(=O)C1=CC=CC2NCCC2C1,-76.45724441429995,0.3414954838698486,-0.5433593750000001,-76.6591083054301,48.228622207149975,0.3414954838698486,0.9716796875,200
C1=CC(c2nnc(Cc3cc(-c4ccco4)no3)o2)CC(N2CCCC2)C1,-47.79380502671317,0.635156173555246,-0.5335937500000001,-47.69224260315793,33.896902513356586,0.635156173555246,0.966796875,200
CC=Cc1coc(-c2ccc(C3CN(c4ccccc4)CCN3C3=NCCN3C(=O)c3ccccc3)c(Cl)c2)c1,-78.97474425326898,0.26811534480330823,-0.4964843750000001,-79.20311328346567,49.48737212663449,0.26811534480330823,0.9482421875,200
O=C(Nc1ccccc1)N1CC(CC2NCNN2)C1c1ccc(-c2ccc(Cc3ccccc3)c(Cl)c2)s1,-88.75660899458019,0.22278214112204087,-0.5121093750000001,-89.04593622845815,54.378304497290095,0.22278214112204087,0.9560546875,200
O=C(C1CNN(C2CC(c3ncno3)CCN2)C1)N1CCCC1(Cc1ccccn1)c1ccc(Cc2ccco2)s1,-78.83319280484669,0.32584473765794114,-0.5531250000000001,-79.06047306718874,49.416596402423345,0.32584473765794114,0.9765625,200
Cc1ccc(-c2coc(-c3cc(C4CNCCC4CN4CNNC4C4CCCN4C(=O)CC4CCNCC4)on3)c2)s1,-43.245553203367585,0.3105279137999148,-0.5394531250000001,-43.47447841456767,31.622776601683793,0.3105279137999148,0.9697265625,200
O=C1NC(c2ccccc2)NC2C1CCNC2c1cc(-c2ccc(C=Cc3ccco3)s2)on1,-71.41115905621152,0.39309428009680064,-0.5335937500000001,-71.55165852611471,45.70557952810576,0.39309428009680064,0.966796875,200
O=C(CCN1CCCN1)N1CCCC1CCC1NCCN1CC1CC1c1cc(-c2cc(Cc3nccs3)co2)on1,-43.43500610861482,0.33261790384119644,-0.5433593750000001,-43.64574757977363,31.71750305430741,0.33261790384119644,0.9716796875,200
O=C(CCN1CCCN1)N1CCCC1CCC1NCCN1CC1CC1c1nc(-c2cc(-c3ccc(Cl)s3)no2)cs1,-36.639209034025185,0.31535060026617345,-0.5394531250000001,-36.863311558759015,28.319604517012593,0.31535060026617345,0.9697265625,200
O=C(NC1CCCC1C(=O)N1CCc2ccccc2C1)C1=CC=C[SH]1c1cc(-c2nc(Cc3cccc(Cl)c3)cs2)co1,-45.54387843269576,0.2106237916387015,-0.5414062500000001,-45.87466089105706,32.77193921634788,0.2106237916387015,0.970703125,200
O=C(CC1(N2CC=CC2)CCOCC1)NC1NNC(C2CCCCC2)[SH]1c1cc(-c2ccc(Cc3cscn3)cc2)on1,-62.365041127896006,0.19593826776388854,-0.5453125000000001,-62.71441536013212,41.182520563948,0.19593826776388854,0.97265625,200
C=CC1(c2ccc(-c3nc(-c4ccccc4)cs3)s2)CCCCC2C(C(=O)NCCC3CCCC3=O)NC(c3ccccc3)N21,-48.905732707808866,0.1842244727085832,-0.5453125000000001,-49.26682073510028,34.45286635390443,0.1842244727085832,0.97265625,200
O=C(c1ccccc1)N1CCN=C1N1CCN(c2ccccc2)CC1c1ccc(-c2ccc(Cc3ccoc3)s2)s1,-107.67145334803705,0.21700971268520805,-0.4925781250000001,-107.94702176035183,63.835726674018524,0.21700971268520805,0.9462890625,200
C=Cc1cc(-c2ccc(-c3ccc([SH]4C=CC=C4C(=O)NC4CCCC4C(=O)N4CCc5ccccc5C4)c(Cl)c3)s2)ccc1[N+](=O)[O-],-70.70832376358854,0.10940228929790659,-0.5414062500000001,-71.14032772429063,45.35416188179427,0.10940228929790659,0.970703125,200
C=Cc1ccc(-c2ccc(-c3coc(C4COCCN4C45NC(=O)NC(=O)C4NCC5=O)c3)cc2)c(Cl)c1,-75.62426470305536,0.4616200027338344,-0.5277343750000001,-75.69037907532152,47.81213235152768,0.4616200027338344,0.9638671875,200
O=C1Nc2ccccc2OCC1CC(=O)N1CCN(C2CCCCN2)CC1c1ccc(-c2cc(Cc3ccccc3Cl)co2)cc1Cl,-75.28903399657277,0.2165800099947769,-0.5101562500000001,-75.58261023657799,47.644516998286385,0.2165800099947769,0.955078125,200
Cc1cc(-c2nc(-c3nc(C4C=CCC(N5CCCC5)C4)cs3)cs2)on1,-51.27411872482185,0.5704737783586707,-0.5531250000000001,-51.25676994646318,35.63705936241092,0.5704737783586707,0.9765625,200
O=C(CCN1CCCN1)N1CCCC1CCC1NCCN1CC1CC1c1ccc(-c2nc(Cc3ccno3)cs2)s1,-39.799665550904216,0.3228901645805942,-0.5531250000000001,-40.029900386323625,29.899832775452108,0.3228901645805942,0.9765625,200
O=CCc1cc(-c2ccc(C=CC3CCCCC4C(C(=O)NCCC5CCCC5=O)NC(c5ccccc5)N34)c(Cl)c2)co1,-52.608539442685384,0.2532497146259284,-0.5492187500000001,-52.904508478059455,36.30426972134269,0.2532497146259284,0.974609375,200
C=Cc1ccc(C=Cc2ccc(C3CCCC34C(C(=O)NCC3CCCN3)c3ccccc3C(=O)N4C3C=CC=CC3)c(Cl)c2)c(Cl)c1,-48.293484315855494,0.23434809538007342,-0.5238281250000001,-48.582964345475425,34.14674215792775,0.23434809538007342,0.9619140625,200
C#Cc1cccc(-c2cccc(C3(O)CCCCC4C(C(=O)NCCC5CCCC5=O)NC(c5ccccc5)N43)c2)c1,-64.45116932286965,0.3426207059570737,-0.5277343750000001,-64.63628299191257,42.22558466143482,0.3426207059570737,0.9638671875,200
C1=CC(c2ccc(-c3nc(C=Cc4ccno4)cs3)s2)CC(CN2CCNc3ccccc32)C1,-62.84926070883192,0.29707851643616884,-0.5531250000000001,-63.105307192395756,41.42463035441596,0.29707851643616884,0.9765625,200
Cc1ccc(Cc2ccc(C3CN(c4ccccc4)CCN3C3=NCCN3C(=O)c3ccccc3)cc2)s1,-74.78396488858229,0.322944552585492,-0.4593750000000001,-74.92039533599679,47.391982444291145,0.322944552585492,0.9296875,200
COCCC1(c2ccc(C3CC3)cc2Cl)CCCCC2C(C(=O)NCCC3CCCC3=O)NC(c3ccccc3)N21,-71.804139340228,0.34969764921945884,-0.5355468750000001,-71.98998856600853,45.902069670114,0.34969764921945884,0.9677734375,200
O=S(=O)(c1ccccc1)N1CC(C2NC(Cc3ccccc3)NO2)C1c1cccc(CC=Cc2ccccc2)c1,-87.8702924812944,0.29459804926224764,-0.5492187500000001,-88.12491318203215,53.9351462406472,0.29459804926224764,0.974609375,200
O=C(NC1=CCC2NC(=O)C3CCCN3C(=O)C2C1)C1=CCC(N2CNNN2)CC1c1cc(Cc2cc(-c3ccccc3)on2)co1,-61.90238091777309,0.2604358660389963,-0.5570312500000001,-62.19897630173409,40.95119045888654,0.2604358660389963,0.978515625,200
O=C(CC1CCNCC1)N1CCCC1C1NNCN1CC1CCNCC1c1ccc(Oc2coc(-c3ccoc3)c2)s1,-43.71812928829596,0.2905941803997053,-0.5296875000000001,-43.957222607896256,31.85906464414798,0.2905941803997053,0.96484375,200
CC=Cc1ccc(-c2ccc(C3C(CC4NCNN4)CN3C(=O)Nc3ccccc3)s2)cc1,-70.37698822156003,0.41766413821356857,-0.5296875000000001,-70.48901158334645,45.18849411078001,0.41766413821356857,0.96484375,200
O=C(NC1=CCC2NC(=O)C3CCCN3C(=O)C2C1)C1=CCC(N2CNNN2)CC1c1ccc(-c2coc(-c3ccc(-c4ccno4)c(Cl)c3)c2)s1,-93.01327355669333,0.17772727624770998,-0.5667968750000001,-93.40234315544562,56.50663677834667,0.17772727624770998,0.9833984375,200
O=C(CCS(=O)(=O)C1=CC=CC2NCCC2C1)N1CCCN2NC(c3ccccc3)CC2C1c1cc(-c2ccc(C=Cc3cccc(Cl)c3)s2)co1,-72.02173656261873,0.17868434456368984,-0.5453125000000001,-72.38836471805503,46.010868281309364,0.17868434456368984,0.97265625,200
C=Cc1ccc(-c2cccc(-c3cc([SH]4C=CC=C4C(=O)NC4CCCC4C(=O)N4CCc5ccccc5C4)co3)c2)c(Cl)c1,-69.88882021697692,0.20030226515574767,-0.5277343750000001,-70.21625232682118,44.94441010848846,0.20030226515574767,0.9638671875,200
Clc1cc(-c2nccs2)ccc1Cc1cccc(C2C=CCC(CN3CCNc4ccccc43)C2)c1,-57.79460135510689,0.26537521728329816,-0.5160156250000001,-58.04524176282359,38.897300677553446,0.26537521728329816,0.9580078125,200
Cc1cc(-c2ccc(-c3csc(C4C=CCC(C5=CCC(N6CCOCC6)NN5)C4)n3)s2)on1,-36.92099788303083,0.4864998073631394,-0.5667968750000001,-37.00129495066769,28.460498941515414,0.4864998073631394,0.9833984375,200
Cc1cc(-c2ccc(-c3cc(C4C=CCC(CN5CCC(CCC6NC(C7CCOCC7)NO6)CC5)N4)no3)s2)co1,-35.281099844341014,0.27302864411915473,-0.5472656250000001,-35.55533682522186,27.640549922170507,0.27302864411915473,0.9736328125,200
C1=CC(c2ccc(-c3ccc(-c4cc(-c5cscn5)no4)s3)s2)NC(CN2CCC(CCC3NC(C4CCOCC4)NO3)CC2)C1,-43.655321851358195,0.15474700322718593,-0.5609375000000001,-44.06151234813101,31.827660925679098,0.15474700322718593,0.98046875,200
Cc1cc(-c2cc(-c3ccc([SH]4C=CC=C4C(=O)NC4CCCC4C(=O)N4CCc5ccccc5C4)cc3)on2)no1,-59.598994968529595,0.27364997746452585,-0.5355468750000001,-59.860891866065074,39.7994974842648,0.27364997746452585,0.9677734375,200
O=C1CCCC1CCNC(=O)C1NC(c2ccccc2)N2C1CCCCC2(Oc1ccccc1)c1coc(Cc2ccccc2Cl)c1,-83.51811435686027,0.18430511855734322,-0.5218750000000001,-83.85568423830291,51.75905717843013,0.18430511855734322,0.9609375,200
Cc1nc(-c2cc(-c3nc(C4CC4CN4CCNC4CCC4CCCN4C(=O)CCN4CCCN4)cs3)co2)cs1,-39.93329625508679,0.334133017145616,-0.5492187500000001,-40.14838198794117,29.966648127543394,0.334133017145616,0.974609375,200
Cc1coc(-c2nnc(-c3nnc(C4C=CCC(C5NCCN6CCNC56)C4)o3)o2)c1,-38.034472514187634,0.6027109244238926,-0.5589843750000001,-37.99074596476374,29.017236257093817,0.6027109244238926,0.9794921875,200
C1=CC(c2csc(-c3coc(-c4cc(-c5ccno5)no4)c3)n2)CC(C2=CCC(N3CCOCC3)NN2)C1,-52.498275841567434,0.3355579165841736,-0.5628906250000001,-52.725608549983264,36.24913792078372,0.3355579165841736,0.9814453125,200
O=C(CCN1CCCN1)N1CCCC1CCC1NCCN1CC1CC1c1ccc(-c2cc(-c3cc(C4CC4)on3)on2)s1,-34.91812087098393,0.30566646549257104,-0.5433593750000001,-35.15581378049136,27.459060435491963,0.30566646549257104,0.9716796875,200
O=C(NCC1CCCO1)C1CCN(C2CNC(N3CCNCC3)NC2)CC1Cc1cc(-c2ccc(-c3cccc(Cl)c3)s2)no1,-58.612976028134185,0.277012195666825,-0.5277343750000001,-58.86369820746736,39.30648801406709,0.277012195666825,0.9638671875,200
Cc1cc(-c2nc(-c3cc(N4CCC5CC=CCC54)on3)cs2)on1,-33.178943201233324,0.6530884991169853,-0.5667968750000001,-33.09265157711634,26.589471600616662,0.6530884991169853,0.9833984375,200
O=C(CC1(N2CC=CC2)CCOCC1)NC1NNC(C2CCCCC2)[SH]1c1cc(Cc2ccc(-c3ccco3)cc2)ccn1,-57.175125526298956,0.18627216100455668,-0.5472656250000001,-57.5361189902944,38.58756276314948,0.18627216100455668,0.9736328125,200
Cc1cc(-c2ccc(-c3ccc(C4CC4CN4CCNC4CCC4CCCN4C(=O)CCN4CCCN4)cc3Cl)s2)no1,-43.245553203367585,0.28249590387852785,-0.5355468750000001,-43.49860417448906,31.622776601683793,0.28249590387852785,0.9677734375,200
Cc1cc(-c2nc(-c3nc(C4CC4CN4CCNC4CCC4CCCN4C(=O)CCN4CCCN4)cs3)cs2)no1,-40.663003552412405,0.3408478427012635,-0.5570312500000001,-40.87918695971114,30.331501776206203,0.3408478427012635,0.978515625,200
O=C(CC1(N2CC=CC2)CCOCC1)NC1NNC(C2CCCCC2)[SH]1c1ccc(-c2ccc(Cc3ccno3)s2)s1,-44.77653896280658,0.18035933567005485,-0.5433593750000001,-45.13953900213653,32.38826948140329,0.18035933567005485,0.9716796875,200
Cc1nc(-c2csc(-c3ccc(C4CC4CN4CCNC4CCC4CCCN4C(=O)CCN4CCCN4)s3)n2)cs1,-35.20869496736904,0.31580825690492415,-0.5453125000000001,-35.43819921046412,27.60434748368452,0.31580825690492415,0.97265625,200
Cc1cc(-c2ccc(-c3cc(C4CCCCN5C(=O)N(CC6CC6)NC45)on3)s2)on1,-33.028294334251406,0.6245137305068785,-0.5433593750000001,-32.94713997874453,26.514147167125703,0.6245137305068785,0.9716796875,200
C=Cc1ccc(-c2ccc(-c3cc(C4CCCCN5C(=O)N(CC6CC6)NC45)on3)c(Cl)c2)c(Cl)c1,-66.0,0.3711710086025504,-0.5277343750000001,-66.15656336639745,43.0,0.3711710086025504,0.9638671875,200
Cc1nc(-c2nc(-c3ccc(C4C=CCC(CN5CCC(CCC6NC(C7CCOCC7)NO6)CC5)N4)s3)cs2)cs1,-33.32916650389353,0.25128187216401826,-0.5765625000000001,-33.65444713172951,26.664583251946766,0.25128187216401826,0.98828125,200
O=C(CCC1CCCCC1)NC1CCN(C2CC(N3CCOCC3)CNN2)C1c1cc(-c2cc(-c3ccc(-c4nccs4)s3)co2)no1,-82.11757928975794,0.18537651294728186,-0.5472656250000001,-82.47946840181065,51.05878964487897,0.18537651294728186,0.9736328125,200
Cc1csc(-c2cc(-c3ccc([SH]4C(NC(=O)CC5(N6CC=CC6)CCOCC5)NNC4C4CCCCC4)s3)co2)n1,-42.76941930590086,0.17927031426736711,-0.5492187500000001,-43.13936774163349,31.38470965295043,0.17927031426736711,0.974609375,200
Cc1coc(-c2cc(-c3csc(C4CC4CN4CCNC4CCC4CCCN4C(=O)CCN4CCCN4)n3)no2)c1,-35.92852581643825,0.34798542719228404,-0.5531250000000001,-36.13366538924597,27.964262908219126,0.34798542719228404,0.9765625,200
CC(C)(Oc1ccc(C2C=CCC(CN3CCC(CCC4NC(C5CCOCC5)NO4)CC3)N2)s1)c1cc(-c2ccon2)no1,-45.3299318842443,0.2356602038772482,-0.5628906250000001,-45.65716230536706,32.66496594212215,0.2356602038772482,0.9814453125,200
C=CCc1ccc(-c2cc(C3CCCCC4C(C(=O)NCCC5CCCC5=O)NC(c5ccccc5)N34)ccn2)cc1,-47.55738301621814,0.29918555683422865,-0.5335937500000001,-47.79179120938391,33.77869150810907,0.29918555683422865,0.966796875,200
O=C(C1CNN(C2CC(c3ncno3)CCN2)C1)N1CCCC1c1cc(-c2ccc(Cc3ccccc3Cl)s2)on1,-62.243540779808356,0.3167344741725119,-0.5433593750000001,-62.470165680635844,41.12177038990418,0.3167344741725119,0.9716796875,200
Cc1cc(-c2ccc(-c3ccc([SH]4C=CC=C4C(=O)NC4CCCC4C(=O)N4CCc5ccccc5C4)s3)s2)no1,-47.55738301621814,0.23171313105677216,-0.5375000000000001,-47.86316988516137,33.77869150810907,0.23171313105677216,0.96875,200
Cc1ccc(-c2nc(C3CCCCN4C(=O)N(CC5CC5)NC34)cs2)c(-c2ccc3c(c2)CC[NH2+]C3)c1,-70.04443347592343,0.5209869992529947,-0.5257812500000001,-70.04922772667042,45.02221673796171,0.5209869992529947,0.962890625,200
O=C(C1CCOC1)N1CCCC(CCCN2CCCO2)C1c1ccc(-c2ccc(Cc3cscn3)s2)c(Cl)c1,-49.05070600652827,0.2748216135160387,-0.5277343750000001,-49.303618768012235,34.52535300326414,0.2748216135160387,0.9638671875,200
O=C(CCS(=O)(=O)C1=CC=CC2NCCC2C1)N1CCCN2NC(c3ccccc3)CC2C1C=Cc1cccc(C=Cc2ccccc2)c1,-55.894663844041105,0.25534175812141524,-0.5277343750000001,-56.16705646091969,37.94733192202055,0.25534175812141524,0.9638671875,200
O=C1NN(NCCN2CCNC2c2cccc(-c3csc(Cc4cccc(Cl)c4)n3)c2)C1CC1CC1,-40.13318551349163,0.373965853092157,-0.5218750000000001,-40.281094660399475,30.066592756745816,0.373965853092157,0.9609375,200
Cc1coc(-c2ccc(-c3ccc(C4C(NC(=O)CCC5CCCCC5)CCN4C4CC(N5CCOCC5)CNN4)s3)s2)c1,-39.02541825349483,0.2593130925783308,-0.5179687500000001,-39.2840739109165,29.512709126747414,0.2593130925783308,0.958984375,200
C1=CC(c2cc(-c3ccc(-c4coc(-c5ccco5)c4)s3)no2)NC(CN2CCC(CCC3NC(C4CCOCC4)NO3)CC2)C1,-45.268675488322884,0.16374526117413177,-0.5511718750000001,-45.65610210214875,32.63433774416144,0.16374526117413177,0.9755859375,200
C=CC(c1cccc(Cl)c1)c1ccc(C2CN(c3ccccc3)CCN2C2=NCCN2C(=O)c2ccccc2)cc1Cl,-76.6229786334493,0.2147655092968222,-0.4750000000000001,-76.88321312415248,48.31148931672465,0.2147655092968222,0.9375,200
Cc1csc(-c2cc(-c3cc(C4C5CNCC4CNC5)no3)co2)n1,-43.46652661048972,0.751478964534124,-0.5726562500000001,-43.2877038959556,31.73326330524486,0.751478964534124,0.986328125,200
C=Cc1ccc(C2CCCCC2c2ccc(C3C4CC(c5ccccc5)NN4CCCN3C(=O)CCS(=O)(=O)C3=CC=CC4NCCC4C3)cc2Cl)cc1Cl,-57.40800992145451,0.22480990834973688,-0.5218750000000001,-57.705075013104775,38.704004960727254,0.22480990834973688,0.9609375,200
C1=CC(c2nc(-c3nnc(-c4cc(-c5ccoc5)on4)o3)cs2)CC(C2NCCN3CCNC23)C1,-69.10667763978185,0.4023497128233959,-0.5687500000000001,-69.27307792695845,44.553338819890925,0.4023497128233959,0.984375,200
Cc1ccc(-c2nc(-c3csc(N4CCC5CC=CCC54)n3)cs2)cc1Cl,-33.96295025292817,0.46233296582874633,-0.5570312500000001,-34.057648537099425,26.981475126464083,0.46233296582874633,0.978515625,200
C=Cc1ccc(-c2ccc(C3N(C(=O)COc4ccccc4)CC(C4NCON4)C34CCOCC4)c(Cl)c2)cc1-c1ccco1,-66.83317338436964,0.22557112362951345,-0.5296875000000001,-67.13728976074013,43.41658669218482,0.22557112362951345,0.96484375,200
C1=CC(c2csc(-c3csc(Cc4ccoc4)n3)n2)NC(CN2CCC(CCC3NC(C4CCOCC4)NO3)CC2)C1,-36.42694391866354,0.2709323081363685,-0.5707031250000001,-36.726714735527175,28.21347195933177,0.2709323081363685,0.9853515625,200
O=C1NC(=O)C2NCC(=O)C2(N2CCOCC2c2ccc(-c3cccc(-c4ccc(-c5cccs5)s4)c3)s2)N1,-86.80823938254952,0.32737438872211505,-0.5257812500000001,-87.00664624382739,53.40411969127476,0.32737438872211505,0.962890625,200
Cc1cc(-c2ccc(-c3coc(C4CN(C5CCCCN5)CCN4C(=O)CC4COc5ccccc5NC4=O)c3)cc2)on1,-75.03683496413377,0.3116316044642985,-0.5218750000000001,-75.24707835966947,47.51841748206689,0.3116316044642985,0.9609375,200
Clc1ccccc1-c1ccc(C=Cc2nc(C3C=CCC(CN4CCNc5ccccc54)C3)cs2)cc1Cl,-69.88882021697692,0.23918235947358796,-0.5453125000000001,-70.19495035750333,44.94441010848846,0.23918235947358796,0.97265625,200
O=C(NC1=CCC2NC(=O)C3CCCN3C(=O)C2C1)C1=CCC(N2CNNN2)CC1c1cc(-c2ccc(Cc3ccco3)cc2Cl)co1,-71.36739024400336,0.25437860830059467,-0.5589843750000001,-71.67199601070276,45.68369512200168,0.25437860830059467,0.9794921875,200
O=C(CC1CCNCC1)N1CCCC1C1NNCN1CC1CCNCC1c1ccc(-c2cc(Cc3cccs3)no2)s1,-43.623894882347464,0.2909230325774498,-0.5316406250000001,-43.86461247477001,31.811947441173732,0.2909230325774498,0.9658203125,200
O=C1NC(=O)C2NCC(=O)C2(N2CCOCC2c2coc(-c3ccc(-c4ccc(-c5cccs5)s4)s3)c2)N1,-84.86181383134664,0.33576293649464883,-0.5394531250000001,-85.06550401985199,52.43090691567332,0.33576293649464883,0.9697265625,200
Cc1coc(-c2coc(-c3nc(C4CC4CN4CCNC4CCC4CCCN4C(=O)CCN4CCCN4)cs3)c2)c1,-41.02458520956943,0.33922766894811074,-0.5492187500000001,-41.23457629062132,30.512292604784715,0.33922766894811074,0.974609375,200
O=C(CCN1CCCN1)N1CCCC1CCC1NCCN1CC1CC1c1csc(Cc2cc(-c3nccs3)no2)n1,-44.74565622495459,0.3250213201620272,-0.5609375000000001,-44.98157240479256,32.37282811247729,0.3250213201620272,0.98046875,200
Cc1nc(-c2coc(-c3csc(C4C=CCC(C5=CCC(N6CCOCC6)NN5)C4)n3)c2)cs1,-38.71967302361279,0.4864998073631394,-0.5707031250000001,-38.803876341249655,29.359836511806396,0.4864998073631394,0.9853515625,200
C=Cc1ccc(-c2cc(-c3ccc([SH]4C=CC=C4C(=O)NC4CCCC4C(=O)N4CCc5ccccc5C4)s3)on2)s1,-48.84765791223403,0.21290576592379074,-0.5472656250000001,-49.182017771310235,34.42382895611701,0.21290576592379074,0.9736328125,200
Cc1cc(-c2cc(-c3nc(C4C5CNCC4CNC5)cs3)on2)on1,-47.79380502671317,0.7431923149228408,-0.5785156250000001,-47.62912833679033,33.896902513356586,0.7431923149228408,0.9892578125,200
Cc1csc(-c2nc(-c3ccc(C4C(NC(=O)CCC5CCCCC5)CCN4C4CC(N5CCOCC5)CNN4)cc3)cs2)n1,-49.856996786291916,0.28551941777946205,-0.5433593750000001,-50.114836743512456,34.92849839314596,0.28551941777946205,0.9716796875,200
Cc1coc(-c2cc(-c3csc(C4NCCCC4CN4CNC5CCCNC54)n3)on2)c1,-34.47935388750494,0.5407299388214426,-0.5726562500000001,-34.5112801986835,27.23967694375247,0.5407299388214426,0.986328125,200
C#CC(c1ccccc1)c1ccc(C2CCCCC3C(C(=O)NCCC4CCCC4=O)NC(c4ccccc4)N23)c(Cl)c1,-33.36665625650534,0.27788804405247436,-0.5296875000000001,-33.618455712452864,26.68332812825267,0.27788804405247436,0.96484375,200
C=CC(c1ccc(-c2cccc(Cl)c2)cc1Cl)C1CN(c2ccccc2)CCN1C1=NCCN1C(=O)c1ccccc1,-74.678403028357,0.21532652683422182,-0.4808593750000001,-74.94393587652277,47.3392015141785,0.21532652683422182,0.9404296875,200
Cc1csc(-c2ccc(-c3ccc(N4CCC5CC=CCC54)s3)cc2)n1,-33.103672189407014,0.4907795701232431,-0.5472656250000001,-33.16015824428377,26.551836094703507,0.4907795701232431,0.9736328125,200
Cc1csc(-c2csc(-c3cc(C4C=CCC(C5=CCC(N6CCOCC6)NN5)C4)no3)n2)n1,-35.96427431853289,0.5051741390609121,-0.5746093750000001,-36.033709554471976,27.982137159266443,0.5051741390609121,0.9873046875,200
C1=CCC2C(C1)CCN2Cc1ccc(-c2csc(-c3cscn3)n2)s1,-30.039984012787215,0.5525393058443138,-0.5765625000000001,-30.064007206942904,25.019992006393608,0.5525393058443138,0.98828125,200
Clc1cc(-c2nc(C34CC=CCC3N(C3CC3)CC4)cs2)ccc1-c1ccoc1,-41.35144660071187,0.446293603700038,-0.5394531250000001,-41.444606122011834,30.675723300355934,0.446293603700038,0.9697265625,200
O=C(CCS(=O)(=O)C1=CC=CC2NCCC2C1)N1CCCN2NC(c3ccccc3)CC2C1C1CCCCC1c1ccc(C=Cc2ccoc2)cc1,-63.522452071284405,0.24026456904586085,-0.5453125000000001,-63.827500002238544,41.7612260356422,0.24026456904586085,0.97265625,200
Cc1ccc(-c2cc(-c3ccc(C4C(NC(=O)CCC5CCCCC5)CCN4C4CC(N5CCOCC5)CNN4)s3)on2)s1,-40.23288138550239,0.2807847604478205,-0.5375000000000001,-40.48959662505457,30.116440692751194,0.2807847604478205,0.96875,200
C=Cc1ccc(Cc2nc(C3C=CCC(CN4CCNc5ccccc54)C3)cs2)cc1,-42.83311228962003,0.46407871985031585,-0.5433593750000001,-42.91239294476972,31.416556144810016,0.46407871985031585,0.9716796875,200
c1csc(Cc2csc(-c3cc(C4NCCCC4CN4CNC5CCCNC54)on3)n2)c1,-38.71967302361279,0.5094032644076615,-0.5531250000000001,-38.763394759205134,29.359836511806396,0.5094032644076615,0.9765625,200
C=CC=Cc1coc(-c2ccc(C3CN(c4ccccc4)CCN3C3=NCCN3C(=O)c3ccccc3)c(Cl)c2)c1,-78.97474425326898,0.233668414284873,-0.5140625000000001,-79.2551383389841,49.48737212663449,0.233668414284873,0.95703125,200
O=C(NC1CCCC1C(=O)N1CCc2ccccc2C1)C1=CC=C[SH]1c1csc(-c2cccc(Cc3cscn3)c2)n1,-52.111025509279784,0.2338733753545295,-0.5355468750000001,-52.41269900892526,36.05551275463989,0.2338733753545295,0.9677734375,200
O=C(CC1CCNCC1)N1CCCC1C1NNCN1CC1CCNCC1c1cc(-c2ccc(Cc3ccon3)s2)no1,-52.0,0.2941100494642525,-0.5316406250000001,-52.23753057553575,36.0,0.2941100494642525,0.9658203125,200
Cc1coc(-c2coc(-c3ccc([SH]4C(NC(=O)CC5(N6CC=CC6)CCOCC5)NNC4C4CCCCC4)s3)c2)c1,-43.71812928829596,0.17937166245427819,-0.5570312500000001,-44.095788875841684,31.85906464414798,0.17937166245427819,0.978515625,200
O=C1NC(c2ccccc2)NC2C(Cc3ccc(-c4ccc(-c5cccc(Cl)c5)cc4Cl)s3)NCCC12,-62.75264346230881,0.2603918557552737,-0.5375000000000001,-63.02975160655354,41.376321731154405,0.2603918557552737,0.96875,200
Cc1cc(-c2cc(-c3csc(C4C=CCC(C5NCCN6CCNC56)C4)n3)no2)on1,-37.96550698475775,0.6008448702307042,-0.5570312500000001,-37.92169336452705,28.982753492378876,0.6008448702307042,0.978515625,200
O=C(Nc1ccccc1)N1CC(CC2NCNN2)C1c1cc(-c2ccc(Cc3ccoc3)cc2Cl)co1,-89.2520022699813,0.26351825264527756,-0.5238281250000001,-89.51231214233601,54.62600113499065,0.26351825264527756,0.9619140625,200
O=C(C1CNN(C2CC(c3ncno3)CCN2)C1)N1CCCC1c1ccc(Cc2coc(-c3ccoc3)c2)cc1Cl,-52.63607918933951,0.32134468790862636,-0.5414062500000001,-52.856140751430885,36.318039594669756,0.32134468790862636,0.970703125,200
Cc1cc(-c2nnc(-c3cc(C4CCCC5NNC(=O)CC54)on3)o2)co1,-36.674509261219015,0.7228106586845453,-0.5726562500000001,-36.52435485253447,28.337254630609507,0.7228106586845453,0.986328125,200
C=Cc1cc(-c2ccc(CC3CSCCN3C(=O)CCNC3C(c4ccccc4)NC4CNCCN43)c(Cl)c2)co1,-69.24124606929242,0.3355843041667402,-0.5433593750000001,-69.44902114012567,44.62062303464621,0.3355843041667402,0.9716796875,200
O=C(CCN1CCCN1)N1CCCC1CCC1NCCN1CC1CC1c1cc(-c2nnc(Cc3cccc(Cl)c3)o2)no1,-39.49789912257407,0.31543663332886973,-0.5472656250000001,-39.7297281142452,29.748949561287034,0.31543663332886973,0.9736328125,200
Cc1cc(-c2ccc(-c3cc(C4NCCCC4CN4CNC5CCCNC54)on3)s2)no1,-36.356011214421486,0.5407299388214426,-0.5550781250000001,-36.370359400600044,28.178005607210743,0.5407299388214426,0.9775390625,200
O=C(NCC1CCCO1)C1CCN(C2CNC(N3CCNCC3)NC2)CC1c1ccc(-c2coc(Cc3cccs3)c2)s1,-56.889531146964345,0.2888579090963803,-0.5433593750000001,-57.14403261286797,38.44476557348217,0.2888579090963803,0.9716796875,200
O=C(NCC1CCCO1)C1CCN(C2CNC(N3CCNCC3)NC2)CC1Cc1ccc(-c2csc(-c3ccno3)n2)c(Cl)c1,-58.2559901860554,0.27424970234198964,-0.5511718750000001,-58.53291235871341,39.1279950930277,0.27424970234198964,0.9755859375,200
Clc1ccccc1-c1nc(-c2coc(CC3C=CCC(CN4CCNc5ccccc54)C3)c2)cs1,-60.548122262409066,0.2737213093426248,-0.5375000000000001,-60.81190095306644,40.27406113120453,0.2737213093426248,0.96875,200
O=C1CC2C(CCCC2c2csc(OC(=O)c3cc(-c4cccs4)co3)n2)NN1,-46.72330927044911,0.6099812758375313,-0.5648437500000001,-46.678171744611575,33.36165463522455,0.6099812758375313,0.982421875,200
O=C(c1ccccc1)N1CCN=C1N1CCN(c2ccccc2)CC1c1ccc(C=CCc2cccc(Cl)c2)cc1,-76.97422337920526,0.25550185561049293,-0.5023437500000001,-77.22106527359476,48.48711168960263,0.25550185561049293,0.951171875,200
Cc1coc(-c2ccc(CC3CN(c4ccccc4)CCN3C3=NCCN3C(=O)c3ccccc3)cc2Cl)c1,-77.83659846908007,0.30551094923381567,-0.4867187500000001,-78.01780626984625,48.91829923454004,0.30551094923381567,0.943359375,200
O=C(CCN1CCCN1)N1CCCC1CCC1NCCN1CC1CC1c1cccc(-c2csc(-c3cc(-c4ccco4)co3)n2)c1,-48.49817515817483,0.1939763600685485,-0.5238281250000001,-48.828026923106286,34.249087579087416,0.1939763600685485,0.9619140625,200
C=Cc1nc(-c2ccc(-c3cc(C4C(NC(=O)CCC5CCCCC5)CCN4C4CC(N5CCOCC5)CNN4)co3)s2)cs1,-41.806148561449774,0.25020931218762155,-0.5394531250000001,-42.095392374262154,30.903074280724887,0.25020931218762155,0.9697265625,200
O=C(COc1ccccc1)N1CC(C2NCON2)C2(CCOCC2)C1c1ccc(-c2csc(C=Cc3cccc(Cl)c3)n2)cc1,-70.84051959340611,0.22956548968210613,-0.5316406250000001,-71.142594728724,45.42025979670306,0.22956548968210613,0.9658203125,200
O=C1NC(=O)C2NCC(=O)C2(N2CCOCC2c2cc(-c3coc(-c4ccc(-c5cccs5)s4)c3)co2)N1,-84.86181383134664,0.34511181169742355,-0.5394531250000001,-85.05615514464921,52.43090691567332,0.34511181169742355,0.9697265625,200
O=C(CCS(=O)(=O)C1=CC=CC2NCCC2C1)N1CCCN2NC(c3ccccc3)CC2C1c1ccc(-c2ccc(C=Cc3ccccc3Cl)cc2Cl)s1,-74.72064188971694,0.16462876775691687,-0.5433593750000001,-75.09937249696002,47.36032094485847,0.16462876775691687,0.9716796875,200
O=C(NC1CCCC1C(=O)N1CCc2ccccc2C1)C1=CC=C[SH]1c1cc(-c2ccc(Cc3cccs3)s2)co1,-41.6765757804371,0.21892678169239554,-0.5296875000000001,-41.9873364987447,30.83828789021855,0.21892678169239554,0.96484375,200
O=CC(=O)C=Cc1ccc(-c2cc([SH]3C=CC=C3C(=O)NC3CCCC3C(=O)N3CCc4ccccc4C3)no2)cc1Cl,-68.92693630166283,0.151642299504088,-0.5492187500000001,-69.32451275215874,44.46346815083142,0.151642299504088,0.974609375,200
O=S(=O)(c1ccccc1)N1CC(C2NC(Cc3ccccc3)NO2)C1c1cccc(CCc2cccc(Cl)c2)c1,-81.58740079360236,0.27639659569747066,-0.5355468750000001,-81.84655107290487,50.79370039680118,0.27639659569747066,0.9677734375,200
C=Cc1cc(-c2cccc(-c3ccc(C4CN(C5CNC(N6CCNCC6)NC5)CCC4C(=O)NCC4CCCO4)c(Cl)c3)c2)on1,-71.03845341392834,0.2733470959679715,-0.5433593750000001,-71.30846569296035,45.51922670696417,0.2733470959679715,0.9716796875,200
Cc1ccc(Cc2ccc(C3C(C4NC(Cc5ccccc5)NO4)CN3S(=O)(=O)c3ccccc3)cc2)cc1,-83.22790320451152,0.331062749441332,-0.5199218750000001,-83.41676233007018,51.61395160225576,0.331062749441332,0.9599609375,200
O=C(COc1ccccc1)N1CC(C2NCON2)C2(CCOCC2)C1c1ccc(-c2coc(Cc3ccoc3)c2)s1,-79.77975746613137,0.3038778659931639,-0.5414062500000001,-80.01728585013821,49.889878733065686,0.3038778659931639,0.970703125,200
O=C1NC(c2ccccc2)NC2C1CCNC2c1coc(Cc2cccc(-c3ccccc3Cl)c2)c1,-48.0294054067798,0.33420178024411074,-0.5394531250000001,-48.234656751535695,34.0147027033899,0.33420178024411074,0.9697265625,200
C=Cc1ccc(-c2ccc(-c3cc(C4COCCN4C45NC(=O)NC(=O)C4NCC5=O)co3)c(Cl)c2)s1,-72.41212041718337,0.45600868127275684,-0.5492187500000001,-72.5053304859106,46.20606020859169,0.45600868127275684,0.974609375,200
C#Cc1cc(-c2csc(-c3nc(C4C=CCC(C5=CCC(N6CCOCC6)NN5)C4)cs3)n2)on1,-35.96427431853289,0.39676808600398455,-0.5785156250000001,-36.1460218575289,27.982137159266443,0.39676808600398455,0.9892578125,200
O=C(CC1CCNCC1)N1CCCC1C1NNCN1CC1CCNCC1c1ccc(-c2ccc(Cc3cccs3)s2)s1,-46.4529909033446,0.2718162740991108,-0.5257812500000001,-46.70695587924549,33.2264954516723,0.2718162740991108,0.962890625,200
O=C(NC1=CCC2NC(=O)C3CCCN3C(=O)C2C1)C1=CCC(N2CNNN2)CC1c1ccc(-c2ccc(-c3coc(-c4ccoc4)c3)s2)cc1,-84.24970023937719,0.18339861680653258,-0.5589843750000001,-84.62528599757066,52.124850119688595,0.18339861680653258,0.9794921875,200
Cc1nc(-c2nc(-c3coc(C4C=CCC(C5=CCC(N6CCOCC6)NN5)C4)c3)cs2)cs1,-34.62600113499065,0.4864998073631394,-0.5628906250000001,-34.702391952627515,27.313000567495326,0.4864998073631394,0.9814453125,200
Cc1csc(-c2csc(-c3cc(C4C=CCC(N5CCCC5)C4)on3)n2)n1,-51.38627319029899,0.5704737783586706,-0.5550781250000001,-51.37087753694033,35.6931365951495,0.5704737783586706,0.9775390625,200
C=Cc1cc(C=Cc2ccc(C3CCCC34C(C(=O)NCC3CCCN3)c3ccccc3C(=O)N4C3C=CC=CC3)cc2Cl)no1,-49.10861017268398,0.2750504069482406,-0.5277343750000001,-49.361294140735744,34.55430508634199,0.2750504069482406,0.9638671875,200
CN(CC(=O)C1C=CCC(CN2CCC(CCC3NC(C4CCOCC4)NO3)CC2)N1)c1coc(-c2cc(-c3cccs3)no2)c1,-35.31726674375732,0.2379888098645644,-0.5492187500000001,-35.628496683892756,27.65863337187866,0.2379888098645644,0.974609375,200
O=C(C1CCOC1)N1CCC(OC2NOC(C3CNCCN3)N2)CC1c1cccc(C2CCCCC2c2ccc(-c3cccs3)s2)c1,-57.768888380894325,0.25547036483945623,-0.5082031250000001,-58.02162114105487,38.88444419044716,0.25547036483945623,0.9541015625,200
C=CCOc1ccc(C=Cc2ccccc2)c(C2C3CC(c4ccccc4)NN3CCCN2C(=O)CCS(=O)(=O)C2=CC=CC3NCCC3C2)c1,-61.87795796183488,0.17092534161913567,-0.5140625000000001,-62.22109512021574,40.93897898091744,0.17092534161913567,0.95703125,200
O=C1Nc2ccccc2OCC1CC(=O)N1CCN(C2CCCCN2)CC1c1ccc(-c2ccc(Cc3cccc(Cl)c3)s2)cc1,-69.46507698538016,0.22498238694701495,-0.5082031250000001,-69.74829772343314,44.73253849269008,0.22498238694701495,0.9541015625,200
O=C(CCC1CCCCC1)NC1CCN(C2CC(N3CCOCC3)CNN2)C1c1ccc(-c2cc(Cc3ccco3)co2)s1,-37.09640969448079,0.2806216726651008,-0.5277343750000001,-37.34352239681569,28.548204847240395,0.2806216726651008,0.9638671875,200
O=C(CC1CCNCC1)N1CCCC1C1NNCN1CC1CCNCC1c1nc(-c2ccc(Cc3ccoc3)s2)cs1,-47.40919818541087,0.2909230325774498,-0.5550781250000001,-47.67335327783342,33.704599092705436,0.2909230325774498,0.9775390625,200
O=C(CCC1CCCCC1)NC1CCN(C2CC(N3CCOCC3)CNN2)C1c1csc(-c2cc(-c3nnc(C4CC4)o3)co2)n1,-67.24677644474895,0.28750363243926824,-0.5531250000000001,-67.51239781230967,43.62338822237447,0.28750363243926824,0.9765625,200
O=C(CCS(=O)(=O)C1=CC=CC2NCCC2C1)N1CCCN2NC(c3ccccc3)CC2C1c1cccc(-c2cc(Cc3ccco3)no2)c1,-79.55902771722914,0.22601860745125774,-0.5394531250000001,-79.87246223477788,49.77951385861457,0.22601860745125774,0.9697265625,200
O=C(Nc1ccccc1)N1CC(CC2NCNN2)C1c1ccc(-c2ccc(C=Cc3ccoc3)s2)s1,-79.45853407325085,0.24854103146660056,-0.5277343750000001,-79.73772741678424,49.72926703662542,0.24854103146660056,0.9638671875,200
Cc1ccc(-c2cc(-c3cc(C4C=CCC(CN5CCC(CCC6NC(C7CCOCC7)NO6)CC5)N4)on3)on2)s1,-33.028294334251406,0.2922373224222399,-0.5570312500000001,-33.29308826182917,26.514147167125703,0.2922373224222399,0.978515625,200
Cc1ccc(-c2cc(-c3coc(C4CCCN4C(=O)C4CNN(C5CC(c6ncno6)CCN5)C4)c3)on2)s1,-62.75264346230881,0.3651308308942183,-0.5316406250000001,-62.919153256414596,41.376321731154405,0.3651308308942183,0.9658203125,200
C=Cc1ccc(-c2ccc(C3(NC4CC4)CCCCC4C(C(=O)NCCC5CCCC5=O)NC(c5ccccc5)N43)cc2Cl)cc1Cl,-58.2815431631237,0.2038773089480116,-0.5355468750000001,-58.61321272917569,39.14077158156185,0.2038773089480116,0.9677734375,200
Cc1cc(-c2csc(-c3ccnc([SH]4C=CC=C4C(=O)NC4CCCC4C(=O)N4CCc5ccccc5C4)c3)n2)co1,-62.170554336696554,0.2511415617066978,-0.5453125000000001,-62.46472527498986,41.08527716834828,0.2511415617066978,0.97265625,200
O=C(CCC1CCCCC1)NC1CCN(C2CC(N3CCOCC3)CNN2)C1c1ccc(-c2ccc(Cc3ccno3)s2)s1,-42.70566162636353,0.2801521733168144,-0.5257812500000001,-42.951290703046716,31.352830813181765,0.2801521733168144,0.962890625,200
C=Cc1csc(-c2nc(-c3csc(C4C=CCC(N5CCCC5)C4)n3)cs2)n1,-51.38627319029899,0.47416939521870854,-0.5687500000000001,-51.480853795080286,35.6931365951495,0.47416939521870854,0.984375,200
Cc1ccc(-c2ccc(-c3coc(C4CN(C5CCCCN5)CCN4C(=O)CC4COc5ccccc5NC4=O)c3)s2)c(Cl)c1,-68.54377448471462,0.2360593170544902,-0.5355468750000001,-68.84326204266013,44.27188724235731,0.2360593170544902,0.9677734375,200
c1cc(-c2nc(-c3ccc(-c4csc(C5C6CNCC5CNC6)n4)s3)cs2)co1,-54.32361670424818,0.4782702215523721,-0.5589843750000001,-54.40433085769581,37.16180835212409,0.4782702215523721,0.9794921875,200
Cc1ccc(-c2ccc(-c3ccc(C4CC(N5CNNN5)CC=C4C(=O)NC4=CCC5NC(=O)C6CCCN6C(=O)C5C4)s3)s2)cc1,-67.24677644474895,0.265728607256041,-0.5550781250000001,-67.5361259624929,43.62338822237447,0.265728607256041,0.9775390625,200
C=Cc1ccc(-c2cc(-c3nnc(C4C=CCC(CN5CCC(CCC6NC(C7CCOCC7)NO6)CC5)N4)o3)no2)s1,-36.85068161420758,0.2768290212308209,-0.5707031250000001,-37.14455571797676,28.42534080710379,0.2768290212308209,0.9853515625,200
Cc1nc(C2(c3ccc(C4CC4)s3)CC(OC3NOC(C4CNCCN4)N3)CCN2C(=O)C2CCOC2)cs1,-106.87001221722964,0.39480187008156026,-0.5531250000000001,-107.02833534714807,63.43500610861482,0.39480187008156026,0.9765625,200
Cc1ccc(-c2cc(-c3csc(C4CNCCC4CN4CNNC4C4CCCN4C(=O)CC4CCNCC4)n3)co2)s1,-43.74950980203691,0.30183467262808955,-0.5453125000000001,-43.99298762940882,31.874754901018456,0.30183467262808955,0.97265625,200
Cc1csc(-c2ccc(-c3nnc(C4C=CCC(CN5CCC(CCC6NC(C7CCOCC7)NO6)CC5)N4)o3)s2)n1,-38.92367945062494,0.28966715041661145,-0.5707031250000001,-39.20471542520833,29.46183972531247,0.28966715041661145,0.9853515625,200
O=C(NCC1CCCO1)C1CCN(C2CNC(N3CCNCC3)NC2)CC1c1ccc(-c2nc(-c3ccc(-c4ccco4)cc3)cs2)s1,-78.40731680114035,0.20566145249689577,-0.5433593750000001,-78.74501472364345,49.20365840057018,0.20566145249689577,0.9716796875,200
O=C(C1CCOC1)N1CCC(OC2NOC(C3CNCCN3)N2)CC1c1ccc(-c2ccc(-c3nc(-c4ccco4)cs3)cc2)cc1,-80.05998201079191,0.22049479454378562,-0.5511718750000001,-80.39065909124812,50.02999100539596,0.22049479454378562,0.9755859375,200
Cc1cc(-c2ccc(-c3csc(C4CCCN4C(=O)C4CNN(C5CC(c6ncno6)CCN5)C4)n3)s2)co1,-65.13518661517105,0.3508908428055348,-0.5609375000000001,-65.3452332723655,42.567593307585526,0.3508908428055348,0.98046875,200
O=C(NC1CCCC1C(=O)N1CCc2ccccc2C1)C1=CC=C[SH]1c1cc(-c2cccc(C=Cc3ccccc3Cl)c2)co1,-55.019997334044206,0.15848312475650614,-0.5375000000000001,-55.3990142092877,37.5099986670221,0.15848312475650614,0.96875,200
C=CN1CCC(c2ccc(-c3cccc(C4C5CC(c6ccccc6)NN5CCCN4C(=O)CCS(=O)(=O)C4=CC=CC5NCCC5C4)c3)cc2Cl)C(O)C1,-78.26494797230598,0.22568839254208897,-0.5335937500000001,-78.57285332976389,49.13247398615299,0.22568839254208897,0.966796875,200
c1cc(Cc2ccc(-c3coc(C4NCCCC4CN4CNC5CCCNC54)c3)s2)on1,-32.76362383309168,0.5266164843787221,-0.5472656250000001,-32.78427297371296,26.38181191654584,0.5266164843787221,0.9736328125,200
Cc1nc(-c2cccc(-c3csc(C4C5CNCC4CNC5)n3)c2)cs1,-50.76722405181653,0.7240648456891564,-0.5433593750000001,-50.58651858112737,35.38361202590826,0.7240648456891564,0.9716796875,200
C1=CC(Cc2cc(-c3csc(-c4ccno4)n3)on2)CC(C2NCCN3CCNC23)C1,-47.40919818541087,0.5877841749276126,-0.5667968750000001,-47.38821088548326,33.704599092705436,0.5877841749276126,0.9833984375,200
C=Cc1cccc(-c2ccc(-c3cc(C4N(C(=O)COc5ccccc5)CC(C5NCON5)C45CCOCC5)co3)cc2Cl)c1,-79.29753269845128,0.22557112362951334,-0.5277343750000001,-79.59969594982176,49.64876634922564,0.22557112362951334,0.9638671875,200
Cc1cc(-c2ccc(C3(c4cccs4)C4CNCC3CNC4)s2)on1,-59.120161779409926,0.7398605071986758,-0.5687500000000001,-58.94905127221125,39.56008088970496,0.7398605071986758,0.984375,200
Clc1cccc(C=Cc2ccc(-c3cccc(C4C=CCC(CN5CCNc6ccccc65)C4)c3)c(Cl)c2)c1,-68.29496021857646,0.18955410277198423,-0.5238281250000001,-68.62923424080448,44.14748010928823,0.18955410277198423,0.9619140625,200
C=CC=Cc1cccc(-c2ccc(C3CN(c4ccccc4)CCN3C3=NCCN3C(=O)c3ccccc3)s2)c1,-81.23240587875011,0.24571037834453877,-0.5101562500000001,-81.49685175040557,50.61620293937506,0.24571037834453877,0.955078125,200
O=C1N(CC2CC2)NC2C(c3coc(-c4ccc(-c5csc(-c6cccc(Cl)c6)n5)s4)c3)CCCCN12,-42.25752966509352,0.26705054333602724,-0.5335937500000001,-42.5240728717575,31.12876483254676,0.26705054333602724,0.966796875,200
O=C(CC1CCNCC1)N1CCCC1C1NNCN1CC1CCNCC1Cc1cc(-c2ccc(-c3ccon3)s2)on1,-52.9657453878188,0.2941011721477735,-0.5375000000000001,-53.209144215671024,36.4828726939094,0.2941011721477735,0.96875,200
C=Cc1coc(-c2ccc(-c3ccc(C4C5CC(c6ccccc6)NN5CCCN4C(=O)CCS(=O)(=O)C4=CC=CC5NCCC5C4)s3)s2)c1,-69.28605714219886,0.18357682557286079,-0.5492187500000001,-69.651699066626,44.64302857109943,0.18357682557286079,0.974609375,200
O=C1NC(c2ccccc2)NC2C1CCNC2c1ccc(-c2cccc(Cc3ccco3)c2)s1,-63.66600265340756,0.38331336967415075,-0.5082031250000001,-63.79089240873341,41.83300132670378,0.38331336967415075,0.9541015625,200
Cc1cc(-c2ccc(-c3cc(C4NCCCC4CN4CNC5CCCNC54)no3)s2)on1,-35.06359959174482,0.5407299388214426,-0.5570312500000001,-35.07990090292338,27.53179979587241,0.5407299388214426,0.978515625,200
Cc1nc(-c2ccc(-c3csc(C4C5CNCC4CNC5)n3)s2)cs1,-43.71812928829596,0.7160041596493951,-0.5824218750000001,-43.58454700364657,31.85906464414798,0.7160041596493951,0.9912109375,200
C=Cc1ccc(-c2ccc(-c3ccc(C4COCCN4C45NC(=O)NC(=O)C4NCC5=O)s3)s2)c(Cl)c1,-68.79189152169245,0.4424193663612097,-0.5433593750000001,-68.89283153033124,44.395945760846224,0.4424193663612097,0.9716796875,200
C#Cc1ccc(C2C3CC(c4ccccc4)NN3CCCN2C(=O)CCS(=O)(=O)C2=CC=CC3NCCC3C2)c(-c2ccc(C=C)cc2)c1,-71.56418513807678,0.27777301564473866,-0.5375000000000001,-71.82391212243203,45.78209256903839,0.27777301564473866,0.96875,200
C1=CC(c2ccc(-c3csc(-c4coc(-c5ccco5)c4)n3)s2)CC(C2=CCC(N3CCOCC3)NN2)C1,-44.56004956627589,0.2681142086706629,-0.5433593750000001,-44.835294732605234,32.28002478313795,0.2681142086706629,0.9716796875,200
Cc1nc(-c2ccc(-c3cccc(C4CN(C5CNC(N6CCNCC6)NC5)CCC4C(=O)NCC4CCCO4)c3)s2)cs1,-63.066238629180745,0.29993931552473396,-0.5394531250000001,-63.305752438656015,41.53311931459037,0.29993931552473396,0.9697265625,200
Cc1cc(-c2cc(-c3cc(C4CN(C5CNC(N6CCNCC6)NC5)CCC4C(=O)NCC4CCCO4)co3)no2)co1,-58.38367176906169,0.30552783138946815,-0.5472656250000001,-58.625409562672225,39.191835884530846,0.30552783138946815,0.9736328125,200
C=Cc1cc(-c2ccc(-c3nnc(C45CC=CCC4NCC5)o3)s2)no1,-47.734776887504395,0.7022081622161273,-0.5687500000000001,-47.60131872528827,33.8673884437522,0.7022081622161273,0.984375,200
O=C(CCNC1C(c2ccccc2)NC2CNCCN21)N1CCSCC1Cc1cc(-c2csc(-c3ccccc3)n2)co1,-72.62828941527529,0.25539174571669493,-0.5218750000000001,-72.89477266955859,46.314144707637645,0.25539174571669493,0.9609375,200
C=Cc1cc(Cc2cccc(C3CSCCN3C(=O)CCNC3C(c4ccccc4)NC4CNCCN43)c2)co1,-62.6559132790873,0.36726679304591586,-0.5375000000000001,-62.82614648604139,41.32795663954365,0.36726679304591586,0.96875,200
Cc1ccc(-c2cnc(-c3coc(C4C=CCC(C5=CCC(N6CCOCC6)NN5)C4)c3)nc2)c(Cl)c1,-46.87301398920195,0.43538451766196984,-0.5453125000000001,-46.98294197153998,33.436506994600975,0.43538451766196984,0.97265625,200
Cc1cc(-c2nc(-c3cc(C4C=CCC(N5CCCC5)C4)on3)cs2)on1,-51.04927867332644,0.6114622321386338,-0.5433593750000001,-50.98117581618781,35.52463933666322,0.6114622321386338,0.9716796875,200
C=Cc1ccc(-c2nc(NC3C=CCC(CN4CCNc5ccccc54)C3)cs2)cc1,-58.153694730319685,0.4633054882191822,-0.5394531250000001,-58.2298423671005,39.07684736515984,0.4633054882191822,0.9697265625,200
Cc1ccc(-c2ccc(C=CC3C(C4NC(Cc5ccccc5)NO4)CN3S(=O)(=O)c3ccccc3)cc2)cc1,-96.63618649458667,0.3076322234201605,-0.5375000000000001,-96.8660542711665,58.31809324729333,0.3076322234201605,0.96875,200
Cc1cc(-c2nc(-c3cc(C4C=CCC(C5=CCC(N6CCOCC6)NN5)C4)on3)cs2)on1,-36.0,0.527301709179701,-0.5746093750000001,-36.0473076658203,28.0,0.527301709179701,0.9873046875,200
O=C(NC1=CCC2NC(=O)C3CCCN3C(=O)C2C1)C1=CCC(N2CNNN2)CC1c1ccc(Cc2ccc(-c3ccco3)s2)s1,-60.049984384758005,0.26070053739323484,-0.5648437500000001,-60.35412759736477,40.024992192379,0.26070053739323484,0.982421875,200
O=C(c1ccccc1)N1CCN=C1N1CCN(c2ccccc2)CC1Cc1cc(Cc2cccc(Cl)c2)co1,-71.06041950265768,0.3126474892292195,-0.4808593750000001,-71.22863138842845,45.53020975132884,0.3126474892292195,0.9404296875,200
O=C(COc1ccccc1)N1CC(C2NCON2)C2(CCOCC2)C1c1cccc(-c2ccc(C=Cc3ccco3)c(Cl)c2)c1,-77.01546268507923,0.22957999308350993,-0.5218750000000001,-77.30775769199572,48.507731342539614,0.22957999308350993,0.9609375,200
C=Cc1ccc(-c2ccc(-c3ccc(C4C(CC5NCNN5)CN4C(=O)Nc4ccccc4)s3)cc2)cc1Cl,-83.94229168149026,0.19901004199243022,-0.5414062500000001,-84.28468788949783,51.97114584074513,0.19901004199243022,0.970703125,200
O=C(C1CNN(C2CC(c3ncno3)CCN2)C1)N1CCCC1c1cc(-c2cc(Cc3ccccc3Cl)no2)co1,-60.870266476622916,0.3305862067442924,-0.5394531250000001,-61.079133394878625,40.43513323831146,0.3305862067442924,0.9697265625,200
C=Cc1ccc(CC2(C3CC3)CN(c3ccccc3)CCN2C2=NCCN2C(=O)c2ccccc2)cc1Cl,-102.55610959882824,0.39628280952706274,-0.4808593750000001,-102.64068616430117,61.27805479941412,0.39628280952706274,0.9404296875,200
Cc1cc(-c2nc(-c3cc(C4C=CCC(C5=CCC(N6CCOCC6)NN5)C4)on3)cs2)co1,-35.06359959174482,0.5189286282098938,-0.5648437500000001,-35.10951471353493,27.53179979587241,0.5189286282098938,0.982421875,200
O=C(NCC1CCCO1)C1CCN(C2CNC(N3CCNCC3)NC2)CC1c1ccc(-c2ccc(Cc3cccs3)s2)s1,-56.889531146964345,0.28495031235745594,-0.5472656250000001,-57.15184645960689,38.44476557348217,0.28495031235745594,0.9736328125,200
Cc1ccc(-c2csc(-c3cc(C4C=CCC(C5=CCC(N6CCOCC6)NN5)C4)on3)n2)cc1,-35.82114294781145,0.49571031753455497,-0.5570312500000001,-35.8824638802769,27.910571473905726,0.49571031753455497,0.978515625,200
O=C1NC(=O)C2NCC(=O)C2(N2CCOCC2c2cc(-c3coc(-c4ccc(-c5cccc(Cl)c5)c(Cl)c4)c3)co2)N1,-99.48221624995077,0.3000870218551484,-0.5394531250000001,-99.72158235309561,59.74110812497538,0.3000870218551484,0.9697265625,200
C=CC1(c2csc(-c3nc(-c4nccs4)cs3)n2)C=CCC(CN2CCC(CCC3NC(C4CCOCC4)NO3)CC2)N1,-38.1033561853358,0.2526965359643387,-0.5785156250000001,-38.42917527437146,29.0516780926679,0.2526965359643387,0.9892578125,200
O=C(CC1(N2CC=CC2)CCOCC1)NC1NNC(C2CCCCC2)[SH]1Cc1ccc(-c2ccc(-c3ccoc3)s2)s1,-46.90291473471092,0.16132640971806775,-0.5394531250000001,-47.281041449992856,33.45145736735546,0.16132640971806775,0.9697265625,200
C=Cc1coc(-c2ccc(-c3nc(C4COCCN4C45NC(=O)NC(=O)C4NCC5=O)cs3)cc2Cl)c1,-83.78824596263297,0.45177146857561773,-0.5687500000000001,-83.90522449405735,51.894122981316485,0.45177146857561773,0.984375,200
C1=CC(c2nc(-c3nc(-c4csc(-c5ccno5)n4)cs3)cs2)CC(C2=CCC(N3CCOCC3)NN2)C1,-66.94826047713663,0.3080066821009894,-0.5785156250000001,-67.21876942003563,43.474130238568314,0.3080066821009894,0.9892578125,200
O=C(NC1=CCC2NC(=O)C3CCCN3C(=O)C2C1)C1=CCC(N2CNNN2)CC1c1ccc(-c2ccc(Cc3ccoc3)s2)s1,-66.02325267042627,0.26070053739323484,-0.5472656250000001,-66.30981775803303,43.01162633521314,0.26070053739323484,0.9736328125,200
C=Cc1ccc(Cc2cc(C3CN(c4ccccc4)CCN3C3=NCCN3C(=O)c3ccccc3)on2)cc1Cl,-78.52918349402881,0.2967419460510947,-0.4847656250000001,-78.71720717297771,49.26459174701441,0.2967419460510947,0.9423828125,200
Cc1coc(-c2csc(-c3ccc(C4CCCC5NNC(=O)CC54)s3)n2)c1,-32.11525688318153,0.6688808288927343,-0.5472656250000001,-31.993641679288796,26.057628441590765,0.6688808288927343,0.9736328125,200
O=C(NC1CCCC1C(=O)N1CCc2ccccc2C1)C1=CC=C[SH]1c1ccc(Cc2coc(-c3cccs3)c2)s1,-43.340350488452465,0.21892678169239554,-0.5179687500000001,-43.63939245676007,31.670175244226233,0.21892678169239554,0.958984375,200
O=C(COc1ccccc1)N1CC(C2NCON2)C2(CCOCC2)C1c1ccc(-c2cccc(C=Cc3ccccc3)c2)cc1,-85.75443253121828,0.2309243611564154,-0.5199218750000001,-86.04343004506187,52.87721626560914,0.2309243611564154,0.9599609375,200
O=C1NC(=O)C2NCC(=O)C2(N2CCOCC2c2cc(-c3ccc(-c4coc(-c5cccc(Cl)c5)c4)s3)on2)N1,-97.14947716485976,0.324344758980337,-0.5453125000000001,-97.37044490587942,58.57473858242988,0.324344758980337,0.97265625,200
O=C(NCC1CCCN1)C1c2ccccc2C(=O)N(C2C=CC=CC2)C12CCCC2c1coc(C=Cc2ccc(-c3cccc(Cl)c3)cc2Cl)c1,-66.78709581498853,0.19051818678522037,-0.5394531250000001,-67.1360307532033,43.393547907494266,0.19051818678522037,0.9697265625,200
C=CC=Cc1cccc(-c2ccc(C3NCCC4C(=O)NC(c5ccccc5)NC43)s2)c1,-54.02702209328699,0.4857371318470824,-0.5492187500000001,-54.09050371143991,37.013511046643494,0.4857371318470824,0.974609375,200
O=C(C1CNN(C2CC(c3ncno3)CCN2)C1)N1CCCC1c1ccc(-c2cc(Cc3ccoc3)co2)s1,-53.10266752998827,0.3513588786042734,-0.5414062500000001,-53.292714901383995,36.55133376499413,0.3513588786042734,0.970703125,200
Clc1cccc(-c2coc(Cc3nc(C4C=CCC(CN5CCNc6ccccc65)C4)cs3)c2)c1,-57.40800992145451,0.2756227083291447,-0.5453125000000001,-57.677699713125364,38.704004960727254,0.2756227083291447,0.97265625,200
O=C(NC1CCCC1C(=O)N1CCc2ccccc2C1)C1=CC=C[SH]1c1nc(-c2cc(Cc3cccs3)co2)cs1,-40.56401571890688,0.23141880654352978,-0.5375000000000001,-40.87009691236335,30.28200785945344,0.23141880654352978,0.96875,200
O=C1CC2C(CCCC2c2cc(Cc3ccc(-c4ccno4)s3)no2)NN1,-37.51521537819362,0.7171590294495385,-0.5687500000000001,-37.366806348744085,28.75760768909681,0.7171590294495385,0.984375,200
O=C(CC1CCNCC1)N1CCCC1C1NNCN1CC1CCNCC1c1ccc(-c2nc(-c3ccc(-c4cscn4)s3)cs2)s1,-66.53323061113575,0.18284302745320288,-0.5472656250000001,-66.89765320868254,43.266615305567875,0.18284302745320288,0.9736328125,200
O=C(COc1ccccc1)N1CC(C2NCON2)C2(CCOCC2)C1c1ccc(-c2ccc(C=Cc3cccs3)c(Cl)c2)c(Cl)c1,-73.50935782048768,0.19970711747565656,-0.5218750000000001,-73.83152570301202,46.75467891024384,0.19970711747565656,0.9609375,200
Cc1ccc(-c2ccc(-c3ccc(C4C(CCCN5CCCO5)CCCN4C(=O)C4CCOC4)s3)s2)cc1,-52.332565280100496,0.2978059565985372,-0.5257812500000001,-52.56054057350196,36.16628264005025,0.2978059565985372,0.962890625,200
C=Cc1ccc(Cc2cc(C3CCCC34C(C(=O)NCC3CCCN3)c3ccccc3C(=O)N4C3C=CC=CC3)co2)c(Cl)c1,-38.48076606885378,0.27977045457740357,-0.5199218750000001,-38.72091748927638,29.24038303442689,0.27977045457740357,0.9599609375,200
Cc1cc(-c2cc(-c3nc(N4CCC5CC=CCC54)cs3)on2)no1,-34.36910887627275,0.6530884991169853,-0.5648437500000001,-34.280864127155766,27.184554438136374,0.6530884991169853,0.982421875,200
O=C(NC1CCCC1C(=O)N1CCc2ccccc2C1)C1=CC=C[SH]1c1ccc(-c2cc(-c3nc(C4CCCCC4)cs3)co2)s1,-47.55738301621814,0.1929836901792177,-0.5316406250000001,-47.89603995103892,33.77869150810907,0.1929836901792177,0.9658203125,200
O=C(CCN1CCCN1)N1CCCC1CCC1NCCN1CC1CC1c1cc(-c2ccc(Cc3ccno3)s2)on1,-47.11184694225007,0.33261790384119644,-0.5316406250000001,-47.31086966340887,33.555923471125034,0.33261790384119644,0.9658203125,200
O=C(CCN1CCCN1)N1CCCC1CCC1NCCN1CC1CC1c1csc(-c2csc(-c3coc(-c4ccoc4)c3)n2)n1,-52.608539442685384,0.2066352996095395,-0.5589843750000001,-52.96088851807585,36.30426972134269,0.2066352996095395,0.9794921875,200
c1cc(Cc2cc(-c3nc(C4NCCCC4CN4CNC5CCCNC54)cs3)no2)co1,-36.49778756730214,0.5237355595456218,-0.5628906250000001,-36.53694263275652,28.24889378365107,0.5237355595456218,0.9814453125,200
C#Cc1ccc(C2CCCCC3C(C(=O)NCCC4CCCC4=O)NC(c4ccccc4)N23)c(-c2ccc([N+](=O)[O-])c(C=C)c2)c1,-63.04215796810678,0.15721791486259754,-0.5531250000000001,-63.43806505324418,41.52107898405339,0.15721791486259754,0.9765625,200
Cc1nc(-c2cc(-c3ccc(C4CCCCN5C(=O)N(CC6CC6)NC45)s3)no2)cs1,-31.76871642217914,0.5806308168035723,-0.5433593750000001,-31.731444980375567,25.88435821108957,0.5806308168035723,0.9716796875,200
Cc1cc(-c2cc(-c3ccc(C4NCCC5C(=O)NC(c6ccccc6)NC54)s3)co2)co1,-66.0,0.39964827495979843,-0.5140625000000001,-66.11441422504019,43.0,0.39964827495979843,0.95703125,200
c1cc(Cc2ccc(-c3ccc(C4NCCCC4CN4CNC5CCCNC54)s3)s2)co1,-36.78027826631356,0.4920269624098193,-0.5394531250000001,-36.82770442890374,28.39013913315678,0.4920269624098193,0.9697265625,200
Cc1cc(-c2cc(-c3nc(C4C=CCC(C5NCCN6CCNC56)C4)cs3)no2)on1,-37.96550698475775,0.6008448702307042,-0.5667968750000001,-37.93145898952705,28.982753492378876,0.6008448702307042,0.9833984375,200
Cc1csc(-c2nc(-c3csc(C4CC4CN4CCNC4CCC4CCCN4C(=O)CCN4CCCN4)n3)cs2)n1,-40.663003552412405,0.32950205208607775,-0.5550781250000001,-40.88857962532633,30.331501776206203,0.32950205208607775,0.9775390625,200
Cc1cc(-c2ccc(-c3cc(C4C5CNCC4CNC5)on3)s2)no1,-43.71812928829596,0.751478964534124,-0.5726562500000001,-43.53930657376184,31.85906464414798,0.751478964534124,0.986328125,200
Cc1cc(-c2cc(-c3cc(C4NCCN4CCNN4NC(=O)C4CC4CC4)on3)no2)co1,-45.05382386916237,0.44175647024065906,-0.5531250000000001,-45.16519239892171,32.526911934581186,0.44175647024065906,0.9765625,200
O=C1NN(NCCN2CCNC2c2coc(-c3cc(-c4ccc(C5CCCCC5)s4)on3)c2)C1CC1CC1,-35.42562584220407,0.34493749657721257,-0.5199218750000001,-35.60061022062686,27.712812921102035,0.34493749657721257,0.9599609375,200
Cc1cc(-c2ccc(-c3ccc(C4NCCC5C(=O)NC(c6ccccc6)NC54)cc3Cl)cc2Cl)no1,-71.82592226599198,0.2973062674048454,-0.5453125000000001,-72.07392849858712,45.91296113299599,0.2973062674048454,0.97265625,200
C=Cc1nnc(-c2ccc(-c3ccc(C4C5CC(c6ccccc6)NN5CCCN4C(=O)CCS(=O)(=O)C4=CC=CC5NCCC5C4)cc3Cl)cc2Cl)o1,-93.87712676389407,0.17712368335541268,-0.5414062500000001,-94.24140933053864,56.938563381947034,0.17712368335541268,0.970703125,200
CC=Cc1cccc(-c2ccc(C3C(CC4NCNN4)CN3C(=O)Nc3ccccc3)cc2)c1,-59.87490219086344,0.4257751067193513,-0.5277343750000001,-59.97686145914409,39.93745109543172,0.4257751067193513,0.9638671875,200
C=Cc1cc(-c2ccc(C3C(C4NC(Cc5ccccc5)NO4)CN3S(=O)(=O)c3ccccc3)c(C)c2)co1,-94.43775600735974,0.31591373872226186,-0.5277343750000001,-94.64957664363747,57.21887800367987,0.31591373872226186,0.9638671875,200
C=CC=Cc1ccc(-c2ccc(C3CCCC34C(C(=O)NCC3CCCN3)c3ccccc3C(=O)N4C3C=CC=CC3)cc2Cl)cc1Cl,-46.12110101926616,0.2342477013020412,-0.5140625000000001,-46.400915817964126,33.06055050963308,0.2342477013020412,0.95703125,200
C=Cc1ccc(-c2cccc(-c3cc(C4C(CC5NCNN5)CN4C(=O)Nc4ccccc4)co3)c2)s1,-88.77499712709718,0.24863125664476288,-0.5453125000000001,-89.07167837045242,54.38749856354859,0.24863125664476288,0.97265625,200
C=CC=Cc1ccc(-c2ccc(C3CCCCC4C(C(=O)NCCC5CCCC5=O)NC(c5ccccc5)N34)cc2)cc1,-28.33218389437829,0.2622565379095099,-0.5355468750000001,-28.60547423146878,24.166091947189145,0.2622565379095099,0.9677734375,200
C=Cc1cc(-c2cc(-c3cc(C4CNCCC4CN4CNNC4C4CCCN4C(=O)CC4CCNCC4)co3)on2)on1,-46.09084656743322,0.2927606622547704,-0.5375000000000001,-46.33558590517845,33.04542328371661,0.2927606622547704,0.96875,200
C=Cc1ccc(-c2csc(-c3coc(C4N(C(=O)COc5ccccc5)CC(C5NCON5)C45CCOCC5)c3)n2)c(Cl)c1,-71.60785992479029,0.2387733816203255,-0.5492187500000001,-71.91830529316996,45.803929962395145,0.2387733816203255,0.974609375,200
CC(C)(OC1C=CCC(C2NCCN3CCNC23)C1)c1nc(-c2csc(-c3ccon3)n2)cs1,-40.663003552412405,0.49752805094821295,-0.5726562500000001,-40.738131751464195,30.331501776206203,0.49752805094821295,0.986328125,200
O=C(C1CCOC1)N1CCC(OC2NOC(C3CNCCN3)N2)CC1c1ccc(Cc2ccc(-c3cccs3)s2)cc1,-54.619032424710525,0.30872876752159645,-0.5335937500000001,-54.84389740718893,37.30951621235526,0.30872876752159645,0.966796875,200
C#CC=Cc1cc(C2CN(c3ccccc3)CCN2C2=NCCN2C(=O)c2ccccc2)ccc1C=C,-90.16351483136329,0.45653423239334945,-0.5023437500000001,-90.20932434896993,55.08175741568164,0.45653423239334945,0.951171875,200
Cc1cc(-c2cc(-c3cc(N4CCC5CC=CCC54)on3)no2)on1,-31.65268628057983,0.6710634394449388,-0.5609375000000001,-31.54256034113489,25.826343140289914,0.6710634394449388,0.98046875,200
O=C(CC1CCNCC1)N1CCCC1C1NNCN1CC1CCNCC1c1csc(-c2ccc(Cc3cccs3)s2)n1,-47.40919818541087,0.2825136639434388,-0.5414062500000001,-47.66809077146743,33.704599092705436,0.2825136639434388,0.970703125,200
Cc1nc(-c2csc(-c3cc(C4C=CCC(C5=CCC(N6CCOCC6)NN5)C4)on3)n2)cs1,-36.674509261219015,0.5051741390609121,-0.5648437500000001,-36.734178872158104,28.337254630609507,0.5051741390609121,0.982421875,200
O=C(c1ccccc1)N1CCN=C1N1CCN(c2ccccc2)CC1Cc1ccc(C=Cc2cccc(Cl)c2)cc1Cl,-83.80751417888784,0.218128874317185,-0.4867187500000001,-84.07610405457065,51.90375708944392,0.218128874317185,0.943359375,200
O=C(CC1(N2CC=CC2)CCOCC1)NC1NNC(C2CCCCC2)[SH]1c1coc(-c2ccc(Cc3ccoc3)s2)c1,-44.34283176858165,0.1804802876661122,-0.5472656250000001,-44.709617105915534,32.17141588429082,0.1804802876661122,0.9736328125,200
Cc1cc(-c2ccc(-c3nc(C4C=CCC(C5=CCC(N6CCOCC6)NN5)C4)cs3)s2)co1,-39.9666574022598,0.4549510063515635,-0.5589843750000001,-40.070690770908236,29.9833287011299,0.4549510063515635,0.9794921875,200
O=S(=O)(c1ccccc1)N1CC(C2NC(Cc3ccccc3)NO2)C1c1ccc(Cc2coc(-c3ccccc3)c2)cc1,-99.91663771137014,0.2215542916745143,-0.5296875000000001,-100.22477091969563,59.95831885568507,0.2215542916745143,0.96484375,200
Cc1nc(-c2nc(-c3cc(N4CCC5CC=CCC54)no3)cs2)cs1,-33.47896782848375,0.6214047634540859,-0.5746093750000001,-33.43217244002967,26.739483914241877,0.6214047634540859,0.9873046875,200
Cc1cc(-c2ccc(-c3ccc(C4C(NC(=O)CCC5CCCCC5)CCN4C4CC(N5CCOCC5)CNN4)s3)s2)co1,-39.02541825349483,0.2593130925783308,-0.5316406250000001,-39.2977457859165,29.512709126747414,0.2593130925783308,0.9658203125,200
CS(=O)c1ccc(C2C=CCC(CN3CCNc4ccccc43)C2)c(-c2csc(-c3cccc(Cl)c3)n2)c1,-45.4217089351845,0.2442682844830379,-0.5257812500000001,-45.703221900701465,32.71085446759225,0.2442682844830379,0.962890625,200
Cc1ccc(-c2ccc(C=CC3C(CC4NCNN4)CN3C(=O)Nc3ccccc3)s2)cc1,-77.77525249264254,0.4335549265778348,-0.5316406250000001,-77.87333819106469,48.88762624632127,0.4335549265778348,0.9658203125,200
Cc1cc(-c2cc(-c3ccc(C4CC(N5CNNN5)CC=C4C(=O)NC4=CCC5NC(=O)C6CCCN6C(=O)C5C4)s3)co2)no1,-64.94704232638121,0.2704530165424695,-0.5570312500000001,-65.23362055983873,42.473521163190604,0.2704530165424695,0.978515625,200
O=C(C1CNN(C2CC(c3ncno3)CCN2)C1)N1CCCC1c1cc(-c2ccc(Cc3cccc(Cl)c3)s2)co1,-53.51190379795642,0.3009913579832502,-0.5414062500000001,-53.75231868997317,36.75595189897821,0.3009913579832502,0.970703125,200
Cc1ccc(-c2cc(-c3nc(C4CNCCC4CN4CNNC4C4CCCN4C(=O)CC4CCNCC4)cs3)co2)s1,-43.74950980203691,0.30183467262808955,-0.5433593750000001,-43.99103450440882,31.874754901018456,0.30183467262808955,0.9716796875,200
O=C1NN(NCCN2CCNC2c2ccc(C(c3cscn3)c3ccco3)s2)C1CC1CC1,-83.15037566582102,0.40799695458527885,-0.5531250000000001,-83.29550371123574,51.57518783291051,0.40799695458527885,0.9765625,200
Cc1nc(-c2cc(-c3nc(C4C=CCC(C5NCCN6CCNC56)C4)cs3)on2)cs1,-36.28498911788115,0.5844298392353704,-0.5765625000000001,-36.277121778645785,28.142494558940577,0.5844298392353704,0.98828125,200
C=CC1(c2csc(-c3cc(-c4ccccc4Cl)co3)n2)C=CCC(C2NCCN3CCNC23)C1,-44.24951361683604,0.4721736319370449,-0.5589843750000001,-44.336324359898995,32.12475680841802,0.4721736319370449,0.9794921875,200
CCc1ccc(-c2cc(C3C(CC4NCNN4)CN3C(=O)Nc3ccccc3)on2)cc1,-83.07278981380101,0.47651179344154854,-0.5394531250000001,-83.13573114535946,51.536394906900505,0.47651179344154854,0.9697265625,200
O=C(NCC1CCCO1)C1CCN(C2CNC(N3CCNCC3)NC2)CC1c1coc(-c2cc(Cc3ccoc3)co2)c1,-56.889531146964345,0.29437331230453223,-0.5257812500000001,-57.12093908465982,38.44476557348217,0.29437331230453223,0.962890625,200
O=C1NC(=O)C2NCC(=O)C2(N2CCOCC2c2ccc(-c3cc(C=Cc4ccoc4)co3)s2)N1,-66.51011501552867,0.49307866574421755,-0.5472656250000001,-66.56430197478444,43.255057507764334,0.49307866574421755,0.9736328125,200
Cc1cc(-c2cc(-c3csc(C4NCCCC4CN4CNC5CCCNC54)n3)ccn2)no1,-46.4529909033446,0.529440992242144,-0.5589843750000001,-46.48253428610246,33.2264954516723,0.529440992242144,0.9794921875,200
Cc1coc(-c2cc(-c3ccc(C4NCCCC4CN4CNC5CCCNC54)s3)on2)c1,-29.315312023751808,0.5397898024292755,-0.5492187500000001,-29.324740971322534,24.657656011875904,0.5397898024292755,0.974609375,200
Cc1cc(-c2ccc(-c3nc(C4C5CNCC4CNC5)cs3)s2)on1,-42.960304954788775,0.7381250945798491,-0.5804687500000001,-42.80264861020893,31.480152477394387,0.7381250945798491,0.990234375,200
O=C1N(CC2CC2)NC2C(c3cc(-c4ccc(Cc5nccs5)s4)on3)CCCCN12,-36.10704055642215,0.5833448830085403,-0.5511718750000001,-36.07486754841361,28.053520278211074,0.5833448830085403,0.9755859375,200
C1=CC(c2cccc(C3CCOC3c3cc(-c4ccoc4)on3)c2)CC(CN2CCNc3ccccc32)C1,-69.26365441768559,0.27941352567872646,-0.5277343750000001,-69.51197526700686,44.63182720884279,0.27941352567872646,0.9638671875,200
Cc1nc(-c2ccc(-c3cc(C4C(CCCN5CCCO5)CCCN4C(=O)C4CCOC4)on3)s2)cs1,-55.33923280734945,0.3681568747826688,-0.5453125000000001,-55.51638843256678,37.66961640367472,0.3681568747826688,0.97265625,200
Cc1ccc(-c2cc(-c3cc(C4CCCCN5C(=O)N(CC6CC6)NC45)on3)on2)s1,-32.421369688324624,0.6245137305068784,-0.5414062500000001,-32.33826220781775,26.210684844162312,0.6245137305068784,0.970703125,200
O=C(COc1ccccc1)N1CC(C2NCON2)C2(CCOCC2)C1c1cc(CC=Cc2ccco2)co1,-86.4894360957931,0.4624087082075298,-0.5394531250000001,-86.56648051258556,53.24471804789655,0.4624087082075298,0.9697265625,200
C=CC1(c2ccc(-c3ccc(-c4ccccc4)s3)s2)CC(OC2NOC(C3CNCCN3)N2)CCN1C(=O)C1CCOC1,-61.68231142664855,0.28196538616264527,-0.5394531250000001,-61.93979916548591,40.84115571332428,0.28196538616264527,0.9697265625,200
Cc1ccc(-c2cc(-c3cccc(C4C=CCC(CN5CCNc6ccccc65)C4)c3)co2)s1,-56.15773105863909,0.30238649225842684,-0.5277343750000001,-56.38307894138066,38.07886552931954,0.30238649225842684,0.9638671875,200
O=C(Nc1ccccc1)N1CC(CC2NCNN2)C1c1ccc(-c2ccc(Cc3ccccc3)cc2)s1,-90.14535850411491,0.2625205130609435,-0.5042968750000001,-90.38713486605396,55.072679252057455,0.2625205130609435,0.9521484375,200
Cc1cc(-c2cc(OC3C=CCC(CN4CCNc5ccccc54)C3)on2)on1,-70.9945053286186,0.649383110769165,-0.5492187500000001,-70.89434096784943,45.4972526643093,0.649383110769165,0.974609375,200
Cc1ccc(-c2csc(-c3ccc(C4CNCCC4CN4CNNC4C4CCCN4C(=O)CC4CCNCC4)s3)n2)cc1,-42.385895841928885,0.29314829558987543,-0.5277343750000001,-42.620481921339014,31.192947920964443,0.29314829558987543,0.9638671875,200
Cc1ccc(C2C(CC3NCNN3)CN2C(=O)Nc2ccccc2)c(-c2ccc(-c3cccc(Cl)c3)c(Cl)c2)c1,-127.85127662620977,0.19717269842047538,-0.5238281250000001,-128.1779320527893,73.92563831310488,0.19717269842047538,0.9619140625,200
C=Cc1ccc(C=Cc2ccc(C3CCCC34C(C(=O)NCC3CCCN3)c3ccccc3C(=O)N4C3C=CC=CC3)cc2Cl)c(Cl)c1,-47.70524351924303,0.23434809538007342,-0.5179687500000001,-47.98886417386296,33.85262175962151,0.23434809538007342,0.958984375,200
C=Cc1ccc(-c2ccc(-c3ccc(C4COCCN4C45NC(=O)NC(=O)C4NCC5=O)c(Cl)c3)s2)cc1,-72.90855719469548,0.4480687568157579,-0.5355468750000001,-72.99603531287971,46.45427859734774,0.4480687568157579,0.9677734375,200
Clc1cc(-c2cc(ON3CCC4CC=CCC43)on2)ccc1-c1nccs1,-40.76183012385325,0.5455470899610502,-0.5570312500000001,-40.773314283892205,30.380915061926625,0.5455470899610502,0.978515625,200
Cc1cc(-c2cccc(S(=O)(=O)c3ccc([SH]4C=CC=C4C(=O)NC4CCCC4C(=O)N4CCc5ccccc5C4)cc3)c2)no1,-70.22194854911969,0.23269397823326174,-0.5375000000000001,-70.52675457088642,45.110974274559844,0.23269397823326174,0.96875,200
O=C(C1CNN(C2CC(c3ncno3)CCN2)C1)N1CCCC1c1cc(Cc2cc(-c3cccs3)co2)on1,-60.39900496896712,0.3533744737854793,-0.5433593750000001,-60.58898987018164,40.19950248448356,0.3533744737854793,0.9716796875,200
O=C(c1ccccc1)N1CCN=C1N1CCN(c2ccccc2)CC1C=Cc1ccc(Cc2ccccc2Cl)cc1Cl,-66.74099376880577,0.2349608557739736,-0.4808593750000001,-66.98689228803178,43.37049688440288,0.2349608557739736,0.9404296875,200
O=C(CC1CCNCC1)N1CCCC1C1NNCN1CC1CCNCC1Cc1coc(-c2ccc(-c3cccs3)s2)c1,-56.60287200882223,0.28317399348049654,-0.5218750000000001,-56.84157301534174,38.301436004411116,0.28317399348049654,0.9609375,200
O=C1N(CC2CC2)NC2C(c3nc(-c4ccc(Cc5cccc(Cl)c5)s4)cs3)CCCCN12,-38.68560300448484,0.4297278787477435,-0.5257812500000001,-38.7816563757371,29.34280150224242,0.4297278787477435,0.962890625,200
O=C(CCC1CCCCC1)NC1CCN(C2CC(N3CCOCC3)CNN2)C1c1nc(-c2ccc(Cc3cscn3)s2)cs1,-53.83765976789893,0.2800851271899515,-0.5472656250000001,-54.10484026570898,36.91882988394946,0.2800851271899515,0.9736328125,200
Cc1csc(-c2ccc(-c3cc(C4CC4CN4CCNC4CCC4CCCN4C(=O)CCN4CCCN4)on3)s2)n1,-38.855755878248644,0.334133017145616,-0.5433593750000001,-39.06498223610303,29.427877939124322,0.334133017145616,0.9716796875,200
O=C(CCN1CCCN1)N1CCCC1CCC1NCCN1CC1CC1Nc1ccc(-c2nnc(-c3cccs3)o2)c(Cl)c1,-38.240879114244144,0.2684285294276309,-0.5335937500000001,-38.506044334816515,29.120439557122072,0.2684285294276309,0.966796875,200
O=C(c1ccccc1)N1CCN=C1N1CCN(c2ccccc2)CC1Cc1ccc(C=Cc2ccccc2Cl)c(Cl)c1,-83.11159003720194,0.218128874317185,-0.4789062500000001,-83.37236741288474,51.55579501860097,0.218128874317185,0.939453125,200
C=Cc1cccc(Cc2ccc(C3C(C4NC(Cc5ccccc5)NO4)CN3S(=O)(=O)c3ccccc3)cc2)c1,-83.22790320451152,0.2954586924975799,-0.5238281250000001,-83.45627263701394,51.61395160225576,0.2954586924975799,0.9619140625,200
Cc1csc(-c2ccc(-c3ccc(C4CCCCN5C(=O)N(CC6CC6)NC45)s3)s2)n1,-33.81449618829484,0.4861473735961913,-0.5355468750000001,-33.86389568969865,26.90724809414742,0.4861473735961913,0.9677734375,200
O=C(NC1CCCC1C(=O)N1CCc2ccccc2C1)C1=CC=CS1(C=Cc1ccco1)c1cc(-c2cccs2)no1,-58.076885183772546,0.24528915492953535,-0.5316406250000001,-58.36323665384301,39.03844259188627,0.24528915492953535,0.9658203125,200
Clc1ccccc1Cc1nc(-c2ccc(C3NCCCC3CN3CNC4CCCNC43)s2)cs1,-30.0,0.42802824602095174,-0.5472656250000001,-30.11923737897905,25.0,0.42802824602095174,0.9736328125,200
c1ccc(-c2cc(-c3csc(-c4ccc(C5C6CNCC5CNC6)s4)n3)co2)cc1,-52.111025509279784,0.4572536218311062,-0.5257812500000001,-52.17955313744868,36.05551275463989,0.4572536218311062,0.962890625,200
Clc1cc(-c2nc(C=CC3C=CCC(C4=CCC(N5CCOCC5)NN4)C3)cs2)ccc1-c1ccoc1,-50.19971509913698,0.3587774369616346,-0.5550781250000001,-50.39601578717535,35.09985754956849,0.3587774369616346,0.9775390625,200
O=C1NN(NCCN2CCNC2c2ccc(-c3ccc(Cc4ccco4)s3)s2)C1CC1CC1,-35.641710972974224,0.4094484767377327,-0.5453125000000001,-35.777574996236496,27.820855486487112,0.4094484767377327,0.97265625,200
O=C1CC2C(CCCC2c2nc(-c3cc(Cc4ccccc4Cl)no3)cs2)NN1,-30.75431016179808,0.6464576079415689,-0.5511718750000001,-30.65902442885651,25.37715508089904,0.6464576079415689,0.9755859375,200
C=Cc1coc(-c2ccc(C3CSCCN3C(=O)CCNC3C(c4ccccc4)NC4CNCCN43)c(-c3ccco3)c2)c1,-69.86656775464388,0.23440186051200657,-0.5492187500000001,-70.18138464413187,44.93328387732194,0.23440186051200657,0.974609375,200
O=C1N(CC2CC2)NC2C(Cc3cc(-c4coc(-c5ccco5)c4)on3)CCCCN12,-45.63535632568775,0.6285881488268191,-0.5296875000000001,-45.53645567686093,32.817678162843876,0.6285881488268191,0.96484375,200
CC1CCCCC1c1ccc(-c2ccc(C3CCCCC4C(C(=O)NCCC5CCCC5=O)NC(c5ccccc5)N34)s2)cc1,-35.569775957799216,0.26404811723813987,-0.5199218750000001,-35.82564971556108,27.784887978899608,0.26404811723813987,0.9599609375,200
C=Cc1ccc(C=Cc2ccc(C3CCCC34C(C(=O)NCC3CCCN3)c3ccccc3C(=O)N4C3C=CC=CC3)cc2Cl)cc1Cl,-48.17624219623724,0.23434809538007342,-0.5160156250000001,-48.45790972585717,34.08812109811862,0.23434809538007342,0.9580078125,200
O=C(C1CNN(C2CC(c3ncno3)CCN2)C1)N1CCCC1c1ccc(Cc2coc(-c3ccccc3)c2)s1,-54.91328320131217,0.3403004116111379,-0.5335937500000001,-55.10657653970103,37.456641600656084,0.3403004116111379,0.966796875,200
C=Cc1ccc(-c2ccc(C=CC3CCCC34C(C(=O)NCC3CCCN3)c3ccccc3C(=O)N4C3C=CC=CC3)cc2Cl)cc1Cl,-55.7099729229908,0.25042940510448614,-0.5335937500000001,-55.99313726788632,37.8549864614954,0.25042940510448614,0.966796875,200
O=C(C1CNN(C2CC(c3ncno3)CCN2)C1)N1CCCC1c1ccc(-c2cccc(Cc3ccco3)c2)s1,-55.76278769950325,0.34030041161113833,-0.5394531250000001,-55.96194041289211,37.881393849751625,0.34030041161113833,0.9697265625,200
O=C(COc1ccccc1)N1CC(C2NCON2)C2(CCOCC2)C1c1ccc(Cc2ccc(-c3cccs3)s2)cc1Cl,-68.54377448471462,0.23024542794811062,-0.5257812500000001,-68.8393103067665,44.27188724235731,0.23024542794811062,0.962890625,200
O=C(CC1CCNCC1)N1CCCC1C1NNCN1CC1CCNCC1c1ccc(-c2cc(Cc3ccno3)no2)s1,-48.23488843692792,0.2941100494642525,-0.5433593750000001,-48.48413776246367,34.11744421846396,0.2941100494642525,0.9716796875,200
O=S(=O)(c1ccccc1)N1CC(C2NC(Cc3ccccc3)NO2)C1Cc1ccc(Cc2ccccc2)cc1,-77.34474818910365,0.32719742757416254,-0.5335937500000001,-77.55114451152949,48.67237409455183,0.32719742757416254,0.966796875,200
c1csc(-c2ccc(-c3cc(-c4nc(C5NCCCC5CN5CNC6CCCNC65)cs4)co3)s2)n1,-53.59347797189639,0.31001558967647297,-0.5414062500000001,-53.82486863221992,36.796738985948195,0.31001558967647297,0.970703125,200
Cc1csc(-c2ccc(-c3ccc(C4COCCN4C45NC(=O)NC(=O)C4NCC5=O)s3)c(Cl)c2)n1,-77.50897394599124,0.4635495506828733,-0.5570312500000001,-77.60245564530837,48.75448697299562,0.4635495506828733,0.978515625,200
O=C1CC2C(CCCC2c2ccc(-c3nnco3)cc2-c2csc(-c3cccs3)n2)NN1,-58.968348089598535,0.4487430841098386,-0.5433593750000001,-59.0629643804887,39.48417404479927,0.4487430841098386,0.9716796875,200
O=C1NC(=O)C2NCC(=O)C2(N2CCOCC2c2ccc(C=Cc3ccc(-c4ccccc4)s3)cc2Cl)N1,-61.338797630651015,0.44963701713282095,-0.5394531250000001,-61.428613738518195,40.66939881532551,0.44963701713282095,0.9697265625,200
Clc1ccccc1-c1cc(N2CCC3(c4cc(-c5ccccc5Cl)on4)CC=CCC23)no1,-65.5102333057278,0.29122226268661605,-0.5492187500000001,-65.76822979304117,42.7551166528639,0.29122226268661605,0.974609375,200
C=CC=Cc1ccc(-c2nc(C3CCCC34C(C(=O)NCC3CCCN3)c3ccccc3C(=O)N4C3C=CC=CC3)cs2)c(Cl)c1,-55.259550888907114,0.24560523953489485,-0.5355468750000001,-55.54949252437222,37.62977544445356,0.24560523953489485,0.9677734375,200
O=C(CCN1CCCN1)N1CCCC1CCC1NCCN1CC1CC1c1nc(Cc2cc(-c3ccno3)on2)cs1,-43.118935352238,0.3311589828799612,-0.5492187500000001,-43.336995119358036,31.559467676119,0.3311589828799612,0.974609375,200
Clc1ccccc1Cc1nc(-c2cc(C3C4CNCC3CNC4)on2)cs1,-33.62835071116769,0.7006162511797566,-0.5550781250000001,-33.48281258498793,26.814175355583846,0.7006162511797566,0.9775390625,200
O=C1N(CC2CC2)NC2C(Cc3ccc(-c4cc(-c5cccc(Cl)c5)on4)s3)CCCCN12,-38.54912467321779,0.46459547089587266,-0.5179687500000001,-38.60249795232192,29.274562336608895,0.46459547089587266,0.958984375,200
Cc1nc(-c2cc(-c3ccc([SH]4C(NC(=O)CC5(N6CC=CC6)CCOCC5)NNC4C4CCCCC4)s3)co2)cs1,-42.76941930590086,0.17927031426736717,-0.5570312500000001,-43.14718024163349,31.38470965295043,0.17927031426736717,0.978515625,200
CC(SC1C=CCC(CN2CCNc3ccccc32)C1)c1cc(-c2cc(-c3ccoc3)on2)on1,-53.86474125047755,0.28963796067089176,-0.5453125000000001,-54.12041578980666,36.932370625238775,0.28963796067089176,0.97265625,200
C=Cc1ccc(C=Cc2coc(C3CCCCC4C(C(=O)NCCC5CCCC5=O)NC(c5ccccc5)N34)c2)cc1Cl,-46.422887621662454,0.2659161657103666,-0.5453125000000001,-46.70228395595209,33.21144381083123,0.2659161657103666,0.97265625,200
O=C1CCCC1CCNC(=O)C1NC(c2ccccc2)N2C(c3ccc(-c4ccc(Cc5cccc(Cl)c5)s4)cc3Cl)CCCCC12,-61.85352771872449,0.1844857177914772,-0.5375000000000001,-62.20654200093302,40.92676385936225,0.1844857177914772,0.96875,200
Cc1nc(-c2ccc(-c3cc(C4C=CCC(N5CCCC5)C4)no3)cc2Cl)cs1,-41.155539405682624,0.45810099004301996,-0.5355468750000001,-41.232985290639604,30.577769702841312,0.45810099004301996,0.9677734375,200
Cc1ccccc1S1(c2ccc(C3CC3)s2)C(NC(=O)CC2(N3CC=CC3)CCOCC2)NNC1C1CCCCC1,-87.23805294763608,0.3096673764203972,-0.5277343750000001,-87.45611994621568,53.61902647381804,0.3096673764203972,0.9638671875,200
O=C(CCN1CCCN1)N1CCCC1CCC1NCCN1CC1CC1c1ccc(-c2nc(-c3coc(-c4ccno4)c3)cs2)cc1,-49.65629906907199,0.2096629736140083,-0.5257812500000001,-49.972417345457984,34.828149534535996,0.2096629736140083,0.962890625,200
O=C(CC1(N2CC=CC2)CCOCC1)NC1NNC(C2CCCCC2)[SH]1c1ccc(-c2nc(-c3cc(-c4ccccc4)co3)cs2)s1,-62.07313811473277,0.10771824633547603,-0.5492187500000001,-62.5146386183973,41.036569057366385,0.10771824633547603,0.974609375,200
C=Cc1ccc(C(C=C)C2C(C3NC(Cc4ccccc4)NO3)CN2S(=O)(=O)c2ccccc2)c(Cl)c1,-103.61229712289955,0.3789122694723445,-0.5453125000000001,-103.7786973534272,61.806148561449774,0.3789122694723445,0.97265625,200
CC(C)(Oc1cccc(C2C3CC(c4ccccc4)NN3CCCN2C(=O)CCS(=O)(=O)C2=CC=CC3NCCC3C2)c1)c1ccc(-c2ccccc2)s1,-79.45853407325085,0.16962798401067092,-0.5375000000000001,-79.82640608924017,49.72926703662542,0.16962798401067092,0.96875,200
C1=CC(Sc2ccc(-c3cc(-c4ccoc4)no3)s2)CC(C2=CCC(N3CCOCC3)NN2)C1,-33.178943201233324,0.4551173666873258,-0.5589843750000001,-33.282810209546,26.589471600616662,0.4551173666873258,0.9794921875,200
O=C(Nc1ccccc1)N1CC(CC2NCNN2)C1Cc1ccc(Cc2ccccc2Cl)s1,-57.30459236035075,0.4025384458205674,-0.5121093750000001,-57.41416328953019,38.65229618017538,0.4025384458205674,0.9560546875,200
C#Cc1cc(-c2cc(-c3ccc(C4C=CCC(C5=CCC(N6CCOCC6)NN5)C4)cc3)on2)no1,-35.67764362830022,0.41488063732621294,-0.5453125000000001,-35.808075490974005,27.83882181415011,0.41488063732621294,0.97265625,200
Cc1cc(-c2csc(-c3csc(C4CC4CN4CCNC4CCC4CCCN4C(=O)CCN4CCCN4)n3)n2)co1,-36.78027826631356,0.334133017145616,-0.5628906250000001,-37.00903587416794,28.39013913315678,0.334133017145616,0.9814453125,200
Cc1cc(-c2ccc(-c3csc(C4C5CNCC4CNC5)n3)s2)on1,-42.960304954788775,0.7381250945798491,-0.5746093750000001,-42.79678923520893,31.480152477394387,0.7381250945798491,0.9873046875,200
Cc1ccc(-c2cc(-c3ccc([SH]4C=CC=C4C(=O)NC4CCCC4C(=O)N4CCc5ccccc5C4)s3)co2)s1,-50.171219171395336,0.22320696895501652,-0.5199218750000001,-50.46793407744032,35.08560958569767,0.22320696895501652,0.9599609375,200
C=Cc1cc(-c2ccc(C3C(CC4NCNN4)CN3C(=O)Nc3ccccc3)c(-c3ccccc3)c2)no1,-125.40976583434829,0.27435860162953507,-0.5257812500000001,-125.66118848271876,72.70488291717415,0.27435860162953507,0.962890625,200
O=C(NC1=CCC2NC(=O)C3CCCN3C(=O)C2C1)C1=CCC(N2CNNN2)CC1c1ccc(-c2cc(-c3ccc(-c4ccoc4)s3)no2)s1,-89.50799057603056,0.18781435246422395,-0.5609375000000001,-89.88111372356633,54.75399528801528,0.18781435246422395,0.98046875,200
Cc1nc(-c2ccc(-c3cc(C4CNCCC4CN4CNNC4C4CCCN4C(=O)CC4CCNCC4)co3)s2)cs1,-40.92618484691127,0.30183467262808955,-0.5355468750000001,-41.15989704928318,30.463092423455635,0.30183467262808955,0.9677734375,200
C=Cc1ccc(-c2nc(-c3ccc(C4CC(N5CNNN5)CC=C4C(=O)NC4=CCC5NC(=O)C6CCCN6C(=O)C5C4)cc3Cl)cs2)cc1,-68.99438184514796,0.2401529653395874,-0.5531250000000001,-69.30735387980836,44.49719092257398,0.2401529653395874,0.9765625,200
Cc1coc(-c2nnc(-c3ccc(C4CCCC5NNC(=O)CC54)s3)o2)c1,-30.39841267341661,0.7160353090027164,-0.5492187500000001,-30.231596114413893,25.199206336708304,0.7160353090027164,0.974609375,200
C=CC=Cc1ccc(-c2ccc(C3CCCCC4C(C(=O)NCCC5CCCC5=O)NC(c5ccccc5)N34)cc2Cl)c(Cl)c1,-43.52952069707436,0.22946248425574384,-0.5335937500000001,-43.83365196281862,31.76476034853718,0.22946248425574384,0.966796875,200
CC=Cc1cc(-c2ccc(C3NCCCC3CN3CNC4CCCNC43)s2)no1,-78.6508996411082,0.6981062332273626,-0.5570312500000001,-78.50982465788083,49.3254498205541,0.6981062332273626,0.978515625,200
Clc1cccc(-c2cc(N(c3cccc(Cl)c3)N3CCC4CC=CCC43)on2)c1,-50.76722405181653,0.432629967014902,-0.5296875000000001,-50.864281584801624,35.38361202590826,0.432629967014902,0.96484375,200
Cc1cc(-c2ccc(-c3nc(C4CNCCC4CN4CNNC4C4CCCN4C(=O)CC4CCNCC4)cs3)s2)on1,-49.2820323027551,0.30417831342089,-0.5589843750000001,-49.53683836433421,34.64101615137755,0.30417831342089,0.9794921875,200
C#Cc1cc(-c2cc(C3(c4cccs4)CC3CN3CCNC3CCC3CCCN3C(=O)CCN3CCCN3)no2)no1,-47.11184694225007,0.3263798715238676,-0.5335937500000001,-47.3190608207262,33.555923471125034,0.3263798715238676,0.966796875,200
Cc1cc(-c2cc(-c3ccc(C4C(NC(=O)CCC5CCCCC5)CCN4C4CC(N5CCOCC5)CNN4)s3)on2)co1,-40.23288138550239,0.3009023329061076,-0.5433593750000001,-40.475338427596284,30.116440692751194,0.3009023329061076,0.9716796875,200
Cc1cc(-c2cc(-c3ccc([SH]4C(NC(=O)CC5(N6CC=CC6)CCOCC5)NNC4C4CCCCC4)s3)on2)co1,-47.79380502671317,0.19406362320589915,-0.5511718750000001,-48.150913278507275,33.896902513356586,0.19406362320589915,0.9755859375,200
O=C(COc1ccccc1)N1CC(C2NCON2)C2(CCOCC2)C1c1cc(-c2coc(C=Cc3ccccc3)c2)co1,-87.10742271196708,0.2818979222734948,-0.5179687500000001,-87.34349353969357,53.55371135598354,0.2818979222734948,0.958984375,200
O=C1NC(=O)C2NCC(=O)C2(N2CCOCC2c2ccc(-c3coc(-c4cc(-c5cccs5)co4)c3)cc2)N1,-79.59919678390986,0.3492253342763754,-0.5492187500000001,-79.79919019963349,49.79959839195493,0.3492253342763754,0.974609375,200
Clc1cccc(-c2ccc(-c3nc(CC4C=CCC(CN5CCC(CCC6NC(C7CCOCC7)NO6)CC5)N4)cs3)s2)c1,-37.82732917920384,0.21006328409807581,-0.5531250000000001,-38.17039089510577,28.91366458960192,0.21006328409807581,0.9765625,200
Cc1ccc(-c2nc(-c3cc(C4C=CCC(N5CCCC5)C4)no3)cs2)cc1Cl,-31.96152422706632,0.45810099004301996,-0.5355468750000001,-32.0389701120233,25.98076211353316,0.45810099004301996,0.9677734375,200
O=C(CCNC1C(c2ccccc2)NC2CNCCN21)N1CCSCC1C(c1ccc(-c2ccccc2)cc1)N1CCCC1,-70.42123644365851,0.3338444913197304,-0.5023437500000001,-70.58973570233879,45.21061822182926,0.3338444913197304,0.951171875,200
Cc1nc(-c2cc(-c3csc(C4CCCCN5C(=O)N(CC6CC6)NC45)n3)no2)cs1,-39.430631832414505,0.6092526564457414,-0.5589843750000001,-39.38036355096877,29.715315916207253,0.6092526564457414,0.9794921875,200
O=C(CC1CCNCC1)N1CCCC1C1NNCN1CC1CCNCC1c1ccc(-c2ccc(Nc3cccs3)s2)s1,-35.96427431853289,0.22778923286093303,-0.5296875000000001,-36.26617258567195,27.982137159266443,0.22778923286093303,0.96484375,200
C=CCc1ccc(-c2ccc(C3C(C4NC(Cc5ccccc5)NO4)CN3S(=O)(=O)c3ccccc3)c(Cl)c2)cc1,-88.16653826391968,0.23174654578694964,-0.5394531250000001,-88.47424484313272,54.08326913195984,0.23174654578694964,0.9697265625,200
Cc1ccc(-c2nc(-c3coc(C4CC(N5CNNN5)CC=C4C(=O)NC4=CCC5NC(=O)C6CCCN6C(=O)C5C4)c3)cs2)s1,-64.38009243891595,0.2691986893020634,-0.5609375000000001,-64.67183124961389,42.190046219457976,0.2691986893020634,0.98046875,200
O=S(=O)(c1ccccc1)N1CC(C2NC(Cc3ccccc3)NO2)C1Cc1ccc(-c2ccc(-c3ccccc3Cl)s2)s1,-94.9086593777858,0.1794985990882402,-0.5472656250000001,-95.27642640369756,57.4543296888929,0.1794985990882402,0.9736328125,200
C1=CC(c2cc(-c3ccc(Cc4cccs4)s3)no2)NC(CN2CCC(CCC3NC(C4CCOCC4)NO3)CC2)C1,-34.258639865002145,0.25234866935417455,-0.5589843750000001,-34.56527557064797,27.129319932501073,0.25234866935417455,0.9794921875,200
O=S(=O)(c1ccccc1)N1CC(C2NC(Cc3ccccc3)NO2)C1c1ccc(CCc2ccccc2Cl)c(Cl)c1,-80.81666528902848,0.2383753270237111,-0.5257812500000001,-81.10407121200475,50.40833264451424,0.2383753270237111,0.962890625,200
O=C(NC1=CCC2NC(=O)C3CCCN3C(=O)C2C1)C1=CCC(N2CNNN2)CC1c1ccc(-c2ccc(Cc3cscn3)s2)cc1,-65.44003745317531,0.2590852616528383,-0.5550781250000001,-65.73603031652246,42.720018726587654,0.2590852616528383,0.9775390625,200
Cc1ccc(-c2cccc(OC=C[SH]3C=CC=C3C(=O)NC3CCCC3C(=O)N3CCc4ccccc4C3)c2)c(Cl)c1,-54.966659255965254,0.21935525344847415,-0.5335937500000001,-55.28089775251678,37.48332962798263,0.21935525344847415,0.966796875,200
Cc1cc(-c2nc(-c3cc(C4C=CCC(C5NCCN6CCNC56)C4)on3)cs2)co1,-37.23635208501674,0.6036708618357746,-0.5550781250000001,-37.18775934818097,28.61817604250837,0.6036708618357746,0.9775390625,200
O=C1NN(NCCN2CCNC2c2cccc(-c3cc(-c4cc(NC5CC5)co4)no3)c2)C1CC1CC1,-48.93475175845634,0.31368161507714465,-0.5160156250000001,-49.1370857683792,34.46737587922817,0.31368161507714465,0.9580078125,200
Clc1cccc(-c2cccc(CC3(Cc4ccccn4)C=CCC(CN4CCNc5ccccc54)C3)c2)c1,-90.01818031580054,0.2500746815511896,-0.5140625000000001,-90.28216813424935,55.00909015790027,0.2500746815511896,0.95703125,200
O=C(CC1CCNCC1)N1CCCC1C1NNCN1CC1CCNCC1c1nc(-c2ccc(-c3ccc(-c4ccoc4)s3)s2)cs1,-67.13208364316786,0.1812560478025972,-0.5511718750000001,-67.50199947036526,43.56604182158393,0.1812560478025972,0.9755859375,200
Clc1cc(Cc2ccon2)ccc1-c1ccc(C2C=CCC(CN3CCNc4ccccc43)C2)s1,-64.04760555780278,0.2756227083291447,-0.5375000000000001,-64.30948284947364,42.02380277890139,0.2756227083291447,0.96875,200
O=C1NC(c2ccccc2)NC2C1CCNC2c1ccc(-c2coc(NC3CC3)c2)c(-c2cccc(Cl)c2)c1,-98.81077392223317,0.23232308217198816,-0.5375000000000001,-99.11595084006117,59.405386961116584,0.23232308217198816,0.96875,200
C=Cc1cc(-c2ccc(-c3ccc(C4CCCN4C(=O)C4CNN(C5CC(c6ncno6)CCN5)C4)s3)s2)co1,-58.79086241436883,0.30361815060004144,-0.5511718750000001,-59.03841613876879,39.395431207184416,0.30361815060004144,0.9755859375,200
Cc1nc(-c2coc(-c3ccc([SH]4C(NC(=O)CC5(N6CC=CC6)CCOCC5)NNC4C4CCCCC4)s3)c2)cs1,-42.76941930590086,0.17927031426736717,-0.5570312500000001,-43.14718024163349,31.38470965295043,0.17927031426736717,0.978515625,200
Cc1nc(-c2nnc(-c3cccc(N4CCC5CC=CCC54)c3)o2)cs1,-35.569775957799216,0.6298818769830509,-0.5394531250000001,-35.47934720581617,27.784887978899608,0.6298818769830509,0.9697265625,200
c1cc(-c2cc(-c3cc(-c4coc(C5C6CNCC5CNC6)c4)co3)on2)on1,-53.67496182557545,0.544959091758762,-0.5589843750000001,-53.68898710881669,36.837480912787726,0.544959091758762,0.9794921875,200
C#Cc1cc(-c2cc(C3(C)C=CCC(CN4CCNc5ccccc54)C3)on2)on1,-65.5102333057278,0.5149336936737621,-0.5394531250000001,-65.53475273705402,42.7551166528639,0.5149336936737621,0.9697265625,200
C=Cc1cc(-c2coc(-c3ccc(C4CC(N5CNNN5)CC=C4C(=O)NC4=CCC5NC(=O)C6CCCN6C(=O)C5C4)cc3)c2)co1,-63.97618710086806,0.258878803487817,-0.5609375000000001,-64.27824579738024,41.98809355043403,0.258878803487817,0.98046875,200
Cc1cccc(-c2ccc(-c3coc(C4N(C(=O)COc5ccccc5)CC(C5NCON5)C45CCOCC5)c3)cc2Cl)c1,-79.29753269845128,0.25091310096538977,-0.5179687500000001,-79.56458834748588,49.64876634922564,0.25091310096538977,0.958984375,200
Cc1ccc(-c2cccc(-c3cc(C4CC(N5CNNN5)CC=C4C(=O)NC4=CCC5NC(=O)C6CCCN6C(=O)C5C4)co3)c2)c(Cl)c1,-76.45724441429995,0.2584374591065381,-0.5531250000000001,-76.75193195519341,48.228622207149975,0.2584374591065381,0.9765625,200
C=Cc1ccc(-c2coc(-c3ccc(C4CC(N5CNNN5)CC=C4C(=O)NC4=CCC5NC(=O)C6CCCN6C(=O)C5C4)s3)c2)s1,-65.83705493549974,0.2524066043733533,-0.5628906250000001,-66.14753895612638,42.91852746774987,0.2524066043733533,0.9814453125,200
O=C(NC1CCCC1C(=O)N1CCc2ccccc2C1)C1=CC=C[SH]1c1nnc(-c2ccc(-c3ccc(NC4CC4)cc3)s2)o1,-72.32551110067033,0.18651914558595353,-0.5335937500000001,-72.67258570508437,46.16275555033516,0.18651914558595353,0.966796875,200
CC1(c2cc(-c3coc(C4CC4)c3)no2)C=CCC(CN2CCNc3ccccc32)C1,-63.522452071284405,0.5205419550327325,-0.5394531250000001,-63.54136324125167,41.7612260356422,0.5205419550327325,0.9697265625,200
O=C(c1ccccc1)N1CCN=C1N1CCN(c2ccccc2)CC1(c1ccc(Cc2ccccc2Cl)cc1Cl)C1CC1,-77.93875637356236,0.22708363564993297,-0.4632812500000001,-78.17495398791242,48.96937818678118,0.22708363564993297,0.931640625,200
O=C(COc1ccccc1)N1CC(C2NCON2)C2(CCOCC2)C1c1coc(Cc2coc(-c3ccoc3)c2)c1,-73.8296328459192,0.32217931468185834,-0.5257812500000001,-74.03323478123734,46.9148164229596,0.32217931468185834,0.962890625,200
O=C(NC1CCCC1C(=O)N1CCc2ccccc2C1)C1=CC=CS1(S)c1nc(-c2coc(-c3ccco3)c2)cs1,-55.232971495216105,0.1839306263739718,-0.5296875000000001,-55.578728368842135,37.61648574760805,0.1839306263739718,0.96484375,200
O=C1CCCC1CCNC(=O)C1NC(c2ccccc2)N2C(c3cc(-c4ccc(Cc5ccccc5Cl)c(Cl)c4)no3)CCCCC12,-75.4358423235212,0.1872620065142363,-0.5414062500000001,-75.78998656700696,47.7179211617606,0.1872620065142363,0.970703125,200
CC(CNc1ccc(-c2cccc(Cl)c2)s1)c1ccc(C2C3CC(c4ccccc4)NN3CCCN2C(=O)CCS(=O)(=O)C2=CC=CC3NCCC3C2)c(Cl)c1,-85.75443253121828,0.1389507279868125,-0.5433593750000001,-86.15884117823147,52.87721626560914,0.1389507279868125,0.9716796875,200
C1=CCC2C(C1)CCN2c1cc(-c2csc(-c3ccc(-c4ccon4)s3)n2)on1,-54.26977851050857,0.391502354830498,-0.5472656250000001,-54.425541780678074,37.134889255254286,0.391502354830498,0.9736328125,200
Cc1ccc(-c2cc(-c3cc(C4CN(C5CNC(N6CCNCC6)NC5)CCC4C(=O)NCC4CCCO4)on3)on2)s1,-64.99411744350311,0.2977798596957319,-0.5531250000000001,-65.24946258380737,42.49705872175156,0.2977798596957319,0.9765625,200
Clc1ccccc1C=Cc1cc(-c2ccc(C3C=CCC(CN4CCNc5ccccc54)C3)cc2Cl)on1,-73.38094023943002,0.2473588438285369,-0.5355468750000001,-73.66912827060148,46.69047011971501,0.2473588438285369,0.9677734375,200
Cc1coc(-c2cc(C=CC3C4CC(c5ccccc5)NN4CCCN3C(=O)CCS(=O)(=O)C3=CC=CC4NCCC4C3)co2)c1,-74.31860898041276,0.3361361400785142,-0.5394531250000001,-74.52192596533425,47.15930449020638,0.3361361400785142,0.9697265625,200
Cc1ccc(-c2coc(-c3ccnc(C4C=CCC(CN5CCC(CCC6NC(C7CCOCC7)NO6)CC5)N4)c3)c2)s1,-39.09314681077663,0.2558186539178504,-0.5453125000000001,-39.38264065685878,29.546573405388315,0.2558186539178504,0.97265625,200
c1cc(Cc2nc(-c3csc(C4C5CNCC4CNC5)n3)cs2)no1,-47.79380502671317,0.7312352497669798,-0.5843750000000001,-47.64694477694619,33.896902513356586,0.7312352497669798,0.9921875,200
C=Cc1ccc(-c2cc(CC3CN(c4ccccc4)CCN3C3=NCCN3C(=O)c3ccccc3)co2)s1,-89.19706955774959,0.31660903666629625,-0.5101562500000001,-89.39061677108329,54.59853477887479,0.31660903666629625,0.955078125,200
C=CC(c1cc(C2CN(c3ccccc3)CCN2C2=NCCN2C(=O)c2ccccc2)no1)c1ccccc1Cl,-74.12757300600074,0.27410689468414723,-0.4769531250000001,-74.33041923631659,47.06378650300037,0.27410689468414723,0.9384765625,200
C=CC=Cc1ccc(-c2ccc(C3CCCC34C(C(=O)NCC3CCCN3)c3ccccc3C(=O)N4C3C=CC=CC3)cc2Cl)c(Cl)c1,-48.61486719363377,0.2342477013020412,-0.5257812500000001,-48.90640074233173,34.307433596816885,0.2342477013020412,0.962890625,200
C=Cc1coc(-c2coc(-c3ccc(C4CCCCN5C(=O)N(CC6CC6)NC45)s3)c2)c1,-37.93099343184095,0.48973895420471336,-0.5316406250000001,-37.972895102636244,28.965496715920477,0.48973895420471336,0.9658203125,200
Clc1ccccc1-c1cc(-c2cc(-c3coc(N4CCC5CC=CCC54)c3)no2)on1,-49.2820323027551,0.3440727252576823,-0.5414062500000001,-49.47936582749742,34.64101615137755,0.3440727252576823,0.970703125,200
Cc1ccc(-c2ccc(C3(c4ccccc4)C=CCC(CN4CCC(CCC5NC(C6CCOCC6)NO5)CC4)N3)s2)s1,-31.73006862551025,0.23389917161720858,-0.5238281250000001,-32.01999757889304,25.865034312755125,0.23389917161720858,0.9619140625,200
O=C(COc1ccccc1)N1CC(C2NCON2)C2(CCOCC2)C1c1cc(-c2cccc(Cl)c2)ccc1Cc1ccccc1,-119.427400463467,0.23734285367300617,-0.4710937500000001,-119.66115135979398,69.7137002317335,0.23734285367300617,0.935546875,200
Cc1nc(-c2cc(-c3nc(C4C=CCC(C5=CCC(N6CCOCC6)NN5)C4)cs3)co2)cs1,-38.71967302361279,0.4864998073631394,-0.5667968750000001,-38.799970091249655,29.359836511806396,0.4864998073631394,0.9833984375,200
C1=CC(c2cc(-c3csc(-c4ccc(-c5ccno5)s4)n3)on2)NC(CN2CCC(CCC3NC(C4CCOCC4)NO3)CC2)C1,-52.13875518748573,0.17757420954086123,-0.5589843750000001,-52.520165352944865,36.069377593742864,0.17757420954086123,0.9794921875,200
O=C1NC(c2ccccc2)NC2C1CCNC2c1coc(-c2cc(Cc3ccoc3)on2)c1,-75.77055915050303,0.4322420594738728,-0.5511718750000001,-75.88948896602915,47.885279575251516,0.4322420594738728,0.9755859375,200
O=C(CCN1CCCN1)N1CCCC1CCC1NCCN1CC1CC1c1cc(-c2ccc(-c3coc(-c4nccs4)c3)s2)no1,-53.266636336056806,0.20663529960953944,-0.5375000000000001,-53.59750103644727,36.6333181680284,0.20663529960953944,0.96875,200
Cc1cc(-c2ccc(-c3coc(C4CC4CN4CCNC4CCC4CCCN4C(=O)CCN4CCCN4)c3)s2)on1,-41.806148561449774,0.33922766894811074,-0.5414062500000001,-42.00832714250166,30.903074280724887,0.33922766894811074,0.970703125,200
Cc1coc(-c2coc(-c3ccc(C4CC(OC5NOC(C6CNCCN6)N5)CCN4C(=O)C4CCOC4)s3)c2)c1,-60.174809011309776,0.3303097439248163,-0.5453125000000001,-60.38981176738496,40.08740450565489,0.3303097439248163,0.97265625,200
O=C(CC1(N2CC=CC2)CCOCC1)NC1NNC(C2CCCCC2)[SH]1c1nc(-c2cc(Cc3ccccc3Cl)co2)cs1,-51.944422994419796,0.1604609102191263,-0.5453125000000001,-52.32927458420067,35.9722114972099,0.1604609102191263,0.97265625,200
C=Cc1ccc(-c2ccc(-c3cc(C4COCCN4C45NC(=O)NC(=O)C4NCC5=O)co3)s2)cc1Cl,-68.06815542521599,0.45600868127275684,-0.5492187500000001,-68.16136549394322,44.034077712607996,0.45600868127275684,0.974609375,200
O=C(CCNC1C(c2ccccc2)NC2CNCCN21)N1CCSCC1Cc1cc(Cc2ccoc2)no1,-74.847245611035,0.3802823950551853,-0.5511718750000001,-75.01813509097981,47.4236228055175,0.3802823950551853,0.9755859375,200
Cc1cc(-c2cc(-c3csc(C4C5CNCC4CNC5)n3)no2)co1,-44.961527075646856,0.7514789645341241,-0.5609375000000001,-44.770985611112735,32.48076353782343,0.7514789645341241,0.98046875,200
O=C(CC1CCNCC1)N1CCCC1C1NNCN1CC1CCNCC1c1ccc(Cc2nc(-c3ccon3)cs2)s1,-45.115282384398824,0.2903892419169206,-0.5296875000000001,-45.354580642481906,32.55764119219941,0.2903892419169206,0.96484375,200
CCc1ccc(-c2cccc(C3C(CC4NCNN4)CN3C(=O)Nc3ccccc3)c2)cc1,-79.9799979995999,0.45497654964823814,-0.5179687500000001,-80.04299019995166,49.98999899979995,0.45497654964823814,0.958984375,200
O=C(C1CNN(C2CC(c3ncno3)CCN2)C1)N1CCCC1c1ccc(-c2cc(Cc3cccs3)on2)s1,-59.799749373040015,0.34293639790913805,-0.5394531250000001,-59.99626610013088,39.89987468652001,0.34293639790913805,0.9697265625,200
O=C1CC2C(CCCC2c2nc(-c3cc(-c4coc(-c5ccccc5)c4)co3)cs2)NN1,-49.79971346646059,0.42694702613639557,-0.5414062500000001,-49.91417269032419,34.899856733230294,0.42694702613639557,0.970703125,200
Cc1cc(-c2csc(C3(c4ccccc4Cl)C=CCC(C4=CCC(N5CCOCC5)NN4)C3)n2)no1,-38.0689245638319,0.45299347741645485,-0.5492187500000001,-38.165149836415445,29.03446228191595,0.45299347741645485,0.974609375,200
Cc1ccc(-c2cc(S3(C4CCCO4)C=CC=C3C(=O)NC3CCCC3C(=O)N3CCc4ccccc4C3)co2)s1,-72.26050075736637,0.3402006616361191,-0.5218750000000001,-72.44217509573025,46.130250378683186,0.3402006616361191,0.9609375,200
C=Cc1csc(-c2cc(-c3ccc(C4C=CCC(CN5CCC(CCC6NC(C7CCOCC7)NO6)CC5)N4)s3)on2)n1,-31.65268628057983,0.24168678189343124,-0.5707031250000001,-31.9817026236864,25.826343140289914,0.24168678189343124,0.9853515625,200
O=C(NC1CCCC1C(=O)N1CCc2ccccc2C1)C1=CC=C[SH]1c1nc(-c2csc(-c3cccc(C4CCCCC4)c3)n2)cs1,-60.89499366462674,0.19182368730928873,-0.5472656250000001,-61.25043560231745,40.44749683231337,0.19182368730928873,0.9736328125,200
Cc1cc(-c2ccc(-c3csc(C4NCCCC4CN4CNC5CCCNC54)n3)s2)ccn1,-35.82114294781145,0.5081411909242415,-0.5511718750000001,-35.86417363188721,27.910571473905726,0.5081411909242415,0.9755859375,200
c1csc(-c2cc(Cc3ccc(C4NCCCC4CN4CNC5CCCNC54)s3)on2)n1,-38.58327406350724,0.5094032644076615,-0.5570312500000001,-38.63090204909958,29.29163703175362,0.5094032644076615,0.978515625,200
O=C(CCC1CCCCC1)NC1CCN(C2CC(N3CCOCC3)CNN2)C1c1coc(-c2nc(-c3ccc(C4CCCC4)c(Cl)c3)cs2)c1,-44.49806198638839,0.19841768271475452,-0.5238281250000001,-44.82347242867364,32.2490309931942,0.19841768271475452,0.9619140625,200
O=C(CCN1CCCN1)N1CCCC1CCC1NCCN1CC1CC1c1cc(-c2ccc(-c3cc(-c4nccs4)no3)s2)on1,-58.02563681252464,0.2201333677676557,-0.5414062500000001,-58.34690969475698,39.01281840626232,0.2201333677676557,0.970703125,200
CC(C)(OC1C=CCC(CN2CCNc3ccccc32)C1)c1csc(-c2ccc(-c3cccc(Cl)c3)c(Cl)c2)n1,-66.74099376880577,0.2177999238768844,-0.5433593750000001,-67.06655321992888,43.37049688440288,0.2177999238768844,0.9716796875,200
Cc1nc(-c2csc(-c3ccc(C4C=CCC(C5=CCC(N6CCOCC6)NN5)C4)s3)n2)cs1,-34.62600113499065,0.44784305705633887,-0.5648437500000001,-34.743001827934314,27.313000567495326,0.44784305705633887,0.982421875,200
Cc1cc(-c2ccccc2-c2ccc([SH]3C(NC(=O)CC4(N5CC=CC5)CCOCC4)NNC3C3CCCCC3)s2)on1,-79.7997995989972,0.18221772615131296,-0.5511718750000001,-80.16875374784588,49.8998997994986,0.18221772615131296,0.9755859375,200
O=C(NC1CCCC1C(=O)N1CCc2ccccc2C1)C1=CC=C[SH]1C=Cc1coc(-c2ccc(-c3ccco3)cc2)c1,-61.092539730853176,0.2192151959999217,-0.5121093750000001,-61.385433909853255,40.54626986542659,0.2192151959999217,0.9560546875,200
C=Cc1ccc(-c2ccc(-c3cccc(C4COCCN4C45NC(=O)NC(=O)C4NCC5=O)c3)cc2)cc1Cl,-81.88228501560023,0.45382068343499365,-0.5375000000000001,-81.96596433216523,50.941142507800116,0.45382068343499365,0.96875,200
O=C(CC1(N2CC=CC2)CCOCC1)NC1NNC(C2CCCCC2)[SH]1c1ccc(Cc2ccc(-c3ccno3)s2)s1,-49.54135460285484,0.18035933567005485,-0.5531250000000001,-49.914120267184785,34.77067730142742,0.18035933567005485,0.9765625,200
Clc1ccccc1-c1cc(-c2csc(CC3C=CCC(CN4CCNc5ccccc54)C3)n2)on1,-59.64923100695951,0.28296708623668276,-0.5375000000000001,-59.90376392072283,39.824615503479755,0.28296708623668276,0.96875,200
Cc1coc(-c2csc(-c3cc(C4C=CCC(C5NCCN6CCNC56)C4)on3)n2)c1,-37.23635208501674,0.6036708618357745,-0.5570312500000001,-37.18971247318097,28.61817604250837,0.6036708618357745,0.978515625,200
O=C(C1CNN(C2CC(c3ncno3)CCN2)C1)N1CCCC1c1ccc(-c2csc(Cc3ccccc3)n2)cc1,-67.08616422830896,0.33851197417066325,-0.5199218750000001,-67.2675741291383,43.54308211415448,0.33851197417066325,0.9599609375,200
C1=CC(c2cc(-c3ccoc3)on2)(c2nc(-c3cscn3)cs2)NC(CN2CCC(CCC3NC(C4CCOCC4)NO3)CC2)C1,-71.06041950265768,0.18989083412204927,-0.5726562500000001,-71.44318491853562,45.53020975132884,0.18989083412204927,0.986328125,200
O=C(NC1=CCC2NC(=O)C3CCCN3C(=O)C2C1)C1=CCC(N2CNNN2)CC1c1ccc(-c2ccc(-c3cc(-c4cccc(Cl)c4)co3)s2)s1,-86.90182411914213,0.15742431898145506,-0.5609375000000001,-87.30533730016067,53.45091205957107,0.15742431898145506,0.98046875,200
Cc1nc(Cc2ccc(C3C(CC4NCNN4)CN3C(=O)Nc3ccccc3)s2)cs1,-64.2140130857092,0.4568979921737903,-0.5492187500000001,-64.3063338435354,42.1070065428546,0.4568979921737903,0.974609375,200
CCc1cccc(-c2cc(C3C(C4NC(Cc5ccccc5)NO4)CN3S(=O)(=O)c3ccccc3)co2)c1,-102.93087488503447,0.3382328693801958,-0.5414062500000001,-103.13404826565427,61.465437442517235,0.3382328693801958,0.970703125,200
O=C1Nc2ccccc2OCC1CC(=O)N1CCN(C2CCCCN2)CC1c1ccc(C(c2ccccc2)c2cccc(Cl)c2)c(Cl)c1,-88.31435731240803,0.1976614787327123,-0.5082031250000001,-88.62489895867532,54.15717865620402,0.1976614787327123,0.9541015625,200
Cc1ccc(-c2cc(-c3csc(C4C(NC(=O)CCC5CCCCC5)CCN4C4CC(N5CCOCC5)CNN4)n3)on2)s1,-54.377415927148206,0.2998188989658459,-0.5472656250000001,-54.62486265318236,37.1887079635741,0.2998188989658459,0.9736328125,200
O=C(COc1ccccc1)N1CC(C2NCON2)C2(CCOCC2)C1c1cc(-c2ccc(Cc3cccc(Cl)c3)cc2Cl)no1,-91.8570516328765,0.23930604987036241,-0.5160156250000001,-92.13376120800613,55.92852581643825,0.23930604987036241,0.9580078125,200
O=C(COc1ccccc1)N1CC(C2NCON2)C2(CCOCC2)C1c1coc(-c2coc(Cc3cccc(Cl)c3)c2)c1,-75.91663046625439,0.2698772571818051,-0.5316406250000001,-76.17839383407258,47.958315233127195,0.2698772571818051,0.9658203125,200
Cc1nc(-c2ccc(-c3ccc(C4C5CNCC4CNC5)s3)s2)cs1,-44.652919500978456,0.6979521472676881,-0.5707031250000001,-44.52567047871077,32.32645975048923,0.6979521472676881,0.9853515625,200
C=CCc1ccc(-c2ccc(C3CN(c4ccccc4)CCN3C3=NCCN3C(=O)c3ccccc3)cc2Cl)cc1,-74.40338976964757,0.23586363854937603,-0.4906250000000001,-74.6581511310982,47.20169488482379,0.23586363854937603,0.9453125,200
O=S(=O)(c1ccccc1)N1CC(C2NC(Cc3ccccc3)NO2)C1Cc1ccc(C=Cc2ccccc2Cl)c(Cl)c1,-78.40731680114035,0.21172533146420283,-0.5296875000000001,-78.72527896967614,49.20365840057018,0.21172533146420283,0.96484375,200
c1coc(-c2csc(-c3csc(-c4ccc(C5NCCCC5CN5CNC6CCCNC65)s4)n3)n2)c1,-52.38784428341543,0.31001558967647264,-0.5550781250000001,-52.63290681873896,36.193922141707716,0.31001558967647264,0.9775390625,200
O=C(C1CCOC1)N1CCC(OC2NOC(C3CNCCN3)N2)CC1c1ccc(-c2ccc(-c3ccc(-c4ccccc4Cl)s3)s2)cc1,-79.93998198919189,0.18168587231029573,-0.5472656250000001,-80.30556174188159,49.969990994595946,0.18168587231029573,0.9736328125,200
O=S(=O)(c1ccccc1)N1CC(C2NC(Cc3ccccc3)NO2)C1c1ccc(-c2ccc(-c3ccc(C4CCCCC4)cc3)cc2)s1,-128.79516121164693,0.16401798185683417,-0.5394531250000001,-129.1705963547901,74.39758060582346,0.16401798185683417,0.9697265625,200
Clc1cccc(Cc2ccc(-c3ccc(C4C=CCC(CN5CCNc6ccccc65)C4)cc3Cl)cc2Cl)c1,-77.20082304178294,0.23091791696848396,-0.5101562500000001,-77.48006137481445,48.60041152089147,0.23091791696848396,0.955078125,200
O=C(CCN1CCCN1)N1CCCC1CCC1NCCN1CC1CC1c1csc(-c2ccc(-c3nnc(-c4ccoc4)o3)cc2)n1,-57.175125526298956,0.22279271243010187,-0.5511718750000001,-57.50350468886886,38.58756276314948,0.22279271243010187,0.9755859375,200
C1=CC(c2cc(-c3ccc(-c4nc(-c5ccoc5)cs4)s3)no2)CC(C2=CCC(N3CCOCC3)NN2)C1,-46.39277069079132,0.289638083142039,-0.5492187500000001,-46.65235135764929,33.19638534539566,0.289638083142039,0.974609375,200
Cc1cc(-c2cc(-c3ccc(C4C=CCC(N5CCCC5)C4)s3)no2)co1,-48.0294054067798,0.5309613067449427,-0.5277343750000001,-48.02617847503486,34.0147027033899,0.5309613067449427,0.9638671875,200
Cc1coc(-c2ccc(-c3cccc(C4CC(N5CNNN5)CC=C4C(=O)NC4=CCC5NC(=O)C6CCCN6C(=O)C5C4)c3)s2)c1,-74.55157322858251,0.27150051011987886,-0.5531250000000001,-74.83319771846263,47.275786614291256,0.27150051011987886,0.9765625,200
Cc1nc(-c2csc(-c3cc(C4NCCCC4CN4CNC5CCCNC54)on3)n2)cs1,-42.19324722186485,0.5226117639479961,-0.5785156250000001,-42.24915108291685,31.096623610932426,0.5226117639479961,0.9892578125,200
O=C(COc1ccccc1)N1CC(C2NCON2)C2(CCOCC2)C1c1ccc(Cc2ccc(-c3ccccc3)s2)cc1,-72.02173656261873,0.26885842497917767,-0.5140625000000001,-72.26694063763955,46.010868281309364,0.26885842497917767,0.95703125,200
C1=CC(c2coc(-c3cc(-c4cc(C5CC5)co4)no3)c2)CC(C2=CCC(N3CCOCC3)NN2)C1,-35.96427431853289,0.4600839776155913,-0.5453125000000001,-36.0495028409173,27.982137159266443,0.4600839776155913,0.97265625,200
C=Cc1cc(-c2cccc(CC3C(C4NC(Cc5ccccc5)NO4)CN3S(=O)(=O)c3ccccc3)c2)co1,-104.09673645990857,0.3155794148884731,-0.5394531250000001,-104.32061017002009,62.048368229954285,0.3155794148884731,0.9697265625,200
C=Cc1coc(-c2cc(-c3ccc(C4CC(N5CNNN5)CC=C4C(=O)NC4=CCC5NC(=O)C6CCCN6C(=O)C5C4)s3)no2)c1,-65.6971411425142,0.25604867308660156,-0.5531250000000001,-65.9942174694276,42.8485705712571,0.25604867308660156,0.9765625,200
CC1(c2cc(-c3nc(-c4cscn4)cs3)co2)C=CCC(CN2CCC(CCC3NC(C4CCOCC4)NO3)CC2)N1,-33.32916650389353,0.27701789125218496,-0.5707031250000001,-33.62285173764135,26.664583251946766,0.27701789125218496,0.9853515625,200
O=C(c1ccccc1)N1CCN=C1N1CCN(c2ccccc2)CC1c1ccc(C(c2ccoc2)c2ccccc2Cl)c(Cl)c1,-96.25833303466896,0.18912819474106374,-0.4828125000000001,-96.5520173399279,58.12916651733448,0.18912819474106374,0.94140625,200
Cc1ccc(-c2cc(-c3ccc(C4CC(N5CNNN5)CC=C4C(=O)NC4=CCC5NC(=O)C6CCCN6C(=O)C5C4)s3)co2)cc1,-67.24677644474895,0.27150051011987886,-0.5609375000000001,-67.53621343462906,43.62338822237447,0.27150051011987886,0.98046875,200
O=C(CCS(=O)(=O)C1=CC=CC2NCCC2C1)N1CCCN2NC(c3ccccc3)CC2C1Cc1cccc(-c2ccc(-c3cccs3)cc2)c1,-71.73875952943771,0.19114837632277348,-0.5453125000000001,-72.09292365311494,45.86937976471886,0.19114837632277348,0.97265625,200
Cc1ccc(-c2csc(-c3csc(C4CC4CN4CCNC4CCC4CCCN4C(=O)CCN4CCCN4)n3)n2)s1,-36.78027826631356,0.31580825690492415,-0.5550781250000001,-37.01954813440864,28.39013913315678,0.31580825690492415,0.9775390625,200
Cc1nc(-c2coc(-c3ccc(C4CNCCC4CN4CNNC4C4CCCN4C(=O)CC4CCNCC4)s3)c2)cs1,-40.92618484691127,0.30183467262808966,-0.5355468750000001,-41.15989704928318,30.463092423455635,0.30183467262808966,0.9677734375,200
O=C(C1CCOC1)N1CCC(OC2NOC(C3CNCCN3)N2)CC1c1ccc(-c2cc(Cc3ccco3)no2)s1,-58.66384175718855,0.3095358535610813,-0.5492187500000001,-58.90352465362747,39.331920878594275,0.3095358535610813,0.974609375,200
Cc1nc(-c2cc(-c3ccc(C4C5CNCC4CNC5)s3)on2)cs1,-43.46652661048972,0.7381250945798491,-0.5707031250000001,-43.299104640909874,31.73326330524486,0.7381250945798491,0.9853515625,200
O=C(CC1CCNCC1)N1CCCC1C1NNCN1CC1CCNCC1c1ccc(Cc2cc(-c3nccs3)no2)s1,-44.373907757724325,0.2903892419169206,-0.5394531250000001,-44.62297164080741,32.18695387886216,0.2903892419169206,0.9697265625,200
O=C(CC1CCNCC1)N1CCCC1C1NNCN1CC1CCNCC1c1nc(-c2ccc(Cc3ccon3)s2)cs1,-52.88346863315439,0.2903892419169206,-0.5492187500000001,-53.142298141237475,36.4417343165772,0.2903892419169206,0.974609375,200
C=Cc1coc(-c2cc(-c3ccc(C4COCCN4C45NC(=O)NC(=O)C4NCC5=O)cc3Cl)co2)c1,-67.06319543871567,0.4667528571739628,-0.5550781250000001,-67.1515207065417,43.53159771935783,0.4667528571739628,0.9775390625,200
C1=CC(c2coc(Cc3csc(-c4cscn4)n3)c2)CC(C2=CCC(N3CCOCC3)NN2)C1,-36.39148871948674,0.4864207941572633,-0.5687500000000001,-36.47381792532948,28.19574435974337,0.4864207941572633,0.984375,200
Cc1csc(-c2cc(-c3nnc(C4C5CNCC4CNC5)o3)on2)n1,-50.9929573971954,0.7290551614484325,-0.5863281250000001,-50.85023036074696,35.4964786985977,0.7290551614484325,0.9931640625,200
Cc1ccc(-c2coc(-c3nc(C4COCCN4C45NC(=O)NC(=O)C4NCC5=O)cs3)c2)s1,-76.76776322722355,0.4970140433466811,-0.5531250000000001,-76.82387418387687,48.38388161361178,0.4970140433466811,0.9765625,200
C=Cc1ccc(-c2ccc(-c3ccc(C4N(C(=O)COc5ccccc5)CC(C5NCON5)C45CCOCC5)cc3)cc2Cl)cc1Cl,-86.07544484940895,0.19989345409524728,-0.5277343750000001,-86.4032857703137,53.03772242470448,0.19989345409524728,0.9638671875,200
Cc1ccc(-c2cc(-c3csc(C4CNCCC4CN4CNNC4C4CCCN4C(=O)CC4CCNCC4)n3)on2)s1,-46.21178142898739,0.30417831342089,-0.5570312500000001,-46.4646343655665,33.1058907144937,0.30417831342089,0.978515625,200
C#CC(c1nc(-c2cscn2)cs1)C1CCCC2NNC(=O)CC21,-86.35788640246665,0.8282164505171284,-0.5882812500000001,-86.11795120194951,53.178943201233324,0.8282164505171284,0.994140625,200
O=C(NC1CCCC1C(=O)N1CCc2ccccc2C1)C1=CC=C[SH]1c1ccc(-c2ccc(Cc3ccccc3)s2)s1,-46.4529909033446,0.2107334934266613,-0.5316406250000001,-46.77389803491794,33.2264954516723,0.2107334934266613,0.9658203125,200
ClC=CC1(c2ccc(-c3cccs3)cc2Cl)C=CCC(CN2CCNc3ccccc32)C1,-57.35631842325486,0.3720887464025091,-0.5296875000000001,-57.51391717685235,38.67815921162743,0.3720887464025091,0.96484375,200
C=Cc1ccc(-c2csc(-c3ccc(C4C=CCC(CN5CCNc6ccccc65)C4)s3)n2)cc1Cl,-51.38627319029899,0.25276931216760734,-0.5433593750000001,-51.67686325313139,35.6931365951495,0.25276931216760734,0.9716796875,200
Cc1ccc(-c2ccc(-c3ccc(C4CNCCC4CN4CNNC4C4CCCN4C(=O)CC4CCNCC4)s3)s2)s1,-45.4828221749796,0.27356281745841365,-0.5355468750000001,-45.74480623252119,32.7414110874898,0.27356281745841365,0.9677734375,200
O=C(NCC1CCCO1)C1CCN(C2CNC(N3CCNCC3)NC2)CC1c1ccc(-c2ccc(Cc3ccoc3)cc2Cl)s1,-64.16650165000326,0.27825976280491743,-0.5394531250000001,-64.42769501219834,42.08325082500163,0.27825976280491743,0.9697265625,200
C#Cc1ccc(-c2nc(C3(C)CC3CN3CCNC3CCC3CCCN3C(=O)CCN3CCCN3)cs2)c(Cl)c1,-72.49864863877742,0.40812212958311345,-0.5472656250000001,-72.6377921341943,46.24932431938871,0.40812212958311345,0.9736328125,200
Cc1ccc(-c2ccc(-c3csc(C4C(CCCN5CCCO5)CCCN4C(=O)C4CCOC4)n3)s2)c(Cl)c1,-47.17142249498666,0.27894478372760895,-0.5375000000000001,-47.42997771125905,33.58571124749333,0.27894478372760895,0.96875,200
O=C(COc1ccccc1)N1CC(C2NCON2)C2(CCOCC2)C1c1ccc(-c2coc(C=Cc3cccs3)c2)c(Cl)c1,-74.48809448814173,0.226218753088677,-0.5375000000000001,-74.79937573505305,47.24404724407086,0.226218753088677,0.96875,200
Cc1ccc(-c2csc(-c3cc(C4CNCCC4CN4CNNC4C4CCCN4C(=O)CC4CCNCC4)no3)n2)s1,-49.742383096650784,0.30417831342089,-0.5492187500000001,-49.987423533229894,34.87119154832539,0.30417831342089,0.974609375,200
O=C(COc1ccccc1)N1CC(C2NCON2)C2(CCOCC2)C1c1cccc(C=Cc2ccc(-c3ccccc3Cl)c(Cl)c2)c1,-72.5418824100742,0.18822393531484036,-0.5140625000000001,-72.86772097475935,46.2709412050371,0.18822393531484036,0.95703125,200
O=C(NCC1CCCN1)C1c2ccccc2C(=O)N(C2C=CC=CC2)C12CCCC2C=Cc1ccc(-c2ccc(-c3ccccc3Cl)cc2Cl)s1,-60.67217612039482,0.18959571759270946,-0.5433593750000001,-61.025939777802115,40.33608806019741,0.18959571759270946,0.9716796875,200
Cc1coc(-c2ccc(-c3cc(C4C(NC(=O)CCC5CCCCC5)CCN4C4CC(N5CCOCC5)CNN4)on3)s2)c1,-47.37952211169207,0.3009023329061076,-0.5453125000000001,-47.623932278785965,33.689761055846034,0.3009023329061076,0.97265625,200
