Smiles,qed_molReward,CATS_CosineReward,MACCS_TanimotoReward,Reward,qed_molProperty,CATS_CosineProperty,MACCS_TanimotoProperty,Epoch
COCC1(c2ccc(-c3coc(C#N)c3)cc2)CCCCN2C(=O)N(CC3CC3)NC21,-0.0,-0.0,-0.0,0.0,0.7673218539191172,0.8992807586223163,0.4125,200
O=C(C1CNN(C2CC(c3ncno3)CCN2)C1)N1CCCC1c1coc(C=Cc2ccc(C3CC3)cc2)c1,-0.28169363369771383,-0.0,-0.0,-0.28169363369771383,0.46830636630228617,0.8817850343783291,0.32142857142857145,200
C=CC=CC1(c2ccccc2-c2ccccn2)NCCN1CCNN1NC(=O)C1CC1CC1,-0.26050907201580115,-0.0,-0.0,-0.26050907201580115,0.48949092798419885,0.9124070829153115,0.3176470588235294,200
COCCc1ccc(C2(C3CC3)C3CNCC2CNC3)cc1-c1nnco1,-0.0,-0.0,-0.0,0.0,0.812734778831104,0.8257348219555958,0.3424657534246575,200
C=CC1(c2cc(-c3cccc(C4CC4)c3)ccn2)NCCCC1CN1CNC2CCCNC21,-0.15945096076718823,-0.0,-0.0,-0.15945096076718823,0.5905490392328118,0.9230268171236726,0.3116883116883117,200
C=Cc1cc(C2(c3nnco3)CNCCC2CN2CNNC2C2CCCN2C(=O)CC2CCNCC2)ccc1C(C)F,-0.39404477311634417,-0.0,-0.0,-0.39404477311634417,0.35595522688365583,0.8193315343172098,0.3409090909090909,200
COCCC1(C2CC2)CN(c2ccccc2)CCN1C1=NCCN1C(=O)c1ccccc1,-0.0489491837989765,-0.0,-0.0,-0.0489491837989765,0.7010508162010235,0.8154507896927539,0.4166666666666667,200
N#CC1(C2CC2)CN(c2ccccc2)CCN1C1=NCCN1C(=O)c1ccccc1,-0.0,-0.0,-0.0,0.0,0.7960552728417509,0.8186721730162889,0.3055555555555556,200
C=Cc1cc(-c2coc(C3(c4ccoc4)C=CCC(C4NCCN5CCNC45)C3)c2)on1,-0.15377326312740258,-0.0,-0.0,-0.15377326312740258,0.5962267368725974,0.9315026688363762,0.3611111111111111,200
N#Cc1ccc(S2(C3CCOC3)C(NC(=O)CC3(N4CC=CC4)CCOCC3)NNC2C2CCCCC2)cc1-c1cccs1,-0.4185658177180739,-0.0,-0.0,-0.4185658177180739,0.3314341822819261,0.8384924115977619,0.33707865168539325,200
N#CS1(Cc2ccccn2)C=CC=C1C(=O)NC1CCCC1C(=O)N1CCc2ccccc2C1,-0.08730658101208699,-0.0,-0.0,-0.08730658101208699,0.662693418987913,0.804412774080065,0.33766233766233766,200
C=CC1(c2ccc(-c3nnco3)c(C3CC3)c2)C=CCC(C2=CCC(N3CCOCC3)NN2)C1,-0.11844588508845666,-0.0,-0.0,-0.11844588508845666,0.6315541149115433,0.897600619063919,0.32558139534883723,200
O=C1NC(c2ccccc2)NC2C1CCNC2(c1ccoc1)C1CC1,-0.0,-0.0,-0.0,0.0,0.8038707683149114,0.8030538927725184,0.29577464788732394,200
O=C1NC(=O)C2NCC(=O)C2(N2CCOCC2(c2ccc(-c3ccc(-c4ccccn4)cc3)cc2)C2CC2)N1,-0.2790477254008528,-0.0,-0.0,-0.2790477254008528,0.4709522745991472,0.9412975872852857,0.41975308641975306,200
N#CC1(c2ccoc2)C2CC(c3ccccc3)NN2CCCN1C(=O)CCS(=O)(=O)C1=CC=CC2NCCC2C1,-0.19773594014482532,-0.009986982865388239,-0.0,-0.20772292301021356,0.5522640598551747,0.7950065085673059,0.3,200
COCCC=Cc1cnc(C2(c3ccoc3)NCCCC2CN2CNC3CCCNC32)nc1,-0.22377414067418244,-0.0,-0.0,-0.22377414067418244,0.5262258593258176,0.8473462282866314,0.40540540540540543,200
O=C(C1CNN(C2CC(c3ncno3)CCN2)C1)N1CCCC1(c1ccoc1)c1ccnc(C2CC2)c1,-0.22576088866252353,-0.0,-0.0,-0.22576088866252353,0.5242391113374765,0.8621287716300873,0.3058823529411765,200
O=C1CCCC1CCNC(=O)C1NC(c2ccccc2)N2C1CCCCC2(c1ccoc1)C1CC1,-0.14149497735057093,-0.0,-0.0,-0.14149497735057093,0.6085050226494291,0.8898606497571031,0.3888888888888889,200
N#Cc1cc(-c2coc(C3(c4ccoc4)CC3CN3CCNC3CCC3CCCN3C(=O)CCN3CCCN3)c2)ccn1,-0.40127740587515487,-0.0,-0.0,-0.40127740587515487,0.34872259412484513,0.9393091880323383,0.34615384615384615,200
N#Cc1cc(-c2ccc(C3C4CNCC3CNC4)cc2O)ccn1,-0.0,-0.0,-0.0,0.0,0.7866532347668582,0.9032024783728585,0.32941176470588235,200
FCCc1cc(C23CC=CCC2N(c2cc(-c4ccon4)on2)CC3)no1,-0.11649373703138366,-0.0,-0.0,-0.11649373703138366,0.6335062629686163,0.870740938425138,0.35526315789473684,200
O=C(Nc1ccccc1)N1CC(CC2NCNN2)C1(c1ccoc1)C1CC1,-0.09742993089959617,-0.0,-0.0,-0.09742993089959617,0.6525700691004038,0.8087174440329752,0.25882352941176473,200
N#CC1(c2ccoc2)CCCC12C(C(=O)NCC1CCCN1)c1ccccc1C(=O)N2C1C=CC=CC1,-0.0968747844917428,-0.08344872998510411,-0.0,-0.1803235144768469,0.6531252155082572,0.758275635007448,0.4027777777777778,200
N#CC1(C2CC2)C(C2NC(Cc3ccccc3)NO2)CN1S(=O)(=O)c1ccccc1,-0.013323937006430087,-0.1348924250896748,-0.0,-0.1482163620961049,0.7366760629935699,0.7325537874551626,0.23,200
C=CC1(c2cccc(-c3cc(C#N)co3)c2)CNCCC1CN1CNNC1C1CCCN1C(=O)CC1CCNCC1,-0.382776611967563,-0.0,-0.0,-0.382776611967563,0.367223388032437,0.8644875469821424,0.3333333333333333,200
N#CC1(c2ccoc2)NCCC2C(=O)NC(c3ccccc3)NC21,-0.0,-0.012397996175704806,-0.0,-0.012397996175704806,0.7773363950571414,0.7938010019121476,0.28169014084507044,200
O=C(CCC1CCCCC1)NC1CCN(C2CC(N3CCOCC3)CNN2)C1(Cc1ccccn1)c1ccoc1,-0.3115729975051756,-0.0,-0.0,-0.3115729975051756,0.4384270024948244,0.8208177749786816,0.38271604938271603,200
N#CC=Cc1cc(C2(c3cncnc3)C=CCC(C3=CCC(N4CCOCC4)NN3)C2)on1,-0.22134002682130993,-0.0,-0.0,-0.22134002682130993,0.5286599731786901,0.8500500016631808,0.3333333333333333,200
C=Cc1cc(C2(c3ccnc(C#N)c3)C(NC(=O)CCC3CCCCC3)CCN2C2CC(N3CCOCC3)CNN2)on1,-0.34814763413345373,-0.0,-0.0,-0.34814763413345373,0.40185236586654627,0.8014447315588962,0.367816091954023,200
N#Cc1cnc(C2(c3ccoc3)C=CCC(CN3CCNc4ccccc43)C2)nc1,-0.08270593547880101,-0.0,-0.0,-0.08270593547880101,0.667294064521199,0.9149620768537354,0.3611111111111111,200
COCC1(C#N)CN(c2ccccc2)CCN1C1=NCCN1C(=O)c1ccccc1,-0.0,-0.0,-0.0,0.0,0.7828982565622808,0.8081419869085198,0.410958904109589,200
COCc1ccc(C2(c3cc(C#N)on3)C=CCC(C3NCCN4CCNC34)C2)cc1,-0.031632639588667466,-0.0,-0.0,-0.031632639588667466,0.7183673604113325,0.8566293634127684,0.4,200
N#Cc1coc(C2(C#N)CCCC23C(C(=O)NCC2CCCN2)c2ccccc2C(=O)N3C2C=CC=CC2)c1,-0.13322619729758856,-0.08144180563603975,-0.0,-0.2146680029336283,0.6167738027024114,0.7592790971819802,0.4166666666666667,200
COCC1(c2ccoc2)CN(C2CCCCN2)CCN1C(=O)CC1COc2ccccc2NC1=O,-0.09722553436640691,-0.167554549008879,-0.0,-0.2647800833752859,0.6527744656335931,0.7162227254955605,0.47435897435897434,200
CC(F)(c1ccoc1)C1(c2cccc(C#N)c2)C(NC(=O)CCC2CCCCC2)CCN1C1CC(N2CCOCC2)CNN1,-0.3618652015638735,-0.0,-0.0,-0.3618652015638735,0.3881347984361265,0.8142099097472479,0.38095238095238093,200
O=C(Nc1ccccc1)N1CC(CC2NCNN2)C1(c1ccoc1)C1CC1,-0.09742993089959617,-0.0,-0.0,-0.09742993089959617,0.6525700691004038,0.8087174440329752,0.25882352941176473,200
N#CC1(c2ccoc2)CCCCC2C(C(=O)NCCC3CCCC3=O)NC(c3ccccc3)N21,-0.06934303046473478,-0.0,-0.0,-0.06934303046473478,0.6806569695352652,0.8657903685894339,0.3888888888888889,200
C=Cc1cnc(C2(c3ccnc(C#N)c3)C=CCC(C3NCCN4CCNC34)C2)nc1,-0.010531120917918635,-0.0,-0.0,-0.010531120917918635,0.7394688790820814,0.8651918131586623,0.2972972972972973,200
N#Cc1ccc(C2CCOC2)cc1C1(c2ccco2)NCCCC1CN1CNC2CCCNC21,-0.11865780569571172,-0.0,-0.0,-0.11865780569571172,0.6313421943042883,0.8563146655287072,0.4266666666666667,200
N#Cc1cc(C2CC2)ccc1C1(c2nnco2)CC1CN1CCNC1CCC1CCCN1C(=O)CCN1CCCN1,-0.3202270586877594,-0.0,-0.0,-0.3202270586877594,0.4297729413122406,0.8857552156597872,0.3291139240506329,200
CN(C)c1cc(C2(C3CCCO3)C3CNCC2CNC3)ccc1-c1ccon1,-0.0,-0.0,-0.0,0.0,0.8458935686289586,0.8610729139862591,0.3698630136986301,200
N#CC1(C2CC2)C(C2NC(Cc3ccccc3)NO2)CN1S(=O)(=O)c1ccccc1,-0.013323937006430087,-0.1348924250896748,-0.0,-0.1482163620961049,0.7366760629935699,0.7325537874551626,0.23,200
CN(CC1CCOC1C1(c2ccccc2)C=CCC(C2=CCC(N3CCOCC3)NN2)C1)c1ccccc1,-0.21802166614626617,-0.012354096758210087,-0.0,-0.23037576290447626,0.5319783338537338,0.793822951620895,0.3953488372093023,200
N#CC1(c2ccoc2)CCCCC2C(C(=O)NCCC3CCCC3=O)NC(c3ccccc3)N21,-0.06934303046473478,-0.0,-0.0,-0.06934303046473478,0.6806569695352652,0.8657903685894339,0.3888888888888889,200
C=Cc1nnc(C2(c3csc(C4CC4)n3)NCCCC2CN2CNC3CCCNC32)o1,-0.1212485045755004,-0.0,-0.0,-0.1212485045755004,0.6287514954244996,0.8035672336720723,0.3068181818181818,200
COCC1(c2ccoc2)CCCCC2C(C(=O)NCCC3CCCC3=O)NC(c3ccccc3)N21,-0.15266486150878877,-0.0,-0.0,-0.15266486150878877,0.5973351384912112,0.8657903685894339,0.4342105263157895,200
N#CC1(c2ccoc2)N(C(=O)COc2ccccc2)CC(C2NCON2)C12CCOCC2,-0.02323118136833391,-0.05506434726416898,-0.0,-0.07829552863250289,0.7267688186316661,0.7724678263679156,0.42696629213483145,200
c1cc(C2(c3ccoc3)NCCCC2CN2CNC3CCCNC32)co1,-0.0,-0.0,-0.0,0.0,0.7793223064741959,0.8269677137748678,0.38235294117647056,200
O=C1Nc2ccccc2OCC1CC(=O)N1CCN(C2CCCCN2)CC1(c1ccoc1)C1CC1,-0.06335730627185066,-0.1495628025662219,-0.0,-0.21292010883807255,0.6866426937281493,0.7252185987168891,0.48,200
O=S(=O)(c1ccccc1)N1CC(C2NC(Cc3ccccc3)NO2)C1(c1ccoc1)C1CC1,-0.1924608326841819,-0.0,-0.0,-0.1924608326841819,0.5575391673158181,0.8384028481317902,0.24242424242424243,200
O=C1CC2C(CCCC2(C=CC(=O)c2ccon2)c2ccoc2)NN1,-0.09692534477280101,-0.0,-0.0,-0.09692534477280101,0.653074655227199,0.8463159676089489,0.32,200
N#CC1(c2ccoc2)NCCC2C(=O)NC(c3ccccc3)NC21,-0.0,-0.012397996175704806,-0.0,-0.012397996175704806,0.7773363950571414,0.7938010019121476,0.28169014084507044,200
N#CC1(c2coc(C3CC3)c2)CN(C2CCCCN2)CCN1C(=O)CC1COc2ccccc2NC1=O,-0.10515378658876962,-0.167554549008879,-0.0,-0.2727083355976486,0.6448462134112304,0.7162227254955605,0.4675324675324675,200
COCc1ccc(C2(c3ccco3)C=CCC(C3NCCN4CCNC34)C2)c(COC)c1,-0.1002809925710626,-0.0,-0.0,-0.1002809925710626,0.6497190074289374,0.8618526395786523,0.42857142857142855,200
COCC1(c2ccnc(-c3coc(C(C)F)c3)c2)C=CCC(C2NCCN3CCNC23)C1,-0.07851632958735455,-0.0,-0.0,-0.07851632958735455,0.6714836704126455,0.9010564027187672,0.3918918918918919,200
C=CC1(c2ccc(C(F)Cc3nnco3)cc2)C2CNCC1CNC2,-0.0,-0.0,-0.0,0.0,0.8157779947681512,0.8573145140036911,0.2727272727272727,200
N#Cc1cc(S2(c3ccoc3)C(NC(=O)CC3(N4CC=CC4)CCOCC3)NNC2C2CCCCC2)ccn1,-0.30652773027676267,-0.0,-0.0,-0.30652773027676267,0.44347226972323733,0.8149894415862347,0.32222222222222224,200
COCC1(c2ncc(C#N)cn2)CCCCC2C(C(=O)NCCC3CCCC3=O)NC(c3ccccc3)N21,-0.20047513675163275,-0.0,-0.0,-0.20047513675163275,0.5495248632483672,0.8355407528161338,0.4430379746835443,200
N#Cc1cc(C2(c3ccoc3)CCCN2C(=O)C2CNN(C3CC(c4ncno4)CCN3)C2)co1,-0.18935198480465576,-0.0,-0.0,-0.18935198480465576,0.5606480151953442,0.8289222119887696,0.3170731707317073,200
C1=CC(c2ccoc2)(c2ccoc2)NC(CN2CCC(CCC3NC(C4CCOCC4)NO3)CC2)C1,-0.27289297623300574,-0.0,-0.0,-0.27289297623300574,0.47710702376699426,0.8540446451468154,0.36470588235294116,200
C=CC1(c2cccc(C=Cc3ccoc3)c2)CCCN1C(=O)C1CNN(C2CC(c3ncno3)CCN2)C1,-0.29000143081795354,-0.0,-0.0,-0.29000143081795354,0.45999856918204646,0.8773950812668169,0.3023255813953488,200
O=C(C1CNN(C2CC(c3ncno3)CCN2)C1)N1CCCC1(c1ccoc1)c1ccoc1,-0.1495748182599237,-0.0,-0.0,-0.1495748182599237,0.6004251817400763,0.8343589052716732,0.30864197530864196,200
C=Cc1cc(C2(c3ccc(C4CC4)cc3)COCCN2C23NC(=O)NC(=O)C2NCC3=O)on1,-0.15404318286843743,-0.02021159060401323,-0.0,-0.17425477347245066,0.5959568171315626,0.7898942046979934,0.39080459770114945,200
C1=CC(C=Cc2nnco2)(c2nnc(-c3ccoc3)o2)CC(C2=CCC(N3CCOCC3)NN2)C1,-0.2413643953752478,-0.0,-0.0,-0.2413643953752478,0.5086356046247522,0.9147519550625175,0.3411764705882353,200
N#CC1(C#N)C(C2NC(Cc3ccccc3)NO2)CN1S(=O)(=O)c1ccccc1,-0.0,-0.15704266132167377,-0.0,-0.15704266132167377,0.7593677505914875,0.7214786693391632,0.22448979591836735,200
C=Cc1nnc(-c2cc(N3CCC4(COC)CC=CCC34)no2)o1,-0.0,-0.0,-0.0,0.0,0.7808624235984952,0.8555379227567974,0.38461538461538464,200
N#CC1(c2nnc(-c3cccc(C4CC4)c3)o2)CC1CN1CCNC1CCC1CCCN1C(=O)CCN1CCCN1,-0.3203282468476536,-0.0,-0.0,-0.3203282468476536,0.4296717531523464,0.8576958157926858,0.31645569620253167,200
N#CC1(c2ccoc2)C(C2NC(Cc3ccccc3)NO2)CN1S(=O)(=O)c1ccccc1,-0.15650887635630717,-0.0,-0.0,-0.15650887635630717,0.5934911236436928,0.8357949273201976,0.23469387755102042,200
O=C1NN(NCCN2CCNC2c2ccc(C3CC3)c(-c3cccc(C4CC4)c3)c2)C1CC1CC1,-0.2615321817814737,-0.0,-0.0,-0.2615321817814737,0.4884678182185263,0.9200847885794281,0.32098765432098764,200
N#CS1(Cc2ccccn2)C=CC=C1C(=O)NC1CCCC1C(=O)N1CCc2ccccc2C1,-0.08730658101208699,-0.0,-0.0,-0.08730658101208699,0.662693418987913,0.804412774080065,0.33766233766233766,200
N#Cc1ccc(-c2ccoc2)c(C2(C#N)CNCCC2CN2CNNC2C2CCCN2C(=O)CC2CCNCC2)c1,-0.3445797908535,-0.0,-0.0,-0.3445797908535,0.4054202091465,0.8254507723850425,0.345679012345679,200
COCc1cc(C2(c3ccncc3)NCCCC2CN2CNC3CCCNC32)ccc1-c1ccccc1,-0.29260531641215615,-0.0,-0.0,-0.29260531641215615,0.45739468358784385,0.953160620330101,0.39436619718309857,200
N#CC1(C=Cc2ccnc(-c3ncccn3)c2)CCCC2NNC(=O)CC21,-0.0,-0.0,-0.0,0.0,0.8700392322541491,0.9018966669078919,0.2564102564102564,200
N#CC1(c2ccoc2)C=CCC(CN2CCNc3ccccc32)C1,-0.0,-0.0,-0.0,0.0,0.8707265385634771,0.8243529089076679,0.38235294117647056,200
C=Cc1ccc(C2CCCC(C3CCCN3C(=O)C3CNN(C4CC(c5ncno5)CCN4)C3)C2C)c(C#N)c1,-0.1878211278217954,-0.2089207842909666,-0.0,-0.396741912112762,0.5621788721782046,0.6955396078545167,0.32098765432098764,200
N#CC=Cc1cnc(N2CCC3(c4ncccn4)CC=CCC23)nc1,-0.11421304129389998,-0.0,-0.0,-0.11421304129389998,0.6357869587061,0.8088910437666107,0.2857142857142857,200
C=Cc1cc(-c2ccc(COC)c(C3C4CNCC3CNC4)c2)on1,-0.0,-0.0,-0.0,0.0,0.8769531838486659,0.8771184174079661,0.3142857142857143,200
C=CC1(c2cc(-c3ccco3)ccc2C2CC2)COCCN1C12NC(=O)NC(=O)C1NCC2=O,-0.17105278078308883,-0.012647727814221632,-0.0,-0.18370050859731046,0.5789472192169112,0.7936761360928892,0.425,200
COCc1cc(C2(c3nnc(COC)o3)C=CCC(N3CCCC3)C2)no1,-0.06676899041065276,-0.0,-0.0,-0.06676899041065276,0.6832310095893472,0.8172307313357395,0.3902439024390244,200
O=C1NN(NCCN2CCNC2(c2ccoc2)c2ccoc2)C1CC1CC1,-0.11180744101763895,-0.0,-0.0,-0.11180744101763895,0.638192558982361,0.8515497605098433,0.3170731707317073,200
C=Cc1ccc(-c2ccco2)cc1C1(C=C)COCCN1C12NC(=O)NC(=O)C1NCC2=O,-0.15742958378895255,-0.0,-0.0,-0.15742958378895255,0.5925704162110474,0.816593792869285,0.43037974683544306,200
C=Cc1cc(C(C)F)ccc1-c1cccc(C2COCCN2C23NC(=O)NC(=O)C2NCC3=O)c1,-0.13919894021407309,-0.0,-0.0,-0.13919894021407309,0.6108010597859269,0.8428798906022025,0.4146341463414634,200
O=C(CCS(=O)(=O)C1=CC=CC2NCCC2C1)N1CCCN2NC(c3ccccc3)CC2C1(Cc1ccccn1)C1CC1,-0.2766519964103946,-0.016037969879389102,-0.0,-0.2926899662897837,0.4733480035896054,0.7919810150603055,0.3010752688172043,200
COCc1ccnc(-c2cc(C3(c4nnco4)C=CCC(N4CCCC4)C3)co2)c1,-0.17673880455886637,-0.0,-0.0,-0.17673880455886637,0.5732611954411336,0.9316754625871009,0.4025974025974026,200
N#CC1(Cc2ccccn2)C=CCC(CN2CCNc3ccccc32)C1,-0.0,-0.04238716167715206,-0.0,-0.04238716167715206,0.8508924024600942,0.778806419161424,0.34328358208955223,200
C=CC1(c2cc(-c3coc(-c4nccs4)c3)co2)C2CNCC1CNC2,-0.0590383565498902,-0.0,-0.0,-0.0590383565498902,0.6909616434501098,0.9363735599029986,0.2777777777777778,200
N#CC1(c2ccoc2)C=CCC(CN2CCNc3ccccc32)C1,-0.0,-0.0,-0.0,0.0,0.8707265385634771,0.8243529089076679,0.38235294117647056,200
N#CC1(c2cc(-c3ccoc3)no2)NCCCC1CN1CNC2CCCNC21,-0.01723895329911218,-0.0,-0.0,-0.01723895329911218,0.7327610467008878,0.852761187439428,0.3625,200
COCC1(c2ccoc2)N(C(=O)COc2ccccc2)CC(C2NCON2)C12CCOCC2,-0.09909187778847373,-0.05506434726416898,-0.0,-0.1541562250526427,0.6509081222115263,0.7724678263679156,0.44047619047619047,200
COCN(C)CC1(c2cc(-c3ccccn3)no2)C=CCC(N2CCCC2)C1,-0.20915627789872349,-0.0,-0.0,-0.20915627789872349,0.5408437221012765,0.8877398699503382,0.4177215189873418,200
CC(C)(OC1CC1)C1(c2ccoc2)NCCC2C(=O)NC(c3ccccc3)NC21,-0.02408202614984234,-0.012397996175704806,-0.0,-0.036480022325547146,0.7259179738501577,0.7938010019121476,0.3333333333333333,200
N#CC1(c2ccoc2)CN(C2CCCCN2)CCN1C(=O)CC1COc2ccccc2NC1=O,-0.03435408905586468,-0.167554549008879,-0.0,-0.20190863806474368,0.7156459109441353,0.7162227254955605,0.47368421052631576,200
C=Cc1ccc(C2(C(C)F)CN(C3CNC(N4CCNCC4)NC3)CCC2C(=O)NCC2CCCO2)cc1-c1ccccc1,-0.3992949840695086,-0.0,-0.0,-0.3992949840695086,0.3507050159304914,0.8519896378882936,0.40963855421686746,200
N#Cc1cc(C2(C3CCOC3)COCCN2C23NC(=O)NC(=O)C2NCC3=O)ccc1-c1ccccc1,-0.18776867252302265,-0.0,-0.0,-0.18776867252302265,0.5622313274769773,0.8465431117121719,0.4358974358974359,200
COCc1cc(C2(c3ccnc(C#N)c3)C=CCC(N3CCCC3)C2)no1,-0.0,-0.0,-0.0,0.0,0.7586678247156586,0.8837373858298544,0.42105263157894735,200
COCc1nnc(C23CC=CCC2N(CN(C)c2ccon2)CC3)o1,-0.014852423535429593,-0.08456096602993468,-0.0,-0.09941338956536427,0.7351475764645704,0.7577195169850327,0.379746835443038,200
C1=CC(c2ccoc2)(c2cc(C3CC3)on2)CC(C2NCCN3CCNC23)C1,-0.0,-0.0,-0.0,0.0,0.7951528275787635,0.8157830167683849,0.352112676056338,200
N#CC1(c2cc(C3CC3)ccn2)CCCC12C(C(=O)NCC1CCCN1)c1ccccc1C(=O)N2C1C=CC=CC1,-0.20057879981168503,-0.12035033002874163,-0.0,-0.32092912984042665,0.549421200188315,0.7398248349856292,0.3835616438356164,200
N#CC1(c2ccoc2)CN(C2CCCCN2)CCN1C(=O)CC1COc2ccccc2NC1=O,-0.03435408905586468,-0.167554549008879,-0.0,-0.20190863806474368,0.7156459109441353,0.7162227254955605,0.47368421052631576,200
N#Cc1cnc(C2(c3ccoc3)C=CCC(C3=CCC(N4CCOCC4)NN3)C2)nc1,-0.020370767225659225,-0.0,-0.0,-0.020370767225659225,0.7296292327743408,0.8702924695899832,0.32098765432098764,200
C=Cc1ccc(C2(c3cc(C4CC4)ccn3)CN(C3CNC(N4CCNCC4)NC3)CCC2C(=O)NCC2CCCO2)cc1,-0.40091338057456527,-0.0,-0.0,-0.40091338057456527,0.34908661942543473,0.8234148711205499,0.36585365853658536,200
CC(F)C1COc2cc(C3(C4CC4)N(C(=O)COc4ccccc4)CC(C4NCON4)C34CCOCC4)c(C#N)cc2O1,-0.2505530014108494,-0.10381573718478299,-0.0,-0.3543687385956324,0.4994469985891506,0.7480921314076086,0.42528735632183906,200
COCC1(C2CC2)CN(c2ccccc2)CCN1C1=NCCN1C(=O)c1ccccc1,-0.0012841932760800923,-0.0,-0.0,-0.0012841932760800923,0.7487158067239199,0.8186721730162889,0.4166666666666667,200
O=C(CC1(N2CC=CC2)CCOCC1)NC1NNC(C2CCCCC2)S1(c1ccoc1)c1ccoc1,-0.2758724428230899,-0.07564655166918688,-0.0,-0.3515189944922768,0.4741275571769101,0.7621767241654066,0.3258426966292135,200
COCC1(c2ccc(-c3ccoc3)cc2C#N)NCCN1CCNN1NC(=O)C1CC1CC1,-0.2492860219568912,-0.0,-0.0,-0.2492860219568912,0.5007139780431088,0.8609072130524141,0.3764705882352941,200
O=C(CC1(N2CC=CC2)CCOCC1)NC1NNC(C2CCCCC2)S1(c1ccnc(C2CC2)c1)c1ccccc1C1CC1,-0.4617244968381705,-0.0,-0.0,-0.4617244968381705,0.2882755031618295,0.8569858430679073,0.32222222222222224,200
N#Cc1cnc(S2(C3CC3)C=CC=C2C(=O)NC2CCCC2C(=O)N2CCc3ccccc3C2)nc1,-0.12179445762277841,-0.08006410541048736,-0.0,-0.20185856303326577,0.6282055423772216,0.7599679472947564,0.3170731707317073,200
COCc1ccc(C2(c3ccccc3)COCCN2C23NC(=O)NC(=O)C2NCC3=O)c(C#N)c1,-0.1853208442560027,-0.0,-0.0,-0.1853208442560027,0.5646791557439973,0.815607962216591,0.4444444444444444,200
COCCc1cc(-c2ccccc2)ccc1C1(Cl)CCCN1C(=O)C1CNN(C2CC(c3ncno3)CCN2)C1,-0.4355730996875341,-0.0,-0.0,-0.4355730996875341,0.3144269003124659,0.9033597393471066,0.3793103448275862,200
C=CC(C)(F)c1ccccc1C1(c2ccccc2)CC(N2CNNN2)CC=C1C(=O)NC1=CCC2NC(=O)C3CCCN3C(=O)C2C1,-0.4541558654875268,-0.018101469705096962,-0.0,-0.47225733519262375,0.2958441345124732,0.7909492651474516,0.3111111111111111,200
COCC1(c2ccoc2)CCCCC2C(C(=O)NCCC3CCCC3=O)NC(c3ccccc3)N21,-0.15266486150878877,-0.0,-0.0,-0.15266486150878877,0.5973351384912112,0.8657903685894339,0.4342105263157895,200
O=C(CC1CCNCC1)N1CCCC1C1NNCN1CC1CCNCC1(c1ccoc1)c1ccoc1,-0.28879779502203184,-0.00685228741929822,-0.0,-0.29565008244133006,0.46120220497796816,0.7965738562903509,0.35,200
C=Cc1ccc(C2(c3cc(-c4nnco4)on3)CCCCN3C(=O)N(CC4CC4)NC32)s1,-0.14430828962752973,-0.0,-0.0,-0.14430828962752973,0.6056917103724703,0.9473517978442276,0.32222222222222224,200
N#CC1(c2ccoc2)N(C(=O)COc2ccccc2)CC(C2NCON2)C12CCOCC2,-0.02323118136833391,-0.05506434726416898,-0.0,-0.07829552863250289,0.7267688186316661,0.7724678263679156,0.42696629213483145,200
N#CC1(c2cnc(C3CC3)nc2)C(CC2NCNN2)CN1C(=O)Nc1ccccc1,-0.15214223760411805,-0.0585364284821972,-0.0,-0.21067866608631525,0.597857762395882,0.7707317857589014,0.24444444444444444,200
N#CC1(Cc2ccccn2)CCCC12C(C(=O)NCC1CCCN1)c1ccccc1C(=O)N2C1C=CC=CC1,-0.1521997311921196,-0.0,-0.0,-0.1521997311921196,0.5978002688078804,0.8383427364205737,0.3888888888888889,200
N#CC1(C2CC2)C(C2NC(Cc3ccccc3)NO2)CN1S(=O)(=O)c1ccccc1,-0.013323937006430087,-0.1348924250896748,-0.0,-0.1482163620961049,0.7366760629935699,0.7325537874551626,0.23,200
N#CC1(C2CC2)CN(c2ccccc2)CCN1C1=NCCN1C(=O)c1ccccc1,-0.0,-0.0,-0.0,0.0,0.7960552728417509,0.8186721730162889,0.3055555555555556,200
O=C(NCC1CCCN1)C1c2ccccc2C(=O)N(C2C=CC=CC2)C12CCCC2(c1ccoc1)C1CC1,-0.1680070495626489,-0.0,-0.0,-0.1680070495626489,0.5819929504373511,0.8779617039135711,0.4027777777777778,200
C(=Cc1cc(C2(c3ccoc3)NCCCC2CN2CNC3CCCNC32)on1)c1ccoc1,-0.2215059839852075,-0.0,-0.0,-0.2215059839852075,0.5284940160147925,0.8928938817519261,0.375,200
C=CC1(c2ccccc2-c2coc(C3CC3)c2)CC(OC2NOC(C3CNCCN3)N2)CCN1C(=O)C1CCOC1,-0.3894967735950706,-0.0,-0.0,-0.3894967735950706,0.3605032264049294,0.813222437042211,0.39080459770114945,200
COCC1(Cc2ccccn2)CCCCC2C(C(=O)NCCC3CCCC3=O)NC(c3ccccc3)N21,-0.2094017573915805,-0.0,-0.0,-0.2094017573915805,0.5405982426084195,0.8416257733384216,0.44871794871794873,200
N#CC(F)Cc1cc(C2(C#N)CN(c3ccccc3)CCN2C2=NCCN2C(=O)c2ccccc2)no1,-0.21778526215395522,-0.0,-0.0,-0.21778526215395522,0.5322147378460448,0.8617303278704204,0.34177215189873417,200
N#CC=CC1(c2cc(-c3ccccc3)co2)CCCN1C(=O)C1CNN(C2CC(c3ncno3)CCN2)C1,-0.2715209031358731,-0.0,-0.0,-0.2715209031358731,0.4784790968641269,0.8687985551991441,0.313953488372093,200
C=Cc1cc(-c2ccc(C3(N4CCCC4=O)C4CNCC3CNC4)cc2)on1,-0.0,-0.0,-0.0,0.0,0.8539326151530771,0.8628117318908599,0.4,200
N#CC(F)Cc1ccc(C2CC(N3CNNN3)CC=C2C(=O)NC2=CCC3NC(=O)C4CCCN4C(=O)C3C2)c(-c2ccccc2)c1,-0.4380874776438059,-0.011773424712002933,-0.0,-0.44986090235580883,0.3119125223561941,0.7941132876439986,0.3225806451612903,200
COCCc1cc(C2(C=Cc3ccoc3)CCCCN3C(=O)N(CC4CC4)NC32)ccn1,-0.07210553801987973,-0.0,-0.0,-0.07210553801987973,0.6778944619801203,0.8821364491893916,0.41975308641975306,200
C=Cc1ccc(COC)c(C2(c3ccoc3)COCCN2C23NC(=O)NC(=O)C2NCC3=O)c1,-0.18049174916314914,-0.004315016844394837,-0.0,-0.18480676600754398,0.5695082508368509,0.7978424915778026,0.43902439024390244,200
O=C(CCC1CCCCC1)NC1CCN(C2CC(N3CCOCC3)CNN2)C1(c1ccoc1)c1ccoc1,-0.2661247955658396,-0.0,-0.0,-0.2661247955658396,0.4838752044341604,0.8108260920534996,0.38461538461538464,200
COCC1(Cc2ccccn2)C=CCC(CN2CCNc3ccccc32)C1,-0.0,-0.04238716167715206,-0.0,-0.04238716167715206,0.7823772633929256,0.778806419161424,0.4166666666666667,200
N#CS1(c2ccoc2)C=CC=C1C(=O)NC1CCCC1C(=O)N1CCc2ccccc2C1,-0.03822315796671638,-0.08320929538266997,-0.0,-0.12143245334938635,0.7117768420332836,0.7583953523086651,0.358974358974359,200
C=Cc1coc(-c2cc(S3(COC)C(NC(=O)CC4(N5CC=CC5)CCOCC4)NNC3C3CCCCC3)on2)c1,-0.4048363178658828,-0.005135386715875212,-0.0,-0.409971704581758,0.3451636821341172,0.7974323066420624,0.336734693877551,200
O=C(CCN1CCCN1)N1CCCC1CCC1NCCN1CC1CC1(c1coc(C2CC2)c1)c1csc(-c2ncccn2)n1,-0.4370598733065526,-0.0,-0.0,-0.4370598733065526,0.3129401266934474,0.9355470144918945,0.32098765432098764,200
O=C(COc1ccccc1)N1CC(C2NCON2)C2(CCOCC2)C1(c1ccoc1)C1CC1,-0.05443961519961327,-0.016891586412906445,-0.0,-0.07133120161251971,0.6955603848003867,0.7915542067935468,0.42696629213483145,200
COCC1(c2ccc(-c3cccc(C#N)c3)cc2)COCCN1C12NC(=O)NC(=O)C1NCC2=O,-0.1812019404131615,-0.0,-0.0,-0.1812019404131615,0.5687980595868385,0.8474258486320343,0.4444444444444444,200
C=Cc1cc(S2(c3nnc(C(C)F)o3)C(NC(=O)CC3(N4CC=CC4)CCOCC3)NNC2C2CCCCC2)no1,-0.3836694837929423,-0.16834437510160716,-0.0,-0.5520138588945495,0.3663305162070577,0.7158278124491965,0.32989690721649484,200
C=Cc1ccc(C2(C#N)CC(N3CNNN3)CC=C2C(=O)NC2=CCC3NC(=O)C4CCCN4C(=O)C3C2)c(-c2ccccc2)c1,-0.4171927322684096,-0.018764720865251716,-0.0,-0.4359574531336613,0.3328072677315904,0.7906176395673742,0.3118279569892473,200
N#Cc1coc(-c2ccc(C3COCCN3C34NC(=O)NC(=O)C3NCC4=O)c(C3CC3)c2)c1,-0.13322951997994315,-0.0,-0.0,-0.13322951997994315,0.6167704800200569,0.8035028629815552,0.4358974358974359,200
N#CS1(c2ccoc2)C=CC=C1C(=O)NC1CCCC1C(=O)N1CCc2ccccc2C1,-0.03822315796671638,-0.08320929538266997,-0.0,-0.12143245334938635,0.7117768420332836,0.7583953523086651,0.358974358974359,200
COCc1ccc(-c2ccccc2C#N)cc1C1COCCN1C12NC(=O)NC(=O)C1NCC2=O,-0.1708623560956023,-0.0,-0.0,-0.1708623560956023,0.5791376439043977,0.8404345910874172,0.45,200
N#Cc1cc(S2(c3ccc(-c4nnco4)cc3)C(NC(=O)CC3(N4CC=CC4)CCOCC3)NNC2C2CCCCC2)co1,-0.44401250085510596,-0.0,-0.0,-0.44401250085510596,0.30598749914489404,0.8907851738098487,0.33695652173913043,200
O=S(=O)(c1ccccc1)N1CC(C2NC(Cc3ccccc3)NO2)C1(c1ccoc1)C1CC1,-0.1924608326841819,-0.0,-0.0,-0.1924608326841819,0.5575391673158181,0.8384028481317902,0.24242424242424243,200
N#CC=Cc1cc(C2(c3ccco3)NCCCC2CN2CNC3CCCNC32)ccn1,-0.10733594609717922,-0.0,-0.0,-0.10733594609717922,0.6426640539028208,0.8642442000186662,0.35064935064935066,200
O=S(=O)(c1ccccc1)N1CC(C2NC(Cc3ccccc3)NO2)C1(C1CC1)C1CC1,-0.05569310438560038,-0.12352771522823103,-0.0,-0.1792208196138314,0.6943068956143996,0.7382361423858845,0.24242424242424243,200
CC(F)c1ccc(-c2ccc(C3(c4nnco4)CCCCN4C(=O)N(CC5CC5)NC43)c(Cl)c2)cc1Cl,-0.3674801367205921,-0.0,-0.0,-0.3674801367205921,0.3825198632794079,0.9389471435577899,0.32941176470588235,200
COCCc1ccc(C2CCCO2)c(C2(c3ncccn3)C=CCC(C3NCCN4CCNC34)C2)c1,-0.17035067990155928,-0.0,-0.0,-0.17035067990155928,0.5796493200984407,0.8806600995980028,0.4166666666666667,200
O=C(CCC1CCCCC1)NC1CCN(C2CC(N3CCOCC3)CNN2)C1(c1ccoc1)c1ccoc1,-0.2661247955658396,-0.0,-0.0,-0.2661247955658396,0.4838752044341604,0.8108260920534996,0.38461538461538464,200
COCCc1ccc(S2(c3cc(CCF)co3)C(NC(=O)CC3(N4CC=CC4)CCOCC3)NNC2C2CCCCC2)cc1,-0.4795166136277504,-0.0,-0.0,-0.4795166136277504,0.2704833863722496,0.8104555169229211,0.34408602150537637,200
N#CC1(Cc2ccccn2)CCCCC2C(C(=O)NCCC3CCCC3=O)NC(c3ccccc3)N21,-0.1290445832409879,-0.0,-0.0,-0.1290445832409879,0.6209554167590121,0.8416257733384216,0.38461538461538464,200
N#Cc1nnc(C2(C3CC3)C3CC(c4ccccc4)NN3CCCN2C(=O)CCS(=O)(=O)C2=CC=CC3NCCC3C2)o1,-0.26529292250615677,-0.0298809585861457,-0.0,-0.29517388109230247,0.48470707749384323,0.7850595207069272,0.30434782608695654,200
C=CCC(F)c1cccc(C23CC=CCC2N(c2ccco2)CC3)c1,-0.1024393479627701,-0.05071060288879803,-0.0,-0.15314995085156813,0.6475606520372299,0.774644698555601,0.3188405797101449,200
N#Cc1ccc(C2(C=Cc3ccoc3)CCCN2C(=O)C2CNN(C3CC(c4ncno4)CCN3)C2)cc1,-0.23811181826710415,-0.0,-0.0,-0.23811181826710415,0.5118881817328959,0.8510079822515859,0.3023255813953488,200
O=C(CCS(=O)(=O)C1=CC=CC2NCCC2C1)N1CCCN2NC(c3ccccc3)CC2C1(c1ccoc1)c1ccoc1,-0.3374873364054735,-0.0,-0.0,-0.3374873364054735,0.4125126635945265,0.9055421635230348,0.30337078651685395,200
N#Cc1ccc(C2(c3ccoc3)CC2CN2CCNC2CCC2CCCN2C(=O)CCN2CCCN2)c(C#N)c1,-0.27757266464953045,-0.0,-0.0,-0.27757266464953045,0.47242733535046955,0.8974358126527077,0.3246753246753247,200
O=C(NCC1CCCO1)C1CCN(C2CNC(N3CCNCC3)NC2)CC1(c1ccc(-c2ccccc2)cc1)C(F)CCCF,-0.4437059042224894,-0.0,-0.0,-0.4437059042224894,0.3062940957775106,0.8634175923600578,0.37037037037037035,200
COCc1ccc(C2(c3ccc(-c4ccco4)s3)CC(OC3NOC(C4CNCCN4)N3)CCN2C(=O)C2CCOC2)cc1,-0.4664725350778317,-0.0,-0.0,-0.4664725350778317,0.2835274649221683,0.8980408364118826,0.39325842696629215,200
O=C(CCN1CCCN1)N1CCCC1CCC1NCCN1CC1CC1(c1ccoc1)c1ccoc1,-0.20959179682182993,-0.0,-0.0,-0.20959179682182993,0.5404082031781701,0.8325038637407888,0.3157894736842105,200
N#Cc1cc(S2(c3nnc(-c4ccoc4)o3)C(NC(=O)CC3(N4CC=CC4)CCOCC3)NNC2C2CCCCC2)no1,-0.43180175588615444,-0.0,-0.0,-0.43180175588615444,0.31819824411384556,0.8581950482933125,0.3263157894736842,200
COCC=Cc1nnc(C2(c3ccncc3)CCCCN3C(=O)N(CC4CC4)NC32)o1,-0.02040650079407824,-0.0,-0.0,-0.02040650079407824,0.7295934992059218,0.8609476146608632,0.4024390243902439,200
COCc1cccc(C2(c3csc(C#N)n3)CCCCN3C(=O)N(CC4CC4)NC32)c1,-0.0033503507995861215,-0.0,-0.0,-0.0033503507995861215,0.7466496492004139,0.8851730416192505,0.36904761904761907,200
CN(Cc1ccccc1)S1(c2ccnc3c(C#N)cccc23)C(NC(=O)CC2(N3CC=CC3)CCOCC2)NNC1C1CCCCC1,-0.4912254862191558,-0.0,-0.0,-0.4912254862191558,0.2587745137808442,0.8597633905359185,0.3229166666666667,200
N#CC1(c2ccoc2)CCCCC2C(C(=O)NCCC3CCCC3=O)NC(c3ccccc3)N21,-0.06934303046473478,-0.0,-0.0,-0.06934303046473478,0.6806569695352652,0.8657903685894339,0.3888888888888889,200
O=C1CC2C(CCCC2(c2ncc(C=Cc3ccoc3)cn2)C2CC2)NN1,-0.0,-0.0,-0.0,0.0,0.8714456043270079,0.8459639831728799,0.27848101265822783,200
COCCc1cnc(-c2cc(C34CC=CCC3N(C(O)F)CC4)on2)nc1,-0.13702025593969702,-0.0,-0.0,-0.13702025593969702,0.612979744060303,0.8565704849332468,0.4230769230769231,200
C(=CC1(C2CC2)NCCCC1CN1CNC2CCCNC21)c1nnc(Cc2ccccn2)o1,-0.15751830786348509,-0.0,-0.0,-0.15751830786348509,0.5924816921365149,0.8543547742725208,0.3373493975903614,200
COCc1cnc(C2(c3cc(COC)ccn3)C=CCC(N3CCCC3)C2)nc1,-0.07799820737697505,-0.0,-0.0,-0.07799820737697505,0.672001792623025,0.8879220722460553,0.40229885057471265,200
O=C(CCS(=O)(=O)C1=CC=CC2NCCC2C1)N1CCCN2NC(c3ccccc3)CC2C1(c1ccoc1)c1ccoc1,-0.3374873364054735,-0.0,-0.0,-0.3374873364054735,0.4125126635945265,0.9055421635230348,0.30337078651685395,200
N#Cc1coc(C2(c3ccnc(C#N)c3)C=CCC(C3=CCC(N4CCOCC4)NN3)C2)c1,-0.05422460610143054,-0.0,-0.0,-0.05422460610143054,0.6957753938985695,0.8527437257831704,0.35,200
O=C(COc1ccccc1)N1CC(C2NCON2)C2(CCOCC2)C1(c1ccoc1)C1CC1,-0.05443961519961327,-0.016891586412906445,-0.0,-0.07133120161251971,0.6955603848003867,0.7915542067935468,0.42696629213483145,200
N#CC1(C2CC2)CN(c2ccccc2)CCN1C1=NCCN1C(=O)c1ccccc1,-0.0,-0.0,-0.0,0.0,0.7960552728417509,0.8186721730162889,0.3055555555555556,200
C=Cc1cc(C2(c3coc(COC)c3)C=CCC(C3NCCN4CCNC34)C2)no1,-0.04107115742071765,-0.0,-0.0,-0.04107115742071765,0.7089288425792823,0.81521055861652,0.4117647058823529,200
N#CCC(F)S1(c2ccccc2-c2ccno2)C(NC(=O)CC2(N3CC=CC3)CCOCC2)NNC1C1CCCCC1,-0.4010223344722237,-0.0,-0.0,-0.4010223344722237,0.3489776655277763,0.8272320374618372,0.3229166666666667,200
COCc1cc(C2(c3ccno3)NCCCC2CN2CNC3CCCNC32)ccc1C1CC1,-0.15227634293852732,-0.0,-0.0,-0.15227634293852732,0.5977236570614727,0.8466943034823796,0.3974358974358974,200
COCc1ccc(C2(C=CC(C)F)CCCN2C(=O)C2CNN(C3CC(c4ncno4)CCN3)C2)cc1,-0.22831006835337297,-0.1470188192149049,-0.0,-0.37532888756827787,0.521689931646627,0.7264905903925476,0.367816091954023,200
C=Cc1ccc(C(C)F)c(C2(c3cccs3)CN(C3CNC(N4CCNCC4)NC3)CCC2C(=O)NCC2CCCO2)c1,-0.40225418490007814,-0.002971160392055694,-0.0,-0.40522534529213383,0.34774581509992186,0.7985144198039722,0.37209302325581395,200
COCc1ncc(S2(c3ccnc(C4CC4)c3)C(NC(=O)CC3(N4CC=CC4)CCOCC3)NNC2C2CCCCC2)cn1,-0.41641884010751884,-0.0,-0.0,-0.41641884010751884,0.33358115989248116,0.824902926242935,0.34408602150537637,200
N#CC1(c2ccoc2)CCCCC2C(C(=O)NCCC3CCCC3=O)NC(c3ccccc3)N21,-0.06934303046473478,-0.0,-0.0,-0.06934303046473478,0.6806569695352652,0.8657903685894339,0.3888888888888889,200
C#Cc1ccc(C#N)c(C2(c3ccccn3)NCCN2CCNN2NC(=O)C2CC2CC2)c1,-0.22261157476246496,-0.0,-0.0,-0.22261157476246496,0.527388425237535,0.8814427308138055,0.3176470588235294,200
O=C(NCC1CCCO1)C1CCN(C2CNC(N3CCNCC3)NC2)CC1(c1ccoc1)c1cc(CC(F)C2CC2)no1,-0.4326043610219711,-0.11939931564467754,-0.0,-0.5520036766666486,0.3173956389780289,0.7403003421776613,0.36470588235294116,200
N#CC1(C2CC2)CN(c2ccccc2)CCN1C1=NCCN1C(=O)c1ccccc1,-0.0,-0.0,-0.0,0.0,0.7960552728417509,0.8186721730162889,0.3055555555555556,200
COCc1ccc(C2(c3ccccc3CCF)C=CCC(C3NCCN4CCNC34)C2)cc1,-0.11922543737657498,-0.0,-0.0,-0.11922543737657498,0.630774562623425,0.8875208609334336,0.38571428571428573,200
COCC1(c2ccoc2)CCCCC2C(C(=O)NCCC3CCCC3=O)NC(c3ccccc3)N21,-0.15266486150878877,-0.0,-0.0,-0.15266486150878877,0.5973351384912112,0.8657903685894339,0.4342105263157895,200
C1=CC(c2ccoc2)(c2ccoc2)NC(CN2CCC(CCC3NC(C4CCOCC4)NO3)CC2)C1,-0.27289297623300574,-0.0,-0.0,-0.27289297623300574,0.47710702376699426,0.8540446451468154,0.36470588235294116,200
C=CC1(c2ccccc2N(C)Cc2nnco2)C2CNCC1CNC2,-0.0,-0.0,-0.0,0.0,0.8063294626660963,0.8853070167435497,0.3026315789473684,200
CC(F)C1(c2ccccc2-c2coc(C3CC3)c2)CC(N2CNNN2)CC=C1C(=O)NC1=CCC2NC(=O)C3CCCN3C(=O)C2C1,-0.4387560671057569,-0.056138312340201946,-0.0,-0.4948943794459588,0.3112439328942431,0.7719308438298991,0.3118279569892473,200
COCC1(c2ccc(-c3ncc(C4CCCO4)cn3)cc2Cl)CCCC2NNC(=O)CC21,-0.037297621060946584,-0.0,-0.0,-0.037297621060946584,0.7127023789390534,0.9035001569409706,0.38271604938271603,200
O=C(C1CCOC1)N1CCCC(CCCN2CCCO2)C1(c1ccoc1)c1ccoc1,-0.08189691972888224,-0.0,-0.0,-0.08189691972888224,0.6681030802711178,0.8493802810695634,0.34177215189873417,200
N#Cc1ccc(C2(c3cccc(C4CC4)c3)NCCCC2CN2CNC3CCCNC32)s1,-0.09732849600638271,-0.0,-0.0,-0.09732849600638271,0.6526715039936173,0.8679247230588039,0.3076923076923077,200
O=C(CC1CCNCC1)N1CCCC1C1NNCN1CC1CCNCC1(c1ccc(-c2ccon2)c(C2CC2)c1)C1CC1,-0.39609713396861307,-0.0,-0.0,-0.39609713396861307,0.35390286603138693,0.8544384921849737,0.3253012048192771,200
COCC1(c2cc(-c3cc(C#N)no3)ccn2)C=CCC(C2NCCN3CCNC23)C1,-0.045042311426698345,-0.0,-0.0,-0.045042311426698345,0.7049576885733017,0.8836645669398194,0.38666666666666666,200
CC(F)c1ccc(C2(c3ccccc3C3CCCO3)COCCN2C23NC(=O)NC(=O)C2NCC3=O)cc1,-0.1973128795897806,-0.0,-0.0,-0.1973128795897806,0.5526871204102194,0.811818920704768,0.41975308641975306,200
C=Cc1cc(-c2ccc(C3CNCCC3CN3CNNC3C3CCCN3C(=O)CC3CCNCC3)c(C3CC3)c2)on1,-0.38869097236867195,-0.0,-0.0,-0.38869097236867195,0.36130902763132805,0.8765032375689836,0.3373493975903614,200
N#Cc1cc(C2(Cc3ccccn3)C=CCC(C3=CCC(N4CCOCC4)NN3)C2)co1,-0.04605812504889473,-0.0,-0.0,-0.04605812504889473,0.7039418749511053,0.8945608121955392,0.35,200
O=C(CCN1CCCN1)N1CCCC1CCC1NCCN1CC1CC1c1ccc(C(F)(Cc2ccccc2)C2CC2)cc1,-0.412858499594871,-0.0,-0.0,-0.412858499594871,0.337141500405129,0.8916918350689652,0.2911392405063291,200
COCc1cc(C2(C#N)CCCCC3C(C(=O)NCCC4CCCC4=O)NC(c4ccccc4)N32)no1,-0.18944620680373225,-0.0,-0.0,-0.18944620680373225,0.5605537931962677,0.8431601436472634,0.4024390243902439,200
N#CC1(c2ccoc2)NCCC2C(=O)NC(c3ccccc3)NC21,-0.0,-0.012397996175704806,-0.0,-0.012397996175704806,0.7773363950571414,0.7938010019121476,0.28169014084507044,200
COCC1(c2nnc(C#N)o2)C=CCC(CN2CCNc3ccccc32)C1,-0.0,-0.0,-0.0,0.0,0.8152284251817181,0.800448057061461,0.38461538461538464,200
O=C1NN(NCCN2CCNC2(c2ccoc2)c2ccoc2)C1CC1CC1,-0.11180744101763895,-0.0,-0.0,-0.11180744101763895,0.638192558982361,0.8515497605098433,0.3170731707317073,200
C1=CC(Cc2ccccn2)(Cc2ccccn2)NC(CN2CCC(CCC3NC(C4CCOCC4)NO3)CC2)C1,-0.35989428438371235,-0.0,-0.0,-0.35989428438371235,0.39010571561628765,0.8899901375108772,0.3373493975903614,200
COCc1cc(C2(c3cccc(C4CC4)c3)CC(OC3NOC(C4CNCCN4)N3)CCN2C(=O)C2CCOC2)co1,-0.400255918301159,-0.0,-0.0,-0.400255918301159,0.349744081698841,0.8044124102787802,0.40229885057471265,200
O=C(C1CCOC1)N1CCC(OC2NOC(C3CNCCN3)N2)CC1(Cc1ccccn1)c1ccoc1,-0.3339370246711446,-0.01934182665455042,-0.0,-0.35327885132569503,0.4160629753288554,0.7903290866727248,0.4,200
CC(C)(Oc1ccoc1)C1(c2coc(-c3nnco3)c2)C=CCC(CN2CCC(CCC3NC(C4CCOCC4)NO3)CC2)N1,-0.4914622245871483,-0.0,-0.0,-0.4914622245871483,0.2585377754128517,0.9230147669758586,0.41304347826086957,200
COCc1ccnc(C2(C#N)C3CC(c4ccccc4)NN3CCCN2C(=O)CCS(=O)(=O)C2=CC=CC3NCCC3C2)c1,-0.2900555793989086,-0.031928703815940596,-0.0,-0.3219842832148492,0.4599444206010914,0.7840356480920297,0.34408602150537637,200
C=Cc1ccc(C=C)c(-c2coc(C3COCCN3C34NC(=O)NC(=O)C3NCC4=O)c2)c1,-0.11203747742449666,-0.0,-0.0,-0.11203747742449666,0.6379625225755033,0.8260596747914095,0.4358974358974359,200
COCC1(c2cccc(C=Cc3ccccc3)c2)COCCN1C12NC(=O)NC(=O)C1NCC2=O,-0.21385234244035956,-0.0,-0.0,-0.21385234244035956,0.5361476575596404,0.8358627206843121,0.4444444444444444,200
N#CS1(Cc2ccccn2)C=CC=C1C(=O)NC1CCCC1C(=O)N1CCc2ccccc2C1,-0.08730658101208699,-0.0,-0.0,-0.08730658101208699,0.662693418987913,0.804412774080065,0.33766233766233766,200
C=CC=CC1(c2ccc(C=C)cc2)CCCN1C(=O)C1CNN(C2CC(c3ncno3)CCN2)C1,-0.15382148564441278,-0.1407219035640348,-0.0,-0.2945433892084476,0.5961785143555872,0.7296390482179826,0.29069767441860467,200
O=C(CC1(N2CC=CC2)CCOCC1)NC1NNC(C2CCCCC2)S1(c1ccoc1)c1ccnc(C2CC2)c1,-0.3617954381700272,-0.0,-0.0,-0.3617954381700272,0.3882045618299728,0.8204629537030926,0.32222222222222224,200
N#Cc1ccc(C=Cc2nnco2)c(C2CCCCN3C(=O)N(CC4CC4)NC23)c1,-0.0,-0.0,-0.0,0.0,0.8205121252721488,0.8939748551791542,0.34177215189873417,200
C1=CC(c2ncccn2)(C2CCOC2c2nnc(-c3ccccc3)o2)NC(CN2CCC(CCC3NC(C4CCOCC4)NO3)CC2)C1,-0.4784696914400263,-0.0,-0.0,-0.4784696914400263,0.2715303085599737,0.9189870673952898,0.36666666666666664,200
CC(F)c1cc(-c2ccnc(C3CC(N4CNNN4)CC=C3C(=O)NC3=CCC4NC(=O)C5CCCN5C(=O)C4C3)c2)ccc1C1CC1,-0.4430842120757895,-0.0,-0.0,-0.4430842120757895,0.3069157879242105,0.820612211331505,0.3258426966292135,200
N#Cc1nnc(-c2cccc3c(S4(C#N)C(NC(=O)CC5(N6CC=CC6)CCOCC5)NNC4C4CCCCC4)ccnc23)o1,-0.4941660147285845,-0.0,-0.0,-0.4941660147285845,0.2558339852714155,0.8740715938748062,0.35106382978723405,200
COCc1coc(C2(c3nnc(COC)o3)C=CCC(N3CCCC3)C2)c1,-0.05934845736969474,-0.0,-0.0,-0.05934845736969474,0.6906515426303053,0.826490610535176,0.4,200
N#Cc1cc(-c2ncc(C3(c4ccoc4)CC3CN3CCNC3CCC3CCCN3C(=O)CCN3CCCN3)cn2)co1,-0.4028405010124458,-0.0,-0.0,-0.4028405010124458,0.3471594989875542,0.9338667883541247,0.35802469135802467,200
N#CC=Cc1coc(C2(c3ccoc3)C=CCC(C3=CCC(N4CCOCC4)NN3)C2)c1,-0.1997470087454304,-0.0,-0.0,-0.1997470087454304,0.5502529912545696,0.8245491602334151,0.35443037974683544,200
C=CC1(c2cc(-c3cncnc3)ccc2C#N)CC1CN1CCNC1CCC1CCCN1C(=O)CCN1CCCN1,-0.34088942258020727,-0.0,-0.0,-0.34088942258020727,0.40911057741979273,0.8969599540085526,0.3125,200
COCc1ccc(C2(C=Cc3ccccc3)CCCCN3C(=O)N(CC4CC4)NC32)cc1,-0.07508554996767003,-0.0,-0.0,-0.07508554996767003,0.67491445003233,0.9063719990791537,0.4050632911392405,200
COCc1cc(C2(COC)C=CCC(CN3CCNc4ccccc43)C2)on1,-0.01258710920425199,-0.0,-0.0,-0.01258710920425199,0.737412890795748,0.8181875790644951,0.4266666666666667,200
N#CC1(C#N)C(C2NC(Cc3ccccc3)NO2)CN1S(=O)(=O)c1ccccc1,-0.0,-0.15704266132167377,-0.0,-0.15704266132167377,0.7593677505914875,0.7214786693391632,0.22448979591836735,200
O=C(CCNC1C(c2ccccc2)NC2CNCCN21)N1CCSCC1(Cc1ccccn1)c1ccoc1,-0.3416343971626913,-0.0,-0.0,-0.3416343971626913,0.4083656028373087,0.8827464987282974,0.36363636363636365,200
O=C1NC(=O)C2NCC(=O)C2(N2CCOCC2c2ccccc2-c2ccc(C=Cc3ccco3)cc2)N1,-0.25434739475181445,-0.0,-0.0,-0.25434739475181445,0.49565260524818555,0.9106083511887489,0.44155844155844154,200
C=Cc1ccc(C2(CCOC)NCCCC2CN2CNC3CCCNC32)c(-c2ccco2)c1,-0.18068085421446267,-0.0,-0.0,-0.18068085421446267,0.5693191457855373,0.8744438100881075,0.41333333333333333,200
O=C(Nc1ccccc1)N1CC(CC2NCNN2)C1(c1ccoc1)C1CC1,-0.09742993089959617,-0.0,-0.0,-0.09742993089959617,0.6525700691004038,0.8087174440329752,0.25882352941176473,200
N#CC1(c2nc(Cc3ccccn3)cs2)C=CCC(CN2CCC(CCC3NC(C4CCOCC4)NO3)CC2)N1,-0.35446863413311774,-0.0,-0.0,-0.35446863413311774,0.39553136586688226,0.9032983523062316,0.3181818181818182,200
COCCC1(c2ccoc2)CCCC12C(C(=O)NCC1CCCN1)c1ccccc1C(=O)N2C1C=CC=CC1,-0.2226455141118212,-0.14820131869869146,-0.0,-0.37084683281051267,0.5273544858881788,0.7258993406506543,0.4473684210526316,200
N#Cc1ccnc(C2(c3ccoc3)C=CCC(C3=CCC(N4CCOCC4)NN3)C2)c1,-0.010000387305014846,-0.0,-0.0,-0.010000387305014846,0.7399996126949852,0.8821454817857551,0.325,200
COCC1(c2ccoc2)N(C(=O)COc2ccccc2)CC(C2NCON2)C12CCOCC2,-0.09909187778847373,-0.05506434726416898,-0.0,-0.1541562250526427,0.6509081222115263,0.7724678263679156,0.44047619047619047,200
COCC1(c2cc(C#N)no2)C=CCC(CN2CCNc3ccccc32)C1,-0.0,-0.0,-0.0,0.0,0.8205372886614317,0.8181875790644951,0.4,200
COCc1ccc(-c2ccoc2)c(C2(C#N)NCCCC2CN2CNC3CCCNC32)c1,-0.1067174728779986,-0.0,-0.0,-0.1067174728779986,0.6432825271220014,0.8686674479827633,0.4027777777777778,200
COCC(F)Cc1cc(C2(C#N)NCCC3C(=O)NC(c4ccccc4)NC32)no1,-0.09531095124893496,-0.024525396528819687,-0.0,-0.11983634777775465,0.654689048751065,0.7877373017355902,0.3493975903614458,200
N#Cc1nnc(C2(c3ccoc3)C3CC(c4ccccc4)NN3CCCN2C(=O)CCS(=O)(=O)C2=CC=CC3NCCC3C2)o1,-0.35405627700146275,-0.0,-0.0,-0.35405627700146275,0.39594372299853725,0.8781201632311866,0.3076923076923077,200
N#COC1(Cc2ccccn2)C=CCC(CN2CCNc3ccccc32)C1,-0.10024256336582982,-0.04233411127632447,-0.0,-0.1425766746421543,0.6497574366341702,0.7788329443618378,0.4492753623188406,200
O=C(COc1ccccc1)N1CC(C2NCON2)C2(CCOCC2)C1(Cc1ccccn1)C1CC1,-0.11737327759408733,-0.12166785295732407,-0.0,-0.2390411305514114,0.6326267224059127,0.739166073521338,0.42857142857142855,200
C=Cc1cc(-c2ccc(C3(C#N)CNCCC3CN3CNNC3C3CCCN3C(=O)CC3CCNCC3)cc2)no1,-0.3629241510698506,-0.0,-0.0,-0.3629241510698506,0.3870758489301494,0.8601499176939912,0.3176470588235294,200
C=Cc1ccc(CCF)c(C2(c3ccon3)COCCN2C23NC(=O)NC(=O)C2NCC3=O)c1,-0.19194814147314299,-0.010347037714549367,-0.0,-0.20229517918769235,0.558051858526857,0.7948264811427254,0.4069767441860465,200
O=C1NC(=O)C2NCC(=O)C2(N2CCOCC2(c2ccoc2)c2ccoc2)N1,-0.10385885369508396,-0.066992223644043,-0.0,-0.17085107733912697,0.646141146304916,0.7665038881779785,0.43037974683544306,200
COCc1ccnc(S2(c3cnc(-c4ccccc4)nc3)C(NC(=O)CC3(N4CC=CC4)CCOCC3)NNC2C2CCCCC2)c1,-0.49449519784929236,-0.0,-0.0,-0.49449519784929236,0.25550480215070764,0.8967242219072428,0.33695652173913043,200
C1=CC(c2ccoc2)(c2ccoc2)NC(CN2CCC(CCC3NC(C4CCOCC4)NO3)CC2)C1,-0.27289297623300574,-0.0,-0.0,-0.27289297623300574,0.47710702376699426,0.8540446451468154,0.36470588235294116,200
N#CC1(c2ccoc2)N(C(=O)COc2ccccc2)CC(C2NCON2)C12CCOCC2,-0.02323118136833391,-0.05506434726416898,-0.0,-0.07829552863250289,0.7267688186316661,0.7724678263679156,0.42696629213483145,200
O=C(C1CCOC1)N1CCCC(CCCN2CCCO2)C1(c1ccoc1)c1ccoc1,-0.08189691972888224,-0.0,-0.0,-0.08189691972888224,0.6681030802711178,0.8493802810695634,0.34177215189873417,200
O=C(CCS(=O)(=O)C1=CC=CC2NCCC2C1)N1CCCN2NC(c3ccccc3)CC2C1(c1ccoc1)C1CC1,-0.23660348087067473,-0.0,-0.0,-0.23660348087067473,0.5133965191293253,0.8254734680988487,0.3,200
C=CC1OCCC1c1cc(-c2ccccc2C2CN(C3CNC(N4CCNCC4)NC3)CCC2C(=O)NCC2CCCO2)on1,-0.43977945970704246,-0.0,-0.0,-0.43977945970704246,0.31022054029295754,0.8027156895091871,0.3950617283950617,200
C=Cc1ccc(-c2ccccc2C2(C#N)NCCCC2CN2CNC3CCCNC32)cc1,-0.07016084623939112,-0.0,-0.0,-0.07016084623939112,0.6798391537606089,0.909832041926608,0.32894736842105265,200
COCC1(c2ccoc2)CCCCC2C(C(=O)NCCC3CCCC3=O)NC(c3ccccc3)N21,-0.15266486150878877,-0.0,-0.0,-0.15266486150878877,0.5973351384912112,0.8657903685894339,0.4342105263157895,200
O=C(CCN1CCCN1)N1CCCC1CCC1NCCN1CC1CC1(c1ccoc1)c1ccoc1,-0.20959179682182993,-0.0,-0.0,-0.20959179682182993,0.5404082031781701,0.8325038637407888,0.3157894736842105,200
O=C1NN(NCCN2CCNC2(c2ccoc2)c2ccoc2)C1CC1CC1,-0.11180744101763895,-0.0,-0.0,-0.11180744101763895,0.638192558982361,0.8515497605098433,0.3170731707317073,200
N#CC1(c2ccccc2-c2csc(CCF)n2)C2CNCC1CNC2,-0.0,-0.0,-0.0,0.0,0.883750161450205,0.8330516322688737,0.3055555555555556,200
N#CC1(Cc2ccccn2)CCCCC2C(C(=O)NCCC3CCCC3=O)NC(c3ccccc3)N21,-0.1290445832409879,-0.0,-0.0,-0.1290445832409879,0.6209554167590121,0.8416257733384216,0.38461538461538464,200
C=Cc1ccc(CC(=O)c2ccno2)cc1C1NCCCC1CN1CNC2CCCNC21,-0.17295801260630428,-0.0,-0.0,-0.17295801260630428,0.5770419873936957,0.9118935656136568,0.38666666666666666,200
N#CC1(C2CC2)C(C2NC(Cc3ccccc3)NO2)CN1S(=O)(=O)c1ccccc1,-0.013323937006430087,-0.1348924250896748,-0.0,-0.1482163620961049,0.7366760629935699,0.7325537874551626,0.23,200
N#CS1(c2ccoc2)C=CC=C1C(=O)NC1CCCC1C(=O)N1CCc2ccccc2C1,-0.03822315796671638,-0.08320929538266997,-0.0,-0.12143245334938635,0.7117768420332836,0.7583953523086651,0.358974358974359,200
COCC1(c2cc(-c3ccoc3)ccc2C#N)CC1CN1CCNC1CCC1CCCN1C(=O)CCN1CCCN1,-0.341737706879027,-0.0,-0.0,-0.341737706879027,0.408262293120973,0.8806685844369445,0.38961038961038963,200
N#Cc1ccnc(C2(C#N)C=CCC(CN3CCNc4ccccc43)C2)c1,-0.0,-0.0,-0.0,0.0,0.8513183277062324,0.8192186564123743,0.35294117647058826,200
COCc1cnc(Oc2cc(N3CCC4CC=CCC43)on2)nc1,-0.0,-0.0,-0.0,0.0,0.7811969257796406,0.8576068266622173,0.40963855421686746,200
C1=CC(c2cc(C3CC3)ccn2)(c2cc(C3CC3)co2)CC(C2NCCN3CCNC23)C1,-0.044728178670537355,-0.0,-0.0,-0.044728178670537355,0.7052718213294626,0.8613165860931745,0.3582089552238806,200
CNCc1ccc(C2(c3ncccn3)C3CNCC2CNC3)cc1C#N,-0.0,-0.0,-0.0,0.0,0.7575529663765126,0.8345412648797659,0.24615384615384617,200
N#CC1(c2ccoc2)N(C(=O)COc2ccccc2)CC(C2NCON2)C12CCOCC2,-0.02323118136833391,-0.05506434726416898,-0.0,-0.07829552863250289,0.7267688186316661,0.7724678263679156,0.42696629213483145,200
N#CC1(c2ccoc2)C2CC(c3ccccc3)NN2CCCN1C(=O)CCS(=O)(=O)C1=CC=CC2NCCC2C1,-0.19773594014482532,-0.009986982865388239,-0.0,-0.20772292301021356,0.5522640598551747,0.7950065085673059,0.3,200
N#Cc1ccnc(-c2ncc(C3(C4CC4)C(CCCN4CCCO4)CCCN3C(=O)C3CCOC3)cn2)c1,-0.22694549249509122,-0.0,-0.0,-0.22694549249509122,0.5230545075049088,0.8554725617498055,0.32941176470588235,200
N#CC(F)(CCCF)c1cc(C2CN(C3CCCCN3)CCN2C(=O)CC2COc3ccccc3NC2=O)no1,-0.24294008518525678,-0.19578553086672157,-0.0,-0.43872561605197835,0.5070599148147432,0.7021072345666393,0.42857142857142855,200
CC(F)c1cc(S2(c3ccnc(C#N)c3)C(NC(=O)CC3(N4CC=CC4)CCOCC3)NNC2C2CCCCC2)on1,-0.37100957823548647,-0.0,-0.0,-0.37100957823548647,0.37899042176451353,0.8072267462825359,0.3125,200
N#CC1(c2ccoc2)N(C(=O)COc2ccccc2)CC(C2NCON2)C12CCOCC2,-0.02323118136833391,-0.05506434726416898,-0.0,-0.07829552863250289,0.7267688186316661,0.7724678263679156,0.42696629213483145,200
COCc1ccc(-c2cnc(C3(C4CCOC4)CN(C4CNC(N5CCNCC5)NC4)CCC3C(=O)NCC3CCCO3)nc2)cc1,-0.45570257756276283,-0.008661314816636123,-0.0,-0.46436389237939896,0.29429742243723717,0.795669342591682,0.4177215189873418,200
COCC1(c2ccoc2)CCCCC2C(C(=O)NCCC3CCCC3=O)NC(c3ccccc3)N21,-0.15266486150878877,-0.0,-0.0,-0.15266486150878877,0.5973351384912112,0.8657903685894339,0.4342105263157895,200
FCCC1(c2ccc(C3CCOC3)cc2-c2ccon2)C2CNCC1CNC2,-0.0,-0.0,-0.0,0.0,0.8288951080172867,0.8373415234166157,0.34285714285714286,200
N#Cc1ccc(C2CCCN2C(=O)C2CNN(C3CC(c4ncno4)CCN3)C2)cc1C=CC1CC1,-0.10998541142053786,-0.16199179501196537,-0.0,-0.2719772064325032,0.6400145885794621,0.7190041024940174,0.3058823529411765,200
N#CC=Cc1cc(C2(c3ccoc3)C=CCC(C3=CCC(N4CCOCC4)NN3)C2)ccn1,-0.20975745445687766,-0.0,-0.0,-0.20975745445687766,0.5402425455431223,0.8660780269450846,0.325,200
COCc1cc(C2CCOC2)ccc1C1(c2ccon2)CCCCN2C(=O)N(CC3CC3)NC21,-0.08082411840431836,-0.0,-0.0,-0.08082411840431836,0.6691758815956816,0.8743722256930987,0.4024390243902439,200
C=CC1(c2ccccc2-c2ccnc(C3CC3)c2)CCCC2NNC(=O)CC21,-0.0,-0.0,-0.0,0.0,0.7882664175136976,0.9085303383918758,0.29333333333333333,200
COCc1ccc(C2CNCCC2CN2CNNC2C2CCCN2C(=O)CC2CCNCC2)c(-c2cc(-c3ccccn3)no2)c1,-0.48366990628256556,-0.0,-0.0,-0.48366990628256556,0.26633009371743444,0.9536278479145172,0.4024390243902439,200
C=Cc1ncc(C(F)Cc2cccc(N3CCC4CC=CCC43)c2)cn1,-0.03227420114089308,-0.0,-0.0,-0.03227420114089308,0.7177257988591069,0.9240918902743583,0.30434782608695654,200
N#Cc1ccnc(C2(C=Cc3ccccn3)CCCCN3C(=O)N(CC4CC4)NC32)c1,-0.0,-0.0,-0.0,0.0,0.8098565441583252,0.8857580489877838,0.34146341463414637,200
N#CC1(c2ccoc2)CCCCC2C(C(=O)NCCC3CCCC3=O)NC(c3ccccc3)N21,-0.06934303046473478,-0.0,-0.0,-0.06934303046473478,0.6806569695352652,0.8657903685894339,0.3888888888888889,200
N#Cc1coc(C2(C3CC3)CN(C3CCCCN3)CCN2C(=O)CC2COc3ccccc3NC2=O)c1,-0.10475090790846497,-0.17816650384531907,-0.0,-0.28291741175378404,0.645249092091535,0.7109167480773405,0.47368421052631576,200
N#CC1(c2ccoc2)C(CC2NCNN2)CN1C(=O)Nc1ccccc1,-0.08488913360951189,-0.02310859123509923,-0.0,-0.10799772484461112,0.6651108663904881,0.7884457043824504,0.24705882352941178,200
O=C1N(CC2CC2)NC2N1CCCCC2(C=Cc1cccs1)c1cc(-c2ccno2)co1,-0.18510945784173216,-0.0,-0.0,-0.18510945784173216,0.5648905421582678,0.9459886261838582,0.32954545454545453,200
CN(CC#N)c1ccc(C2C=CCC(N3CCCC3)C2)c(-c2ccoc2)c1,-0.18357713372635975,-0.0,-0.0,-0.18357713372635975,0.5664228662736402,0.8643293501313942,0.3855421686746988,200
N#Cc1cc(C2(c3nnc(C#N)o3)CCCCN3C(=O)N(CC4CC4)NC32)on1,-0.0,-0.00158636361889819,-0.0,-0.00158636361889819,0.8081991258327954,0.799206818190551,0.3372093023255814,200
C=CC=CC1(c2ccnc(-c3nccs3)c2)CCCCN2C(=O)N(CC3CC3)NC21,-0.04522684390949461,-0.0,-0.0,-0.04522684390949461,0.7047731560905054,0.9037615830650721,0.313953488372093,200
O=C1NC(c2ccccc2)NC2C1CCNC2(c1ccoc1)C1CC1,-0.0,-0.0,-0.0,0.0,0.8038707683149114,0.8030538927725184,0.29577464788732394,200
N#CC1(c2ccoc2)CCCC12C(C(=O)NCC1CCCN1)c1ccccc1C(=O)N2C1C=CC=CC1,-0.0968747844917428,-0.08344872998510411,-0.0,-0.1803235144768469,0.6531252155082572,0.758275635007448,0.4027777777777778,200
N#Cc1cc(-c2ccccc2C=C[SH]2C(NC(=O)CC3(N4CC=CC4)CCOCC3)NNC2C2CCCCC2)on1,-0.4800580368418203,-0.0,-0.0,-0.4800580368418203,0.2699419631581797,0.836003488033892,0.34444444444444444,200
COCS1(c2ccc(-c3ccoc3)cc2C#N)C(NC(=O)CC2(N3CC=CC3)CCOCC2)NNC1C1CCCCC1,-0.39455644981980015,-0.0,-0.0,-0.39455644981980015,0.35544355018019985,0.8295897946291351,0.34408602150537637,200
N#Cc1ncc(-c2cnc(C34CC=CCC3N(O)CC4)nc2)cn1,-0.0,-0.0,-0.0,0.0,0.843016902210951,0.8630142830351438,0.2948717948717949,200
O=C(CCS(=O)(=O)C1=CC=CC2NCCC2C1)N1CCCN2NC(c3ccccc3)CC2C1(c1ccoc1)C1CC1,-0.23660348087067473,-0.0,-0.0,-0.23660348087067473,0.5133965191293253,0.8254734680988487,0.3,200
O=C1N(CC2CC2)NC2N1CCCCC2(c1cc(C=Cc2ccoc2)ccn1)C1CC1,-0.00852618277000794,-0.0,-0.0,-0.00852618277000794,0.7414738172299921,0.9011739730550778,0.35802469135802467,200
O=C1N(CC2CC2)NC2N1CCCCC2(c1ccccn1)c1cc(C2CC2)ccc1C1CC1,-0.08828264484519255,-0.0,-0.0,-0.08828264484519255,0.6617173551548075,0.934374436406083,0.3625,200
COCC1(c2ccoc2)CCCCC2C(C(=O)NCCC3CCCC3=O)NC(c3ccccc3)N21,-0.15266486150878877,-0.0,-0.0,-0.15266486150878877,0.5973351384912112,0.8657903685894339,0.4342105263157895,200
C#CN1CCC2(c3ccc(C=C)cc3-c3nccs3)CC=CCC12,-0.152188608339328,-0.0,-0.0,-0.152188608339328,0.597811391660672,0.8075682158446262,0.3088235294117647,200
C1=CC(c2ccoc2)(c2ccoc2)NC(CN2CCC(CCC3NC(C4CCOCC4)NO3)CC2)C1,-0.27289297623300574,-0.0,-0.0,-0.27289297623300574,0.47710702376699426,0.8540446451468154,0.36470588235294116,200
COCCc1cccc(OC2(c3ccno3)C3CNCC2CNC3)c1,-0.0,-0.0,-0.0,0.0,0.8299503921412418,0.8270539268855913,0.4,200
C#Cc1cnc(C2(c3cc(CNC)co3)CCCCN3C(=O)N(CC4CC4)NC32)nc1,-0.052761002798192735,-0.0,-0.0,-0.052761002798192735,0.6972389972018073,0.8637598183603584,0.375,200
COCCc1cc(C=CC23CC=CCC2N(c2cncnc2)CC3)ccn1,-0.01624811759322975,-0.02953313732676177,-0.0,-0.04578125491999152,0.7337518824067703,0.7852334313366192,0.42045454545454547,200
COCc1ccc(C=CC2(c3ccoc3)C=CCC(C3NCCN4CCNC34)C2)cc1,-0.04834971147546452,-0.0,-0.0,-0.04834971147546452,0.7016502885245355,0.8996475446884205,0.4155844155844156,200
N#CC1(c2ccoc2)C=CCC(CN2CCNc3ccccc32)C1,-0.0,-0.0,-0.0,0.0,0.8707265385634771,0.8243529089076679,0.38235294117647056,200
O=C(C1CCOC1)N1CCC(OC2NOC(C3CNCCN3)N2)CC1c1cc(C=CCCF)ccc1-c1ccccc1,-0.38977181676647027,-0.0,-0.0,-0.38977181676647027,0.36022818323352973,0.8383157400375426,0.4117647058823529,200
O=C(COc1ccccc1)N1CC(C2NCON2)C2(CCOCC2)C1(c1ccoc1)C1CC1,-0.05443961519961327,-0.016891586412906445,-0.0,-0.07133120161251971,0.6955603848003867,0.7915542067935468,0.42696629213483145,200
O=C(CCN1CCCN1)N1CCCC1CCC1NCCN1CC1CC1(Cc1ccccn1)c1ccoc1,-0.2646172672246359,-0.0,-0.0,-0.2646172672246359,0.4853827327753641,0.8887275524383719,0.3246753246753247,200
N#CC=Cc1cc(-c2cc(C3C4CNCC3CNC4)ccn2)ccn1,-0.0,-0.0,-0.0,0.0,0.8436888359194397,0.9017486373494911,0.2463768115942029,200
C1=CC(c2cc(-c3ccoc3)co2)(C2CC2)CC(C2=CCC(N3CCOCC3)NN2)C1,-0.04394140517161027,-0.0,-0.0,-0.04394140517161027,0.7060585948283897,0.822787588008023,0.35443037974683544,200
COCc1ccc(C23CC=CCC2N(c2cc(COC)on2)CC3)cc1,-0.012069293110101076,-0.0,-0.0,-0.012069293110101076,0.7379307068898989,0.8338288933685211,0.4507042253521127,200
O=C(COc1ccccc1)N1CC(C2NCON2)C2(CCOCC2)C1(c1ccoc1)C1CC1,-0.05443961519961327,-0.016891586412906445,-0.0,-0.07133120161251971,0.6955603848003867,0.7915542067935468,0.42696629213483145,200
N#Cc1cc(C2(C3CC3)CSCCN2C(=O)CCNC2C(c3ccccc3)NC3CNCCN32)ccn1,-0.2364681467337022,-0.12085601673130997,-0.0,-0.35732416346501217,0.5135318532662978,0.7395719916343451,0.3291139240506329,200
O=C1CCCC1CCNC(=O)C1NC(c2ccccc2)N2C1CCCCC2(Cc1ccccn1)C1CC1,-0.19422281822283793,-0.0,-0.0,-0.19422281822283793,0.5557771817771621,0.8660200739842849,0.38461538461538464,200
COCc1ccccc1-c1ccc(C2CC2)cc1C1NCCN1CCNN1NC(=O)C1CC1CC1,-0.28655009255301356,-0.0,-0.0,-0.28655009255301356,0.46344990744698644,0.9062158309984311,0.37349397590361444,200
COCCC(F)C1(c2ccc(Cc3ccccc3)s2)CCCC2NNC(=O)CC21,-0.036871901674553786,-0.0,-0.0,-0.036871901674553786,0.7131280983254462,0.9033354475735053,0.37333333333333335,200
COCc1ccccc1C1(c2ccnc(-c3ncccn3)c2)C2CNCC1CNC2,-0.06581855174590023,-0.0,-0.0,-0.06581855174590023,0.6841814482540998,0.9333034879160181,0.3076923076923077,200
C=Cc1cccc(C2(c3cccc(C4CC4)c3)CC(OC3NOC(C4CNCCN4)N3)CCN2C(=O)C2CCOC2)c1,-0.3668071264179237,-0.0,-0.0,-0.3668071264179237,0.3831928735820763,0.8421545506833408,0.3793103448275862,200
N#CC1(C2CC2)CN(c2ccccc2)CCN1C1=NCCN1C(=O)c1ccccc1,-0.0,-0.0,-0.0,0.0,0.7960552728417509,0.8186721730162889,0.3055555555555556,200
N#CC1(c2ccoc2)CCCC12C(C(=O)NCC1CCCN1)c1ccccc1C(=O)N2C1C=CC=CC1,-0.0968747844917428,-0.08344872998510411,-0.0,-0.1803235144768469,0.6531252155082572,0.758275635007448,0.4027777777777778,200
C#CS1(c2ccc(-c3cc(C#N)ccn3)s2)C(NC(=O)CC2(N3CC=CC3)CCOCC2)NNC1C1CCCCC1,-0.43151480212301474,-0.0,-0.0,-0.43151480212301474,0.31848519787698526,0.8654611258917975,0.3076923076923077,200
COCC1(c2ccoc2)C=CCC(CN2CCNc3ccccc32)C1,-0.0,-0.0,-0.0,0.0,0.8343841261919331,0.8243529089076679,0.43283582089552236,200
N#CC1(c2ccoc2)CCCCC2C(C(=O)NCCC3CCCC3=O)NC(c3ccccc3)N21,-0.06934303046473478,-0.0,-0.0,-0.06934303046473478,0.6806569695352652,0.8657903685894339,0.3888888888888889,200
C=Cc1cc(C2CCN(c3ncc(C4CCCCN5C(=O)N(CC6CC6)NC45)cn3)CC2O)no1,-0.09925885164970272,-0.02396821217303402,-0.0,-0.12322706382273674,0.6507411483502973,0.788015893913483,0.3977272727272727,200
C=Cc1ccc(S(=O)CCF)cc1C1CCCN1C(=O)C1CNN(C2CC(c3ncno3)CCN2)C1,-0.19856843987371153,-0.15152652764007413,-0.0,-0.35009496751378566,0.5514315601262885,0.724236736179963,0.3020833333333333,200
N#CC1(c2ccoc2)C=CCC(CN2CCNc3ccccc32)C1,-0.0,-0.0,-0.0,0.0,0.8707265385634771,0.8243529089076679,0.38235294117647056,200
N#Cc1ccc(C2CC2)cc1C1(c2ccoc2)NCCN1CCNN1NC(=O)C1CC1CC1,-0.2068524662388368,-0.0,-0.0,-0.2068524662388368,0.5431475337611632,0.8732398842293956,0.3253012048192771,200
COCC1(c2ccc(-c3ccco3)c(C#N)c2)CCCN1C(=O)C1CNN(C2CC(c3ncno3)CCN2)C1,-0.28130338055574694,-0.0,-0.0,-0.28130338055574694,0.46869661944425306,0.8661430309948405,0.39759036144578314,200
N#Cc1nnc(C2(C#N)CCCCC3C(C(=O)NCCC4CCCC4=O)NC(c4ccccc4)N32)o1,-0.12346671460649994,-0.0,-0.0,-0.12346671460649994,0.6265332853935001,0.828438206000802,0.3684210526315789,200
N#Cc1cc(C2(C3CC3)NCCC3C(=O)NC(c4ccccc4)NC32)on1,-0.0,-0.0,-0.0,0.0,0.7645064130017069,0.8152054117533604,0.2987012987012987,200
COCc1cccc(C2(c3ccnc(C4CCOC4)c3)COCCN2C23NC(=O)NC(=O)C2NCC3=O)c1,-0.25607701067466293,-0.0,-0.0,-0.25607701067466293,0.49392298932533707,0.8051283630233972,0.45,200
O=S(=O)(c1ccccc1)N1CC(C2NC(Cc3ccccc3)NO2)C1(c1ccoc1)C1CC1,-0.1924608326841819,-0.0,-0.0,-0.1924608326841819,0.5575391673158181,0.8384028481317902,0.24242424242424243,200
N#CC1(C#N)CN(c2ccccc2)CCN1C1=NCCN1C(=O)c1ccccc1,-0.0,-0.0,-0.0,0.0,0.7914339646923493,0.8081419869085198,0.30985915492957744,200
O=C(C1CCOC1)N1CCCC(CCCN2CCCO2)C1(c1ccoc1)c1ccoc1,-0.08189691972888224,-0.0,-0.0,-0.08189691972888224,0.6681030802711178,0.8493802810695634,0.34177215189873417,200
COCCc1ccc(C2(c3cc(C4CC4)no3)C3CNCC2CNC3)cc1,-0.0,-0.0,-0.0,0.0,0.8213894902980411,0.8081912905466455,0.35714285714285715,200
N#CC1(C2CC2)C(C2NC(Cc3ccccc3)NO2)CN1S(=O)(=O)c1ccccc1,-0.013323937006430087,-0.1348924250896748,-0.0,-0.1482163620961049,0.7366760629935699,0.7325537874551626,0.23,200
O=C1N(CC2CC2)NC2N1CCCCC2(c1cc(C2CC2)no1)c1ccccc1C1CC1,-0.04311980849496133,-0.0,-0.0,-0.04311980849496133,0.7068801915050387,0.9070572298540425,0.35,200
N#Cc1cc(C2(c3ccoc3)C(NC(=O)CCC3CCCCC3)CCN2C2CC(N3CCOCC3)CNN2)ccn1,-0.30292190806530583,-0.0,-0.0,-0.30292190806530583,0.44707809193469417,0.8203118362881482,0.3780487804878049,200
N#Cc1cnc(C2(Cc3ccccn3)C=CCC(CN3CCC(CCC4NC(C5CCOCC5)NO4)CC3)N2)nc1,-0.35358616896199424,-0.0,-0.0,-0.35358616896199424,0.39641383103800576,0.8990735801356807,0.3333333333333333,200
O=C(NCC1CCCO1)C1CCN(C2CNC(N3CCNCC3)NC2)CC1(C=Cc1ccccc1)c1ccccc1-c1nccs1,-0.4664807761573653,-0.0,-0.0,-0.4664807761573653,0.2835192238426347,0.8782026983983229,0.36904761904761907,200
O=C(COc1ccccc1)N1CC(C2NCON2)C2(CCOCC2)C1(c1ccoc1)C1CC1,-0.05443961519961327,-0.016891586412906445,-0.0,-0.07133120161251971,0.6955603848003867,0.7915542067935468,0.42696629213483145,200
CN(Cc1ccncc1)c1cc(C2NCCCC2CN2CNC3CCCNC32)ccc1C#N,-0.11932617838612414,-0.0,-0.0,-0.11932617838612414,0.6306738216138759,0.931735665415757,0.3333333333333333,200
O=C(CC1CCNCC1)N1CCCC1C1NNCN1CC1CCNCC1c1ccc(CC(F)C2CC2)cc1-c1ccon1,-0.4169235768440542,-0.0,-0.0,-0.4169235768440542,0.3330764231559458,0.8418811626918146,0.32142857142857145,200
CC(F)c1ccc(C2(c3cc(C#N)co3)CCCN2C(=O)C2CNN(C3CC(c4ncno4)CCN3)C2)c(Cl)c1,-0.295605789365319,-0.0,-0.0,-0.295605789365319,0.454394210634681,0.8719715769217592,0.32222222222222224,200
O=C(CCN1CCCN1)N1CCCC1CCC1NCCN1CC1CC1(Cc1ccccn1)c1ccoc1,-0.2646172672246359,-0.0,-0.0,-0.2646172672246359,0.4853827327753641,0.8887275524383719,0.3246753246753247,200
COCC1(C2CC2)C(C2NC(Cc3ccccc3)NO2)CN1S(=O)(=O)c1ccccc1,-0.09925771351783819,-0.1348924250896748,-0.0,-0.234150138607513,0.6507422864821618,0.7325537874551626,0.2828282828282828,200
CC(F)SC1(c2coc(-c3nnco3)c2)CCCCN2C(=O)N(CC3CC3)NC21,-0.0,-0.0,-0.0,0.0,0.7601798210307371,0.8637717475296041,0.34831460674157305,200
O=C(CCN1CCCN1)N1CCCC1CCC1NCCN1CC1CC1(c1ccoc1)c1ccoc1,-0.20959179682182993,-0.0,-0.0,-0.20959179682182993,0.5404082031781701,0.8325038637407888,0.3157894736842105,200
COCc1ccnc(C2(c3ccoc3)C(CCCN3CCCO3)CCCN2C(=O)C2CCOC2)c1,-0.21251114722729947,-0.0,-0.0,-0.21251114722729947,0.5374888527727005,0.8641711265758324,0.3780487804878049,200
O=C(C1CCOC1)N1CCC(OC2NOC(C3CNCCN3)N2)CC1c1ccc(-c2cc(C(F)Cc3ccccc3)co2)cc1,-0.4640669119290189,-0.0,-0.0,-0.4640669119290189,0.2859330880709811,0.919942855479518,0.4,200
O=C(COc1ccccc1)N1CC(C2NCON2)C2(CCOCC2)C1(c1ccoc1)C1CC1,-0.05443961519961327,-0.016891586412906445,-0.0,-0.07133120161251971,0.6955603848003867,0.7915542067935468,0.42696629213483145,200
O=C1Nc2ccccc2OCC1CC(=O)N1CCN(C2CCCCN2)CC1(c1ccoc1)C1CC1,-0.06335730627185066,-0.1495628025662219,-0.0,-0.21292010883807255,0.6866426937281493,0.7252185987168891,0.48,200
O=C(CCN1CCCN1)N1CCCC1CCC1NCCN1CC1CC1(c1ccoc1)c1ccoc1,-0.20959179682182993,-0.0,-0.0,-0.20959179682182993,0.5404082031781701,0.8325038637407888,0.3157894736842105,200
C1=CC(c2ncc(C3CC3)cn2)(c2cc(-c3ccoc3)no2)CC(C2NCCN3CCNC23)C1,-0.18607785296177926,-0.0,-0.0,-0.18607785296177926,0.5639221470382207,0.9328865768067812,0.3472222222222222,200
O=C(NC1=CCC2NC(=O)C3CCCN3C(=O)C2C1)C1=CCC(N2CNNN2)CC1c1ccccc1-c1cccc(C=CCCF)c1,-0.450086683253393,-0.0,-0.0,-0.450086683253393,0.299913316746607,0.8064871621426418,0.32967032967032966,200
O=C1NC(c2ccccc2)NC2C1CCNC2(c1ccoc1)C(F)(CCc1ccccn1)C1CC1,-0.26780248771398824,-0.0,-0.0,-0.26780248771398824,0.48219751228601176,0.8926332258060654,0.30666666666666664,200
COCc1cc(C#N)ccc1C1(c2ccccn2)CCCC2NNC(=O)CC21,-0.0,-0.0,-0.0,0.0,0.8564159743906916,0.897774023023587,0.3924050632911392,200
C=Cc1cc(C2(c3ccccc3)CCCC3NNC(=O)CC32)ccc1O,-0.0,-0.0,-0.0,0.0,0.7953324784539791,0.8866507907776748,0.35135135135135137,200
C1=CC(c2cc(-c3nnco3)co2)(C2CCN(c3nnco3)CC2)CC(N2CCCC2)C1,-0.19528069348041,-0.0,-0.0,-0.19528069348041,0.55471930651959,0.8333080597195117,0.3333333333333333,200
N#CC1(c2ccoc2)NCCC2C(=O)NC(c3ccccc3)NC21,-0.0,-0.012397996175704806,-0.0,-0.012397996175704806,0.7773363950571414,0.7938010019121476,0.28169014084507044,200
O=C(CC1CCNCC1)N1CCCC1C1NNCN1CC1CCNCC1(Cc1ccccn1)c1ccoc1,-0.3320126818512123,-0.0,-0.0,-0.3320126818512123,0.4179873181487877,0.8339376699958948,0.3333333333333333,200
N#Cc1cc(C2(c3ncc(C4CC4)cn3)CCCN2C(=O)C2CNN(C3CC(c4ncno4)CCN3)C2)co1,-0.2673614522365999,-0.0,-0.0,-0.2673614522365999,0.4826385477634001,0.8280364685706788,0.313953488372093,200
N#CC1(c2ccc(-c3cccc(C4CC4)c3)c(Cl)c2)CNCCC1CN1CNNC1C1CCCN1C(=O)CC1CCNCC1,-0.39882189765991644,-0.0,-0.0,-0.39882189765991644,0.35117810234008356,0.8796235488348224,0.30120481927710846,200
O=C(Nc1ccccc1)N1CC(CC2NCNN2)C1(c1ccoc1)C1CC1,-0.09742993089959617,-0.0,-0.0,-0.09742993089959617,0.6525700691004038,0.8087174440329752,0.25882352941176473,200
C=Cc1cc(C2(c3ccc(COC)cc3)NCCN2CCNN2NC(=O)C2CC2CC2)ccn1,-0.2787467522645842,-0.0,-0.0,-0.2787467522645842,0.4712532477354158,0.8847198158657205,0.3563218390804598,200
C=Cc1cc(-c2cc(C3(C4CC4)CCCN3C(=O)C3CNN(C4CC(c5ncno5)CCN4)C3)no2)no1,-0.27499891911334023,-0.0,-0.0,-0.27499891911334023,0.47500108088665977,0.8143417300951271,0.3058823529411765,200
O=C(CC1(N2CC=CC2)CCOCC1)NC1NNC(C2CCCCC2)S1(c1nnc(-c2cc(C3CCCO3)co2)o1)C1CC1,-0.4136440121772231,-0.021788809342436766,-0.0,-0.43543282151965984,0.3363559878227769,0.7891055953287817,0.32978723404255317,200
O=S(=O)(c1ccccc1)N1CC(C2NC(Cc3ccccc3)NO2)C1(c1ccoc1)C1CC1,-0.1924608326841819,-0.0,-0.0,-0.1924608326841819,0.5575391673158181,0.8384028481317902,0.24242424242424243,200
CC(F)c1ccccc1C1(c2cc(C#N)co2)CC(OC2NOC(C3CNCCN3)N2)CCN1C(=O)C1CCOC1,-0.35825724551789573,-0.0,-0.0,-0.35825724551789573,0.39174275448210427,0.8044124102787802,0.3977272727272727,200
c1ccc(CC2(c3cc(C4CC4)on3)NCCCC2CN2CNC3CCCNC32)nc1,-0.09058979895224017,-0.0,-0.0,-0.09058979895224017,0.6594102010477598,0.868402886101494,0.35135135135135137,200
C1=CC(c2ccoc2)(c2ccoc2)NC(CN2CCC(CCC3NC(C4CCOCC4)NO3)CC2)C1,-0.27289297623300574,-0.0,-0.0,-0.27289297623300574,0.47710702376699426,0.8540446451468154,0.36470588235294116,200
COCC1(C2CC2)CN(c2ccccc2)CCN1C1=NCCN1C(=O)c1ccccc1,-0.0012841932760800923,-0.0,-0.0,-0.0012841932760800923,0.7487158067239199,0.8186721730162889,0.4166666666666667,200
COCC1(c2ccoc2)C(C2NC(Cc3ccccc3)NO2)CN1S(=O)(=O)c1ccccc1,-0.22645594652889955,-0.0,-0.0,-0.22645594652889955,0.5235440534711004,0.8357949273201976,0.27835051546391754,200
N#CC1(C2CC2)CN(c2ccccc2)CCN1C1=NCCN1C(=O)c1ccccc1,-0.0,-0.0,-0.0,0.0,0.7960552728417509,0.8186721730162889,0.3055555555555556,200
N#CS1(Cc2ccccn2)C=CC=C1C(=O)NC1CCCC1C(=O)N1CCc2ccccc2C1,-0.08730658101208699,-0.0,-0.0,-0.08730658101208699,0.662693418987913,0.804412774080065,0.33766233766233766,200
N#CC1(c2ccoc2)N(C(=O)COc2ccccc2)CC(C2NCON2)C12CCOCC2,-0.02323118136833391,-0.05506434726416898,-0.0,-0.07829552863250289,0.7267688186316661,0.7724678263679156,0.42696629213483145,200
C1=CC(Cc2ccccn2)(c2cc(C3CC3)ccn2)CC(C2=CCC(N3CCOCC3)NN2)C1,-0.1070061491946519,-0.0,-0.0,-0.1070061491946519,0.6429938508053481,0.9098182788361775,0.3333333333333333,200
O=C1NC(=O)C2NCC(=O)C2(N2CCOCC2(C=Cc2ccccc2)c2cccc(C3CC3)c2)N1,-0.13528975717888425,-0.011375270809956817,-0.0,-0.14666502798884107,0.6147102428211157,0.7943123645950216,0.41975308641975306,200
C=CC1(c2ccc(C=Cc3ncccn3)cc2)C=CCC(C2=CCC(N3CCOCC3)NN2)C1,-0.10958240933102759,-0.0,-0.0,-0.10958240933102759,0.6404175906689724,0.9309173193705619,0.31645569620253167,200
N#CC1(c2ccoc2)CCCC12C(C(=O)NCC1CCCN1)c1ccccc1C(=O)N2C1C=CC=CC1,-0.0968747844917428,-0.08344872998510411,-0.0,-0.1803235144768469,0.6531252155082572,0.758275635007448,0.4027777777777778,200
O=C(COc1ccccc1)N1CC(C2NCON2)C2(CCOCC2)C1(Cc1ccccn1)c1ccoc1,-0.24290685343709784,-0.0,-0.0,-0.24290685343709784,0.5070931465629022,0.8615632640012323,0.43373493975903615,200
O=C(CCS(=O)(=O)C1=CC=CC2NCCC2C1)N1CCCN2NC(c3ccccc3)CC2C1(c1ccoc1)c1ccoc1,-0.3374873364054735,-0.0,-0.0,-0.3374873364054735,0.4125126635945265,0.9055421635230348,0.30337078651685395,200
COCC1(c2nnc(Cc3ccccn3)o2)C=CCC(C2=CCC(N3CCOCC3)NN2)C1,-0.1390350031431088,-0.0,-0.0,-0.1390350031431088,0.6109649968568912,0.8955631048327314,0.38461538461538464,200
O=C(NC1CCCC1C(=O)N1CCc2ccccc2C1)C1=CC=CS1(c1ccoc1)C1CC1,-0.061563430497369676,-0.08494758847295136,-0.0,-0.14651101897032104,0.6884365695026303,0.7575262057635244,0.36363636363636365,200
COCC1(c2ccoc2)NCCC2C(=O)NC(c3ccccc3)NC21,-0.0,-0.012397996175704806,-0.0,-0.012397996175704806,0.7860991876741279,0.7938010019121476,0.40963855421686746,200
N#CC1(C=Cc2ccoc2)C=CCC(CN2CCNc3ccccc32)C1,-0.0,-0.09140325167408081,-0.0,-0.09140325167408081,0.8161047670305978,0.7542983741629596,0.36764705882352944,200
N#CS1(Cc2ccccn2)C=CC=C1C(=O)NC1CCCC1C(=O)N1CCc2ccccc2C1,-0.08730658101208699,-0.0,-0.0,-0.08730658101208699,0.662693418987913,0.804412774080065,0.33766233766233766,200
N#Cc1cc(C2(C=Cc3ccccc3)CCCN2C(=O)C2CNN(C3CC(c4ncno4)CCN3)C2)co1,-0.23811181826710415,-0.0,-0.0,-0.23811181826710415,0.5118881817328959,0.8527901441112039,0.313953488372093,200
COCc1cc(-c2ccc(C34CC=CCC3N(COC)CC4)cc2Cl)on1,-0.06411327006902834,-0.0,-0.0,-0.06411327006902834,0.6858867299309717,0.9089408490166431,0.4025974025974026,200
O=C(C1CNN(C2CC(c3ncno3)CCN2)C1)N1CCCC1(C=CC=Cc1nnco1)c1cncnc1,-0.3167604713644702,-0.1024167222698047,-0.0,-0.4191771936342749,0.4332395286355298,0.7487916388650977,0.3058823529411765,200
N#Cc1cc(C=Cc2cncnc2)ccc1C1NCCCC1CN1CNC2CCCNC21,-0.0770842638854351,-0.0,-0.0,-0.0770842638854351,0.6729157361145649,0.9362412382501027,0.33783783783783783,200
C#Cc1cc(C2(c3cc(C4CCOC4)co3)CCCCN3C(=O)N(CC4CC4)NC32)ccn1,-0.03913150253059661,-0.0,-0.0,-0.03913150253059661,0.7108684974694034,0.9081318181689351,0.4069767441860465,200
C#Cc1ccc(C2(COC)C=CCC(CN3CCC(CCC4NC(C5CCOCC5)NO4)CC3)N2)cc1-c1nnco1,-0.46145019558811773,-0.0,-0.0,-0.46145019558811773,0.28854980441188227,0.8896198568089013,0.3855421686746988,200
COCC1(c2ccoc2)CSCCN1C(=O)CCNC1C(c2ccccc2)NC2CNCCN21,-0.22987877341864837,-0.1713533798678326,-0.0,-0.401232153286481,0.5201212265813516,0.7143233100660837,0.4473684210526316,200
COCc1ccnc(C=CC2(c3ccncc3)CCCN2C(=O)C2CNN(C3CC(c4ncno4)CCN3)C2)c1,-0.3126075286591393,-0.0,-0.0,-0.3126075286591393,0.4373924713408607,0.8525379690633523,0.36904761904761907,200
N#Cc1cccc(C2(c3cc(C4CC4)ccn3)CC(N3CNNN3)CC=C2C(=O)NC2=CCC3NC(=O)C4CCCN4C(=O)C3C2)c1,-0.4290425395816599,-0.03638934105874192,-0.0,-0.4654318806404018,0.3209574604183401,0.7818053294706291,0.30851063829787234,200
COCCc1cc(C=CC2(C#N)CN(C3CCCCN3)CCN2C(=O)CC2COc3ccccc3NC2=O)ccn1,-0.24222605899118055,-0.11346219551757297,-0.0,-0.3556882545087535,0.5077739410088195,0.7432689022412136,0.4625,200
N#CC1(c2ccoc2)C(C2NC(Cc3ccccc3)NO2)CN1S(=O)(=O)c1ccccc1,-0.15650887635630717,-0.0,-0.0,-0.15650887635630717,0.5934911236436928,0.8357949273201976,0.23469387755102042,200
COCC1(c2ccoc2)CCCCC2C(C(=O)NCCC3CCCC3=O)NC(c3ccccc3)N21,-0.15266486150878877,-0.0,-0.0,-0.15266486150878877,0.5973351384912112,0.8657903685894339,0.4342105263157895,200
C1=CC(c2ccoc2)(c2ccoc2)NC(CN2CCC(CCC3NC(C4CCOCC4)NO3)CC2)C1,-0.27289297623300574,-0.0,-0.0,-0.27289297623300574,0.47710702376699426,0.8540446451468154,0.36470588235294116,200
O=C1NC(c2ccccc2)NC2C1CCNC2(Cc1ccccn1)C1CC1,-0.0,-0.09126023828746943,-0.0,-0.09126023828746943,0.7799123742249174,0.7543698808562653,0.2962962962962963,200
N#CC1(Cc2ccccn2)C=CCC(CN2CCNc3ccccc32)C1,-0.0,-0.04238716167715206,-0.0,-0.04238716167715206,0.8508924024600942,0.778806419161424,0.34328358208955223,200
N#Cc1coc(C2(c3ccnc(C4CC4)c3)C=CCC(C3NCCN4CCNC34)C2)c1,-0.0019055788403504748,-0.0,-0.0,-0.0019055788403504748,0.7480944211596495,0.8442746240406223,0.35294117647058826,200
O=C(Nc1ccccc1)N1CC(CC2NCNN2)C1(c1ccoc1)c1ccoc1,-0.21754231895745357,-0.0,-0.0,-0.21754231895745357,0.5324576810425464,0.8786727426734234,0.2619047619047619,200
N#CC1(c2ccoc2)CCCCC2C(C(=O)NCCC3CCCC3=O)NC(c3ccccc3)N21,-0.06934303046473478,-0.0,-0.0,-0.06934303046473478,0.6806569695352652,0.8657903685894339,0.3888888888888889,200
C=Cc1ccc(-c2cccc(C3(C=C)COCCN3C34NC(=O)NC(=O)C3NCC4=O)c2)cc1,-0.15887295083340458,-0.0,-0.0,-0.15887295083340458,0.5911270491665954,0.8428798906022025,0.41975308641975306,200
C#Cc1ncc(C=CC2(COC)C=CCC(CN3CCNc4ccccc43)C2)cn1,-0.1633198758251675,-0.07012050385797375,-0.0,-0.23344037968314124,0.5866801241748325,0.7649397480710132,0.39473684210526316,200
c1ccc(-c2cc(C3(Oc4nnco4)C4CNCC3CNC4)on2)cc1,-0.023007325586949512,-0.0,-0.0,-0.023007325586949512,0.7269926744130505,0.9095532733640653,0.3424657534246575,200
N#COC1(c2ccoc2)C=CCC(CN2CCNc3ccccc32)C1,-0.07130005227835912,-0.0,-0.0,-0.07130005227835912,0.6786999477216409,0.83067296711019,0.4647887323943662,200
COCc1ccc(-c2cc(COC)no2)c(C2C=CCC(CN3CCC(CCC4NC(C5CCOCC5)NO4)CC3)N2)c1,-0.44179660597768916,-0.0,-0.0,-0.44179660597768916,0.30820339402231084,0.9000450015681027,0.4125,200
N#Cc1cc(-c2ccc(C3CC3)cc2C2CCCCN3C(=O)N(CC4CC4)NC23)co1,-0.0008371347906009907,-0.0,-0.0,-0.0008371347906009907,0.749162865209399,0.9104586223421586,0.37333333333333335,200
COCS1(c2nnc(C#N)o2)C=CC=C1C(=O)NC1CCCC1C(=O)N1CCc2ccccc2C1,-0.09351337411548055,-0.14586620888832513,-0.0,-0.23937958300380568,0.6564866258845194,0.7270668955558375,0.38202247191011235,200
O=C(COc1ccccc1)N1CC(C2NCON2)C2(CCOCC2)C1(c1ccoc1)C1CC1,-0.05443961519961327,-0.016891586412906445,-0.0,-0.07133120161251971,0.6955603848003867,0.7915542067935468,0.42696629213483145,200
N#Cc1ccnc(-c2cc(C3(c4ccoc4)CNCCC3CN3CNNC3C3CCCN3C(=O)CC3CCNCC3)ccn2)c1,-0.44801398935005,-0.0,-0.0,-0.44801398935005,0.30198601064995,0.9277605106764284,0.3291139240506329,200
N#Cc1coc(C2(c3ccoc3)CC2CN2CCNC2CCC2CCCN2C(=O)CCN2CCCN2)c1,-0.24263077001371225,-0.0,-0.0,-0.24263077001371225,0.5073692299862878,0.8538267878303268,0.3246753246753247,200
COCc1ccc(C=CN2CCC3(c4ccon4)CC=CCC23)cc1,-0.0,-0.018136443117489298,-0.0,-0.018136443117489298,0.7688405609603718,0.7909317784412554,0.417910447761194,200
N#Cc1cc(C2CC2)ccc1C1(Cc2ccccn2)COCCN1C12NC(=O)NC(=O)C1NCC2=O,-0.18867870198041725,-0.01967328308207783,-0.0,-0.20835198506249508,0.5613212980195827,0.7901633584589611,0.4375,200
C=Cc1ccc(-c2cnc(CCF)nc2)c(C2CC(N3CNNN3)CC=C2C(=O)NC2=CCC3NC(=O)C4CCCN4C(=O)C3C2)c1,-0.45687905120869293,-0.0,-0.0,-0.45687905120869293,0.29312094879130707,0.8025491879484642,0.32978723404255317,200
O=C(NC1CCCC1C(=O)N1CCc2ccccc2C1)C1=CC=CS1(Cc1ccccn1)C1CC1,-0.11508639391085596,-0.011530298465551203,-0.0,-0.12661669237640716,0.634913606089144,0.7942348507672244,0.35064935064935066,200
C=Cc1cc(C2(C3OCCC3c3cccs3)CCCC3NNC(=O)CC32)on1,-0.0,-0.0,-0.0,0.0,0.8242606706987005,0.8553660453685523,0.3448275862068966,200
COCC1(C#N)CN(c2ccccc2)CCN1C1=NCCN1C(=O)c1ccccc1,-0.0,-0.0,-0.0,0.0,0.7828982565622808,0.8081419869085198,0.410958904109589,200
O=C(C1CCOC1)N1CCCC(CCCN2CCCO2)C1(c1ccoc1)c1cc(C2CC2)on1,-0.17384170264290089,-0.0,-0.0,-0.17384170264290089,0.5761582973570991,0.8449275839419934,0.3373493975903614,200
O=C1NN(NCCN2CCNC2(Oc2ccno2)c2ccnc(C3CC3)c2)C1CC1CC1,-0.24919878018263386,-0.0,-0.0,-0.24919878018263386,0.5008012198173661,0.830373488864908,0.3522727272727273,200
O=C(CC1(N2CC=CC2)CCOCC1)NC1NNC(C2CCCCC2)S1(Cc1ccccn1)c1ccoc1,-0.3181270062435036,-0.0,-0.0,-0.3181270062435036,0.4318729937564964,0.828411307500814,0.3258426966292135,200
C=CN1CCC2(c3ccc(-c4cnc(COC)nc4)cc3)CC=CCC12,-0.0,-0.0,-0.0,0.0,0.76356476995318,0.8848626486379303,0.410958904109589,200
N#Cc1coc(C2(c3nc(C4CC4)cs3)CC2CN2CCNC2CCC2CCCN2C(=O)CCN2CCCN2)c1,-0.32072389802258766,-0.0,-0.0,-0.32072389802258766,0.42927610197741234,0.8454567943600143,0.2926829268292683,200
C#Cc1ccc(-c2nnco2)cc1N1CCC2(CCOC)CC=CCC12,-0.14113665406235576,-0.0,-0.0,-0.14113665406235576,0.6088633459376442,0.9019951722661205,0.410958904109589,200
C#CC1(c2ccoc2)C(CC2NCNN2)CN1C(=O)Nc1ccccc1,-0.12008874028645966,-0.0,-0.0,-0.12008874028645966,0.6299112597135403,0.8089152135554826,0.24705882352941178,200
COCc1ccc(C2CC2)c(C2(c3ccon3)NCCCC2CN2CNC3CCCNC32)c1,-0.15227634293852732,-0.0,-0.0,-0.15227634293852732,0.5977236570614727,0.8546404529091896,0.3717948717948718,200
O=C1NC(c2ccccc2)NC2C1CCNC2(c1ccoc1)C1CC1,-0.0,-0.0,-0.0,0.0,0.8038707683149114,0.8030538927725184,0.29577464788732394,200
O=C(CCN1CCCN1)N1CCCC1CCC1NCCN1CC1CC1(c1ccoc1)c1ccoc1,-0.20959179682182993,-0.0,-0.0,-0.20959179682182993,0.5404082031781701,0.8325038637407888,0.3157894736842105,200
N#Cc1ccccc1Nc1coc(C2(Cc3ccccn3)C=CCC(C3=CCC(N4CCOCC4)NN3)C2)c1,-0.3682930346714177,-0.0,-0.0,-0.3682930346714177,0.3817069653285823,0.9494391096276591,0.3780487804878049,200
C=Cc1cc(C2(c3nnc(C#N)o3)NCCCC2CN2CNC3CCCNC32)no1,-0.1004285876617752,-0.021328114506470763,-0.0,-0.12175670216824597,0.6495714123382248,0.7893359427467647,0.3333333333333333,200
CC(F)c1cc(C2(c3cccc(C4CC4)c3)COCCN2C23NC(=O)NC(=O)C2NCC3=O)on1,-0.1699089041052415,-0.02596413919097973,-0.0,-0.19587304329622124,0.5800910958947585,0.7870179304045102,0.3953488372093023,200
COCC1(C2CC2)C(C2NC(Cc3ccccc3)NO2)CN1S(=O)(=O)c1ccccc1,-0.09925771351783819,-0.1348924250896748,-0.0,-0.234150138607513,0.6507422864821618,0.7325537874551626,0.2828282828282828,200
N#CC1(c2ccoc2)CN(C2CCCCN2)CCN1C(=O)CC1COc2ccccc2NC1=O,-0.03435408905586468,-0.167554549008879,-0.0,-0.20190863806474368,0.7156459109441353,0.7162227254955605,0.47368421052631576,200
O=C(CCC1CCCCC1)NC1CCN(C2CC(N3CCOCC3)CNN2)C1(c1ccoc1)c1ccoc1,-0.2661247955658396,-0.0,-0.0,-0.2661247955658396,0.4838752044341604,0.8108260920534996,0.38461538461538464,200
COCC1(c2ccc(Cc3ccccn3)c(C#N)c2)C(CCCN2CCCO2)CCCN1C(=O)C1CCOC1,-0.2943170393771522,-0.0,-0.0,-0.2943170393771522,0.4556829606228478,0.9059005537767981,0.3855421686746988,200
N#Cc1cc(C2(c3ccoc3)CC2CN2CCNC2CCC2CCCN2C(=O)CCN2CCCN2)ccn1,-0.25415040141596984,-0.0,-0.0,-0.25415040141596984,0.49584959858403016,0.9015771444169022,0.32051282051282054,200
C=Cc1ccnc(-c2cc(C3(COC)CCCCN4C(=O)N(CC5CC5)NC43)on2)c1,-0.015342604983917707,-0.0,-0.0,-0.015342604983917707,0.7346573950160823,0.8824965396623498,0.3953488372093023,200
C=Cc1cc(C23CC=CCC2N(c2cc(C=C)on2)CC3)ccn1,-0.0,-0.0,-0.0,0.0,0.7912601842696274,0.8242713934123425,0.3333333333333333,200
O=C(COc1ccccc1)N1CC(C2NCON2)C2(CCOCC2)C1(c1ccoc1)C1CC1,-0.05443961519961327,-0.016891586412906445,-0.0,-0.07133120161251971,0.6955603848003867,0.7915542067935468,0.42696629213483145,200
C=Cc1cc(C2(c3cc(C=C)on3)CCCC3NNC(=O)CC32)no1,-0.0,-0.0,-0.0,0.0,0.8877839800376384,0.8089773881480624,0.3125,200
N#CS1(c2ccoc2)C=CC=C1C(=O)NC1CCCC1C(=O)N1CCc2ccccc2C1,-0.03822315796671638,-0.08320929538266997,-0.0,-0.12143245334938635,0.7117768420332836,0.7583953523086651,0.358974358974359,200
N#CC1(c2ccoc2)C=CCC(CN2CCNc3ccccc32)C1,-0.0,-0.0,-0.0,0.0,0.8707265385634771,0.8243529089076679,0.38235294117647056,200
O=C(CC1CCNCC1)N1CCCC1C1NNCN1CC1CCNCC1(c1ccoc1)c1ccoc1,-0.28879779502203184,-0.00685228741929822,-0.0,-0.29565008244133006,0.46120220497796816,0.7965738562903509,0.35,200
N#CC1(c2ccoc2)CCCC12C(C(=O)NCC1CCCN1)c1ccccc1C(=O)N2C1C=CC=CC1,-0.0968747844917428,-0.08344872998510411,-0.0,-0.1803235144768469,0.6531252155082572,0.758275635007448,0.4027777777777778,200
COCS1(c2ccoc2)C=CC=C1C(=O)NC1CCCC1C(=O)N1CCc2ccccc2C1,-0.06199874322092902,-0.08320929538266997,-0.0,-0.145208038603599,0.688001256779071,0.7583953523086651,0.4125,200
N#CC1(Cc2ccccn2)CCCCC2C(C(=O)NCCC3CCCC3=O)NC(c3ccccc3)N21,-0.1290445832409879,-0.0,-0.0,-0.1290445832409879,0.6209554167590121,0.8416257733384216,0.38461538461538464,200
C=Cc1ccc(C2COCCN2C23NC(=O)NC(=O)C2NCC3=O)c(-c2nnc(C3CCOC3)o2)c1,-0.2188376357354881,-0.016259463056209844,-0.0,-0.23509709879169793,0.5311623642645119,0.7918702684718951,0.4146341463414634,200
C=Cc1ccc(-c2ccc(C=C)cc2C2CC(N3CNNN3)CC=C2C(=O)NC2=CCC3NC(=O)C4CCCN4C(=O)C3C2)cc1,-0.42777904188618493,-0.0,-0.0,-0.42777904188618493,0.32222095811381507,0.8064871621426418,0.32222222222222224,200
N#Cc1ncc(-c2cccc(OC3(C#N)CCCCN4C(=O)N(CC5CC5)NC43)c2)cn1,-0.0,-0.0,-0.0,0.0,0.7762210133729347,0.8903911573074466,0.41975308641975306,200
C=Cc1ccc(C2(c3nnc(C(C)F)o3)CNCCC2CN2CNNC2C2CCCN2C(=O)CC2CCNCC2)cc1,-0.39404477311634417,-0.0,-0.0,-0.39404477311634417,0.35595522688365583,0.8193315343172098,0.32941176470588235,200
N#Cc1ccc(-c2ccnc(C3(C4CC4)CNCCC3CN3CNNC3C3CCCN3C(=O)CC3CCNCC3)c2)cc1,-0.37349036959969895,-0.0,-0.0,-0.37349036959969895,0.37650963040030105,0.863943793430581,0.3,200
CC(F)c1cc(C2(c3coc(C4CC4)c3)C=CCC(CN3CCC(CCC4NC(C5CCOCC5)NO4)CC3)N2)no1,-0.4171592335792242,-0.0,-0.0,-0.4171592335792242,0.3328407664207758,0.8617970172843226,0.367816091954023,200
C1=CCC2(c3nnc(C4CC4)o3)CCN(c3ccoc3)C2C1,-0.0,-0.172127790540328,-0.0,-0.172127790540328,0.8126194098379901,0.713936104729836,0.3013698630136986,200
N#Cc1coc(C2(c3coc(C#N)c3)C=CCC(C3=CCC(N4CCOCC4)NN3)C2)c1,-0.03870883642110656,-0.0,-0.0,-0.03870883642110656,0.7112911635788934,0.8159014148758996,0.3670886075949367,200
C=Cc1nnc(N2CCC3(c4ccccc4C=C)CC=CCC23)o1,-0.0,-0.0,-0.0,0.0,0.7912601842696273,0.8231673969035027,0.2987012987012987,200
N#CC1(c2ccoc2)C2CC(c3ccccc3)NN2CCCN1C(=O)CCS(=O)(=O)C1=CC=CC2NCCC2C1,-0.19773594014482532,-0.009986982865388239,-0.0,-0.20772292301021356,0.5522640598551747,0.7950065085673059,0.3,200
N#CC1(C2CC2)CN(c2ccccc2)CCN1C1=NCCN1C(=O)c1ccccc1,-0.0,-0.0,-0.0,0.0,0.7960552728417509,0.8186721730162889,0.3055555555555556,200
N#CS1(c2ccoc2)C=CC=C1C(=O)NC1CCCC1C(=O)N1CCc2ccccc2C1,-0.03822315796671638,-0.08320929538266997,-0.0,-0.12143245334938635,0.7117768420332836,0.7583953523086651,0.358974358974359,200
N#CC1(c2ccoc2)C(C2NC(Cc3ccccc3)NO2)CN1S(=O)(=O)c1ccccc1,-0.15650887635630717,-0.0,-0.0,-0.15650887635630717,0.5934911236436928,0.8357949273201976,0.23469387755102042,200
N#CC1(C2CC2)CN(c2ccccc2)CCN1C1=NCCN1C(=O)c1ccccc1,-0.0,-0.0,-0.0,0.0,0.7960552728417509,0.8186721730162889,0.3055555555555556,200
N#Cc1ccnc(C2(c3ccnc(C#N)c3)CN(C3CNC(N4CCNCC4)NC3)CCC2C(=O)NCC2CCCO2)c1,-0.40577530755748126,-0.02232468075154115,-0.0,-0.4280999883090224,0.34422469244251874,0.7888376596242295,0.375,200
COCC1(c2ccoc2)CCCC12C(C(=O)NCC1CCCN1)c1ccccc1C(=O)N2C1C=CC=CC1,-0.1692584390651921,-0.08344872998510411,-0.0,-0.2527071690502962,0.5807415609348079,0.758275635007448,0.4342105263157895,200
O=C(CCN1CCCN1)N1CCCC1CCC1NCCN1CC1CC1(c1ccoc1)c1ccoc1,-0.20959179682182993,-0.0,-0.0,-0.20959179682182993,0.5404082031781701,0.8325038637407888,0.3157894736842105,200
COCc1ccc(C2(c3ccncc3)C3CNCC2CNC3)cc1O,-0.0,-0.0,-0.0,0.0,0.7905374404843315,0.8359469832399459,0.36363636363636365,200
N#CC1(C#N)C(C2NC(Cc3ccccc3)NO2)CN1S(=O)(=O)c1ccccc1,-0.0,-0.15704266132167377,-0.0,-0.15704266132167377,0.7593677505914875,0.7214786693391632,0.22448979591836735,200
COCc1ccc(C2(c3ccoc3)CC2CN2CCNC2CCC2CCCN2C(=O)CCN2CCCN2)s1,-0.3231975150762798,-0.0,-0.0,-0.3231975150762798,0.4268024849237202,0.8538267878303268,0.345679012345679,200
O=C(CCNC1C(c2ccccc2)NC2CNCCN21)N1CCSCC1(c1cc(-c2cc(CCF)no2)co1)C1CC1,-0.42415965638659886,-0.0,-0.0,-0.42415965638659886,0.32584034361340114,0.8541787855073456,0.36363636363636365,200
CC(F)c1cc(C2(c3nc(C#N)cs3)C=CCC(C3=CCC(N4CCOCC4)NN3)C2)co1,-0.10811794087873083,-0.0,-0.0,-0.10811794087873083,0.6418820591212692,0.8313822262987267,0.3218390804597701,200
O=C(CC1CCNCC1)N1CCCC1C1NNCN1CC1CCNCC1(c1ccoc1)c1ccoc1,-0.28879779502203184,-0.00685228741929822,-0.0,-0.29565008244133006,0.46120220497796816,0.7965738562903509,0.35,200
COCc1cc(-c2coc(S3(c4ccccc4)C(NC(=O)CC4(N5CC=CC5)CCOCC4)NNC3C3CCCCC3)c2)on1,-0.5023537354433805,-0.0,-0.0,-0.5023537354433805,0.2476462645566196,0.9135836034445519,0.34375,200
N#CC1(c2ccoc2)CN(c2ccccc2)CCN1C1=NCCN1C(=O)c1ccccc1,-0.10657562198780046,-0.0,-0.0,-0.10657562198780046,0.6434243780121995,0.8666008001704709,0.3380281690140845,200
COCC=CC1(c2ccccc2-c2ccco2)CCCN1C(=O)C1CNN(C2CC(c3ncno3)CCN2)C1,-0.3274001426691526,-0.0,-0.0,-0.3274001426691526,0.4225998573308474,0.8572177987447523,0.38823529411764707,200
N#CS1(Cc2ccccn2)C=CC=C1C(=O)NC1CCCC1C(=O)N1CCc2ccccc2C1,-0.08730658101208699,-0.0,-0.0,-0.08730658101208699,0.662693418987913,0.804412774080065,0.33766233766233766,200
C=CC1(c2ccc(-c3ccnc(C(C)F)c3)cc2)CN(C2CNC(N3CCNCC3)NC2)CCC1C(=O)NCC1CCCO1,-0.42548484997344244,-0.0,-0.0,-0.42548484997344244,0.32451515002655756,0.8680601604911413,0.36904761904761907,200
N#Cc1ccnc(-c2csc(C3(C#N)C=CCC(C4=CCC(N5CCOCC5)NN4)C3)n2)c1,-0.07806569279864006,-0.0,-0.0,-0.07806569279864006,0.6719343072013599,0.8939362156100013,0.29411764705882354,200
O=C(CC1CCNCC1)N1CCCC1C1NNCN1CC1CCNCC1(c1ccoc1)c1cc(-c2ccoc2)ccn1,-0.42663125083518466,-0.0,-0.0,-0.42663125083518466,0.32336874916481534,0.9327018045908183,0.345679012345679,200
N#Cc1ccc(S2(c3ccoc3)C(NC(=O)CC3(N4CC=CC4)CCOCC3)NNC2C2CCCCC2)c(C2CC2)c1,-0.39921370742892814,-0.0,-0.0,-0.39921370742892814,0.35078629257107186,0.8119577052546064,0.3333333333333333,200
O=S(=O)(c1ccccc1)N1CC(C2NC(Cc3ccccc3)NO2)C1(C1CC1)C1CC1,-0.05569310438560038,-0.12352771522823103,-0.0,-0.1792208196138314,0.6943068956143996,0.7382361423858845,0.24242424242424243,200
N#CC1(C2CC2)CN(c2ccccc2)CCN1C1=NCCN1C(=O)c1ccccc1,-0.0,-0.0,-0.0,0.0,0.7960552728417509,0.8186721730162889,0.3055555555555556,200
O=C(COc1ccccc1)N1CC(C2NCON2)C2(CCOCC2)C1(c1ccoc1)C1CC1,-0.05443961519961327,-0.016891586412906445,-0.0,-0.07133120161251971,0.6955603848003867,0.7915542067935468,0.42696629213483145,200
N#CC1(c2cc(-c3ccoc3)ccc2C2CCCO2)C=CCC(C2=CCC(N3CCOCC3)NN2)C1,-0.1505399161122002,-0.0,-0.0,-0.1505399161122002,0.5994600838877998,0.8948976035125471,0.379746835443038,200
O=C(CCN1CCCN1)N1CCCC1CCC1NCCN1CC1CC1(c1ccoc1)c1ccnc(C2CC2)c1,-0.2909376012579085,-0.0,-0.0,-0.2909376012579085,0.4590623987420915,0.8888983511323819,0.3246753246753247,200
CNCc1coc(-c2ccccc2C2(C#N)CNCCC2CN2CNNC2C2CCCN2C(=O)CC2CCNCC2)c1,-0.4432643318766775,-0.0,-0.0,-0.4432643318766775,0.3067356681233225,0.8307745011534317,0.35802469135802467,200
C#CS1(c2ccc(C#N)cc2-c2ccoc2)C(NC(=O)CC2(N3CC=CC3)CCOCC2)NNC1C1CCCCC1,-0.426851871006774,-0.0,-0.0,-0.426851871006774,0.323148128993226,0.8403489460985207,0.3333333333333333,200
COCc1csc(-c2cc(C3(COC)CCCC4NNC(=O)CC43)co2)n1,-0.0,-0.0,-0.0,0.0,0.7873799359744756,0.8648945059566009,0.38461538461538464,200
O=C(C1CNN(C2CC(c3ncno3)CCN2)C1)N1CCCC1(c1ccc(-c2cccs2)cc1C1CC1)C1CC1,-0.3204860455697305,-0.0,-0.0,-0.3204860455697305,0.4295139544302695,0.8565848660693175,0.29545454545454547,200
O=C(CCS(=O)(=O)C1=CC=CC2NCCC2C1)N1CCCN2NC(c3ccccc3)CC2C1(c1ccoc1)C1CC1,-0.23660348087067473,-0.0,-0.0,-0.23660348087067473,0.5133965191293253,0.8254734680988487,0.3,200
O=C1Nc2ccccc2OCC1CC(=O)N1CCN(C2CCCCN2)CC1(c1ccoc1)C1CC1,-0.06335730627185066,-0.1495628025662219,-0.0,-0.21292010883807255,0.6866426937281493,0.7252185987168891,0.48,200
COCC1(c2ccoc2)C=CCC(CN2CCNc3ccccc32)C1,-0.0,-0.0,-0.0,0.0,0.8343841261919331,0.8243529089076679,0.43283582089552236,200
COCc1ccc(C2(c3coc(C#N)c3)CN(C3CNC(N4CCNCC4)NC3)CCC2C(=O)NCC2CCCO2)cc1,-0.41509022321449585,-0.045497088984003176,-0.0,-0.460587312198499,0.33490977678550415,0.7772514555079985,0.4230769230769231,200
N#Cc1cc(C2(c3coc(-c4ccoc4)c3)C3CNCC2CNC3)no1,-0.003915318854961769,-0.0,-0.0,-0.003915318854961769,0.7460846811450382,0.914884661890211,0.29850746268656714,200
N#Cc1cc(C2(c3coc(-c4cccs4)c3)CNCCC2CN2CNNC2C2CCCN2C(=O)CC2CCNCC2)on1,-0.4458763753029238,-0.0,-0.0,-0.4458763753029238,0.3041236246970762,0.8957484490716328,0.32558139534883723,200
C=CCC(F)(c1ccccc1)c1cccc(C2COCCN2C23NC(=O)NC(=O)C2NCC3=O)c1,-0.20095661939560494,-0.0,-0.0,-0.20095661939560494,0.5490433806043951,0.8541570641982593,0.4166666666666667,200
N#CC1(C=CC2CC2)CN(c2ccccc2)CCN1C1=NCCN1C(=O)c1ccccc1,-0.046871281165498435,-0.0,-0.0,-0.046871281165498435,0.7031287188345016,0.8196733920371803,0.3013698630136986,200
CN(CC1(c2cc(-c3ccccn3)no2)CN(C2CNC(N3CCNCC3)NC2)CCC1C(=O)NCC1CCCO1)c1cncnc1,-0.5106842966260177,-0.0,-0.0,-0.5106842966260177,0.23931570337398234,0.8280185058141238,0.3956043956043956,200
C1=CC(c2ccoc2)(c2ccoc2)NC(CN2CCC(CCC3NC(C4CCOCC4)NO3)CC2)C1,-0.27289297623300574,-0.0,-0.0,-0.27289297623300574,0.47710702376699426,0.8540446451468154,0.36470588235294116,200
N#CC1(C=Cc2cnc(-c3ccco3)nc2)C=CCC(C2NCCN3CCNC23)C1,-0.0,-0.0,-0.0,0.0,0.7593028797031596,0.8708033083575903,0.33783783783783783,200
O=C(CCNC1C(c2ccccc2)NC2CNCCN21)N1CCSCC1(c1ccoc1)C1CC1,-0.18929315933981972,-0.1398280005553738,-0.0,-0.3291211598951935,0.5607068406601803,0.7300859997223131,0.36363636363636365,200
O=C(COc1ccccc1)N1CC(C2NCON2)C2(CCOCC2)C1(c1ccoc1)c1ccoc1,-0.19287428140396323,-0.0,-0.0,-0.19287428140396323,0.5571257185960368,0.865057141534132,0.4318181818181818,200
O=C(NCC1CCCO1)C1CCN(C2CNC(N3CCNCC3)NC2)CC1(c1ccoc1)c1cc(C=Cc2ccco2)ccn1,-0.46499991298916626,-0.0,-0.0,-0.46499991298916626,0.28500008701083374,0.8872839483138932,0.4,200
C=Cc1cc(C2(c3ncc(COC)cn3)CCCCN3C(=O)N(CC4CC4)NC32)on1,-0.020137882380871885,-0.0,-0.0,-0.020137882380871885,0.7298621176191281,0.8507523263639232,0.40476190476190477,200
N#CC1(C2CC2)C(C2NC(Cc3ccccc3)NO2)CN1S(=O)(=O)c1ccccc1,-0.013323937006430087,-0.1348924250896748,-0.0,-0.1482163620961049,0.7366760629935699,0.7325537874551626,0.23,200
N#CC(F)Cc1cc(C2(c3nnco3)CCCCN3C(=O)N(CC4CC4)NC32)co1,-0.0,-0.0,-0.0,0.0,0.7729302327355344,0.8295559591651118,0.3488372093023256,200
O=C(CCNC1C(c2ccccc2)NC2CNCCN21)N1CCSCC1(Cc1ccccn1)C1CC1,-0.24279400800672535,-0.06001959904834653,-0.0,-0.3028136070550719,0.5072059919932747,0.7699902004758268,0.3333333333333333,200
O=C(NCC1CCCN1)C1c2ccccc2C(=O)N(C2C=CC=CC2)C12CCCC2(c1ccoc1)C1CC1,-0.1680070495626489,-0.0,-0.0,-0.1680070495626489,0.5819929504373511,0.8779617039135711,0.4027777777777778,200
N#CC1(c2ccoc2)C2CC(c3ccccc3)NN2CCCN1C(=O)CCS(=O)(=O)C1=CC=CC2NCCC2C1,-0.19773594014482532,-0.009986982865388239,-0.0,-0.20772292301021356,0.5522640598551747,0.7950065085673059,0.3,200
CNCc1nnc(C2(c3ccc(C4CCOC4)cc3)CCCCN3C(=O)N(CC4CC4)NC32)o1,-0.10221366613867056,-0.0,-0.0,-0.10221366613867056,0.6477863338613294,0.8649043078840039,0.3950617283950617,200
C=Cc1ccc(C2(c3cc(C#N)on3)NCCCC2CN2CNC3CCCNC32)cc1,-0.06309991155017869,-0.0,-0.0,-0.06309991155017869,0.6869000884498213,0.8575946207201774,0.34146341463414637,200
N#CC1(C2CC2)CN(c2ccccc2)CCN1C1=NCCN1C(=O)c1ccccc1,-0.0,-0.0,-0.0,0.0,0.7960552728417509,0.8186721730162889,0.3055555555555556,200
O=C(CCC1CCCCC1)NC1CCN(C2CC(N3CCOCC3)CNN2)C1(c1ccoc1)c1ccoc1,-0.2661247955658396,-0.0,-0.0,-0.2661247955658396,0.4838752044341604,0.8108260920534996,0.38461538461538464,200
O=C(CCS(=O)(=O)C1=CC=CC2NCCC2C1)N1CCCN2NC(c3ccccc3)CC2C1(Cc1ccccn1)c1ccoc1,-0.36887860400215383,-0.0,-0.0,-0.36887860400215383,0.38112139599784617,0.9021506208003522,0.32222222222222224,200
COCc1nnc(C2(c3ccoc3)C(CCCN3CCCO3)CCCN2C(=O)C2CCOC2)o1,-0.20745150518141597,-0.0,-0.0,-0.20745150518141597,0.542548494818584,0.815105694775048,0.3448275862068966,200
N#CS1(c2ccoc2)C=CC=C1C(=O)NC1CCCC1C(=O)N1CCc2ccccc2C1,-0.03822315796671638,-0.08320929538266997,-0.0,-0.12143245334938635,0.7117768420332836,0.7583953523086651,0.358974358974359,200
N#CC1(c2ccoc2)N(C(=O)COc2ccccc2)CC(C2NCON2)C12CCOCC2,-0.02323118136833391,-0.05506434726416898,-0.0,-0.07829552863250289,0.7267688186316661,0.7724678263679156,0.42696629213483145,200
O=C(CC1(N2CC=CC2)CCOCC1)NC1NNC(C2CCCCC2)S1(c1cccc(C2CCCO2)c1)C(F)Cc1nnco1,-0.4367020746783497,-0.010222729932915398,-0.0,-0.4469248046112651,0.3132979253216503,0.7948886350335423,0.32978723404255317,200
O=C(CCC1CCCCC1)NC1CCN(C2CC(N3CCOCC3)CNN2)C1(c1ccoc1)c1ccoc1,-0.2661247955658396,-0.0,-0.0,-0.2661247955658396,0.4838752044341604,0.8108260920534996,0.38461538461538464,200
N#CC1(c2ccoc2)C2CC(c3ccccc3)NN2CCCN1C(=O)CCS(=O)(=O)C1=CC=CC2NCCC2C1,-0.19773594014482532,-0.009986982865388239,-0.0,-0.20772292301021356,0.5522640598551747,0.7950065085673059,0.3,200
COCC1(c2ccoc2)C=CCC(CN2CCNc3ccccc32)C1,-0.0,-0.0,-0.0,0.0,0.8343841261919331,0.8243529089076679,0.43283582089552236,200
C=Cc1cc(-c2cccc(C3(C(C)F)COCCN3C34NC(=O)NC(=O)C3NCC4=O)c2)no1,-0.15890496440140933,-0.0,-0.0,-0.15890496440140933,0.5910950355985907,0.8190253970919399,0.38202247191011235,200
N#CC1(C#N)CN(c2ccccc2)CCN1C1=NCCN1C(=O)c1ccccc1,-0.0,-0.0,-0.0,0.0,0.7914339646923493,0.8081419869085198,0.30985915492957744,200
COCC1(c2ccoc2)CCCCC2C(C(=O)NCCC3CCCC3=O)NC(c3ccccc3)N21,-0.15266486150878877,-0.0,-0.0,-0.15266486150878877,0.5973351384912112,0.8657903685894339,0.4342105263157895,200
N#Cc1cc(C23CC=CCC2N(c2ccnc(O)c2)CC3)ccn1,-0.0,-0.0,-0.0,0.0,0.861941577214287,0.8510307324548744,0.36619718309859156,200
COCc1coc(C2(c3ccoc3)CSCCN2C(=O)CCNC2C(c3ccccc3)NC3CNCCN32)c1,-0.37887843157899276,-0.0,-0.0,-0.37887843157899276,0.37112156842100724,0.8347133109006497,0.4375,200
N#CC1(c2ccoc2)N(C(=O)COc2ccccc2)CC(C2NCON2)C12CCOCC2,-0.02323118136833391,-0.05506434726416898,-0.0,-0.07829552863250289,0.7267688186316661,0.7724678263679156,0.42696629213483145,200
O=C(CCNC1C(c2ccccc2)NC2CNCCN21)N1CCSCC1(c1ccoc1)C1CC1,-0.18929315933981972,-0.1398280005553738,-0.0,-0.3291211598951935,0.5607068406601803,0.7300859997223131,0.36363636363636365,200
C=CC1(c2ccc(-c3ccnc(-c4ncccn4)c3)s2)CC1CN1CCNC1CCC1CCCN1C(=O)CCN1CCCN1,-0.45724174227720704,-0.0,-0.0,-0.45724174227720704,0.29275825772279296,0.9655275019896971,0.2926829268292683,200
O=C(CCS(=O)(=O)C1=CC=CC2NCCC2C1)N1CCCN2NC(c3ccccc3)CC2C1(c1ccoc1)c1ccoc1,-0.3374873364054735,-0.0,-0.0,-0.3374873364054735,0.4125126635945265,0.9055421635230348,0.30337078651685395,200
O=C(NC1=CCC2NC(=O)C3CCCN3C(=O)C2C1)C1=CCC(N2CNNN2)CC1(c1ccc(-c2ccoc2)cc1)C(F)Cc1ccco1,-0.5054752587639771,-0.0,-0.0,-0.5054752587639771,0.24452474123602286,0.8578699002080284,0.34831460674157305,200
COCC1(c2cccc(C(C)(F)c3cncnc3)c2)CCCN1C(=O)C1CNN(C2CC(c3ncno3)CCN2)C1,-0.3279026332793768,-0.0,-0.0,-0.3279026332793768,0.4220973667206232,0.8910887595759921,0.367816091954023,200
N#CC1(c2ccoc2)CCCC12C(C(=O)NCC1CCCN1)c1ccccc1C(=O)N2C1C=CC=CC1,-0.0968747844917428,-0.08344872998510411,-0.0,-0.1803235144768469,0.6531252155082572,0.758275635007448,0.4027777777777778,200
N#CC1(c2ccoc2)CCCCC2C(C(=O)NCCC3CCCC3=O)NC(c3ccccc3)N21,-0.06934303046473478,-0.0,-0.0,-0.06934303046473478,0.6806569695352652,0.8657903685894339,0.3888888888888889,200
N#CC1(c2ccoc2)C2CC(c3ccccc3)NN2CCCN1C(=O)CCS(=O)(=O)C1=CC=CC2NCCC2C1,-0.19773594014482532,-0.009986982865388239,-0.0,-0.20772292301021356,0.5522640598551747,0.7950065085673059,0.3,200
COCc1cc(-c2nnc(C3(c4ccoc4)C=CCC(C4NCCN5CCNC45)C3)o2)co1,-0.20251111555206824,-0.0,-0.0,-0.20251111555206824,0.5474888844479318,0.9359142154448409,0.4050632911392405,200
COCC1(c2ccoc2)CCCCC2C(C(=O)NCCC3CCCC3=O)NC(c3ccccc3)N21,-0.15266486150878877,-0.0,-0.0,-0.15266486150878877,0.5973351384912112,0.8657903685894339,0.4342105263157895,200
O=C(CCN1CCCN1)N1CCCC1CCC1NCCN1CC1CC1(c1ccoc1)c1ccoc1,-0.20959179682182993,-0.0,-0.0,-0.20959179682182993,0.5404082031781701,0.8325038637407888,0.3157894736842105,200
CC(F)(c1ccccc1)C1(c2ccc(-c3ccon3)cc2Cl)CNCCC1CN1CNNC1C1CCCN1C(=O)CC1CCNCC1,-0.49057908749834356,-0.0,-0.0,-0.49057908749834356,0.25942091250165644,0.932631732317667,0.32558139534883723,200
N#Cc1ccc(-c2cc(C3C=CCC(C4NCCN5CCNC45)C3)no2)cc1C#N,-0.0,-0.0,-0.0,0.0,0.7627648537605327,0.8968230456523901,0.3380281690140845,200
O=C(CCC1CCCCC1)NC1CCN(C2CC(N3CCOCC3)CNN2)C1(Cc1ccccn1)c1ccoc1,-0.3115729975051756,-0.0,-0.0,-0.3115729975051756,0.4384270024948244,0.8208177749786816,0.38271604938271603,200
C=Cc1cc(N2CCC3(c4ccnc(N(C)C)c4)CC=CCC23)no1,-0.0,-0.0,-0.0,0.0,0.7976977448805687,0.818458431425098,0.352112676056338,200
COCC1(C2CC2)CN(c2ccccc2)CCN1C1=NCCN1C(=O)c1ccccc1,-0.0012841932760800923,-0.0,-0.0,-0.0012841932760800923,0.7487158067239199,0.8186721730162889,0.4166666666666667,200
O=C(CCNC1C(c2ccccc2)NC2CNCCN21)N1CCSCC1(c1ccoc1)C1CC1,-0.18929315933981972,-0.1398280005553738,-0.0,-0.3291211598951935,0.5607068406601803,0.7300859997223131,0.36363636363636365,200
O=C(NC1=CCC2NC(=O)C3CCCN3C(=O)C2C1)C1=CCC(N2CNNN2)CC1(c1ccc(-c2ccccc2)cc1)c1cnc(C2CC2)nc1,-0.4963026895650245,-0.0,-0.0,-0.4963026895650245,0.2536973104349755,0.8795107094374277,0.30851063829787234,200
N#CC1(c2ccoc2)C(C2NC(Cc3ccccc3)NO2)CN1S(=O)(=O)c1ccccc1,-0.15650887635630717,-0.0,-0.0,-0.15650887635630717,0.5934911236436928,0.8357949273201976,0.23469387755102042,200
N#CC1(c2ccoc2)CN(C2CCCCN2)CCN1C(=O)CC1COc2ccccc2NC1=O,-0.03435408905586468,-0.167554549008879,-0.0,-0.20190863806474368,0.7156459109441353,0.7162227254955605,0.47368421052631576,200
COCc1coc(-c2cc(C3(c4ccoc4)NCCN3CCNN3NC(=O)C3CC3CC3)co2)c1,-0.369560503774921,-0.0,-0.0,-0.369560503774921,0.380439496225079,0.9415885115620429,0.3563218390804598,200
N#Cc1ccnc(C2(c3cc(C4CC4)ccn3)C=CCC(C3NCCN4CCNC34)C2)c1,-0.01762413401196139,-0.0,-0.0,-0.01762413401196139,0.7323758659880386,0.8809273852905974,0.2972972972972973,200
COCc1nnc(C2(COC)C=CCC(CN3CCNc4ccccc43)C2)o1,-0.01417514538432485,-0.0,-0.0,-0.01417514538432485,0.7358248546156752,0.800448057061461,0.4050632911392405,200
N#Cc1nnc(C(F)CS2(C#N)C=CC=C2C(=O)NC2CCCC2C(=O)N2CCc3ccccc3C2)o1,-0.1743085453833083,-0.1043710980603818,-0.0,-0.2786796434436901,0.5756914546166917,0.7478144509698091,0.3448275862068966,200
N#CC1(C(F)(Cc2nnco2)c2ccncc2)C=CCC(CN2CCNc3ccccc32)C1,-0.18243176070002554,-0.0,-0.0,-0.18243176070002554,0.5675682392999745,0.9231057617140751,0.325,200
COCCC1(C2CC2)CN(c2ccccc2)CCN1C1=NCCN1C(=O)c1ccccc1,-0.0489491837989765,-0.0,-0.0,-0.0489491837989765,0.7010508162010235,0.8154507896927539,0.4166666666666667,200
COCC1(c2cc(-c3nnc(C4CC4)o3)co2)C=CCC(C2=CCC(N3CCOCC3)NN2)C1,-0.15462242837758133,-0.0,-0.0,-0.15462242837758133,0.5953775716224187,0.8654840980942164,0.38823529411764707,200
COCc1cc(CCF)ccc1C1(c2ccon2)CNCCC1CN1CNNC1C1CCCN1C(=O)CC1CCNCC1,-0.43941958137034676,-0.0,-0.0,-0.43941958137034676,0.31058041862965324,0.8150712603394866,0.37209302325581395,200
c1cc(C2(c3nnc(C4CCOC4c4ccon4)o3)NCCCC2CN2CNC3CCCNC32)co1,-0.28488571901603166,-0.0,-0.0,-0.28488571901603166,0.46511428098396834,0.8827247724237741,0.4,200
O=C(NC1CCCC1C(=O)N1CCc2ccccc2C1)C1=CC=CS1(c1ccoc1)C1CC1,-0.061563430497369676,-0.08494758847295136,-0.0,-0.14651101897032104,0.6884365695026303,0.7575262057635244,0.36363636363636365,200
N#Cc1cc(-c2cccc(C3(O)C4CNCC3CNC4)c2)co1,-0.0,-0.0,-0.0,0.0,0.7820252417265038,0.8604572206191295,0.3561643835616438,200
COCc1cc(-c2ccc(C3CC(N4CNNN4)CC=C3C(=O)NC3=CCC4NC(=O)C5CCCN5C(=O)C4C3)cc2Cl)ccc1CCF,-0.47936044886721496,-0.0,-0.0,-0.47936044886721496,0.27063955113278504,0.8419943337241077,0.358695652173913,200
COCc1ncc(N2CCC3(c4cc(-c5nnco5)on4)CC=CCC23)cn1,-0.13242753153800169,-0.0,-0.0,-0.13242753153800169,0.6175724684619983,0.864378869485736,0.4155844155844156,200
C=CCc1cc(C2(c3ccccc3)C3CNCC2CNC3)no1,-0.0,-0.008479274367800604,-0.0,-0.008479274367800604,0.8496501139829652,0.7957603628160997,0.2835820895522388,200
O=C1Nc2ccccc2OCC1CC(=O)N1CCN(C2CCCCN2)CC1(c1ccoc1)C1CC1,-0.06335730627185066,-0.1495628025662219,-0.0,-0.21292010883807255,0.6866426937281493,0.7252185987168891,0.48,200
COCc1ccc([SH]2C(NC(=O)CC3(N4CC=CC4)CCOCC3)NNC2C2CCCCC2)cc1-c1cnc(C#N)nc1,-0.5000397436424506,-0.0,-0.0,-0.5000397436424506,0.24996025635754932,0.8195942058519063,0.34782608695652173,200
N#CC1(c2cc(C3CC3)ccn2)CCCC12C(C(=O)NCC1CCCN1)c1ccccc1C(=O)N2C1C=CC=CC1,-0.20057879981168503,-0.12035033002874163,-0.0,-0.32092912984042665,0.549421200188315,0.7398248349856292,0.3835616438356164,200
O=C(CCN1CCCN1)N1CCCC1CCC1NCCN1CC1CC1(c1ccoc1)c1ccoc1,-0.20959179682182993,-0.0,-0.0,-0.20959179682182993,0.5404082031781701,0.8325038637407888,0.3157894736842105,200
O=C1CC2C(CCCC2c2ccc(C3CC3)cc2C=Cc2ccoc2)NN1,-0.0,-0.0,-0.0,0.0,0.8353796383947135,0.9126721110531492,0.3235294117647059,200
N#Cc1coc(C2(C#N)C3CC(c4ccccc4)NN3CCCN2C(=O)CCS(=O)(=O)C2=CC=CC3NCCC3C2)c1,-0.22783747862116588,-0.03796611519394055,-0.0,-0.26580359381510643,0.5221625213788341,0.7810169424030298,0.32222222222222224,200
COCc1ccccc1-c1ccccc1C1(C(C)F)CC(N2CNNN2)CC=C1C(=O)NC1=CCC2NC(=O)C3CCCN3C(=O)C2C1,-0.45633728748709074,-0.0,-0.0,-0.45633728748709074,0.29366271251290926,0.8100694269867762,0.35106382978723405,200
N#Cc1ccc(C=CC2(c3cccs3)NCCN2CCNN2NC(=O)C2CC2CC2)cc1,-0.20346347678911647,-0.0,-0.0,-0.20346347678911647,0.5465365232108835,0.8870033415359734,0.27586206896551724,200
COCc1coc(C2(c3ccc(C4CCCO4)cc3)NCCCC2CN2CNC3CCCNC32)c1,-0.18934311887116406,-0.0,-0.0,-0.18934311887116406,0.5606568811288359,0.8555462598686067,0.46236559139784944,200
C=Cc1cccc(N(C)Cc2ccc(C3COCCN3C34NC(=O)NC(=O)C3NCC4=O)cc2)c1,-0.1693097539363274,-0.0,-0.0,-0.1693097539363274,0.5806902460636726,0.8643589958589305,0.43209876543209874,200
C=Cc1ccc(C2(c3ccoc3)C3CNCC2CNC3)c(COC)c1,-0.0,-0.0,-0.0,0.0,0.8800127954954923,0.8058948955861196,0.3230769230769231,200
N#CC1(Cc2ccccn2)C2CC(c3ccccc3)NN2CCCN1C(=O)CCS(=O)(=O)C1=CC=CC2NCCC2C1,-0.24153365083077594,-0.0,-0.0,-0.24153365083077594,0.5084663491692241,0.8005024751860474,0.3010752688172043,200
C=Cc1cc(-c2coc(C3(C#N)CCCCN4C(=O)N(CC5CC5)NC43)c2)on1,-0.0,-0.0,-0.0,0.0,0.8347213693072377,0.8782097738602195,0.3333333333333333,200
N#Cc1ncc(C23CC=CCC2N(C=Cc2ccno2)CC3)cn1,-0.0,-0.08952464419778994,-0.0,-0.08952464419778994,0.8093283833462234,0.7552376779011051,0.32894736842105265,200
COCC1(Cc2ccccn2)C=CCC(CN2CCNc3ccccc32)C1,-0.0,-0.04238716167715206,-0.0,-0.04238716167715206,0.7823772633929256,0.778806419161424,0.4166666666666667,200
N#Cc1cccc(-c2ccc(C3CC3)c(C3COCCN3C34NC(=O)NC(=O)C3NCC4=O)c2)c1,-0.13177778126528483,-0.0,-0.0,-0.13177778126528483,0.6182222187347152,0.8300937943719738,0.4358974358974359,200
C=Cc1cc(C2(c3nnc(C=C)o3)C3CNCC2CNC3)ccn1,-0.0,-0.0025662667003814033,-0.0,-0.0025662667003814033,0.8874371053304768,0.7987168666498093,0.24324324324324326,200
COCC1(c2ccccc2C(C)(F)c2nnco2)CCCN1C(=O)C1CNN(C2CC(c3ncno3)CCN2)C1,-0.3262461512397077,-0.0,-0.0,-0.3262461512397077,0.4237538487602923,0.8635058489835912,0.37209302325581395,200
COCC1(c2nnc(C#N)o2)C=CCC(CN2CCNc3ccccc32)C1,-0.0,-0.0,-0.0,0.0,0.8152284251817181,0.800448057061461,0.38461538461538464,200
COCc1cc(-c2cc(C3(C#N)C(CC4NCNN4)CN3C(=O)Nc3ccccc3)ccn2)ccn1,-0.346998860474141,-0.0,-0.0,-0.346998860474141,0.403001139525859,0.8658230522867798,0.3068181818181818,200
COCc1ccc(-c2cc(C3COCCN3C34NC(=O)NC(=O)C3NCC4=O)ccc2C2CCOC2)cc1,-0.22588725651082364,-0.0,-0.0,-0.22588725651082364,0.5241127434891764,0.8442042827918471,0.45569620253164556,200
N#Cc1cc(C2(c3ncc(C4CC4)cn3)C=CCC(C3NCCN4CCNC34)C2)on1,-0.025510232913602326,-0.0,-0.0,-0.025510232913602326,0.7244897670863977,0.8358976020731637,0.3287671232876712,200
N#Cc1ccc(-c2cccc(C3CC3)c2)cc1C1COCCN1C12NC(=O)NC(=O)C1NCC2=O,-0.13177778126528472,-0.0,-0.0,-0.13177778126528472,0.6182222187347153,0.8268931031722092,0.4358974358974359,200
C=Cc1coc(C2(c3nnc(C#N)o3)CC2CN2CCNC2CCC2CCCN2C(=O)CCN2CCCN2)c1,-0.307596572481207,-0.0,-0.0,-0.307596572481207,0.442403427518793,0.8443031608897278,0.3170731707317073,200
O=C1CCCC1CCNC(=O)C1NC(c2ccccc2)N2C1CCCCC2(c1ccoc1)C1CC1,-0.14149497735057093,-0.0,-0.0,-0.14149497735057093,0.6085050226494291,0.8898606497571031,0.3888888888888889,200
COCc1ccc(C2(C#N)NCCN2CCNN2NC(=O)C2CC2CC2)c(-c2ccoc2)c1,-0.24766802464698923,-0.0,-0.0,-0.24766802464698923,0.5023319753530108,0.8579711577679653,0.3764705882352941,200
N#Cc1ccc(-c2ccccc2)cc1C1(c2ccoc2)CNCCC1CN1CNNC1C1CCCN1C(=O)CC1CCNCC1,-0.44342516129994414,-0.0,-0.0,-0.44342516129994414,0.30657483870005586,0.9338426620235677,0.345679012345679,200
N#CC1(c2ccoc2)CN(C2CCCCN2)CCN1C(=O)CC1COc2ccccc2NC1=O,-0.03435408905586468,-0.167554549008879,-0.0,-0.20190863806474368,0.7156459109441353,0.7162227254955605,0.47368421052631576,200
N#CC1(c2ccoc2)CCCCC2C(C(=O)NCCC3CCCC3=O)NC(c3ccccc3)N21,-0.06934303046473478,-0.0,-0.0,-0.06934303046473478,0.6806569695352652,0.8657903685894339,0.3888888888888889,200
O=C(CCS(=O)(=O)C1=CC=CC2NCCC2C1)N1CCCN2NC(c3ccccc3)CC2C1(c1ccoc1)C1CC1,-0.23660348087067473,-0.0,-0.0,-0.23660348087067473,0.5133965191293253,0.8254734680988487,0.3,200
O=C(CCC1CCCCC1)NC1CCN(C2CC(N3CCOCC3)CNN2)C1(c1ccoc1)c1ccoc1,-0.2661247955658396,-0.0,-0.0,-0.2661247955658396,0.4838752044341604,0.8108260920534996,0.38461538461538464,200
COCC1(C#N)CN(c2ccccc2)CCN1C1=NCCN1C(=O)c1ccccc1,-0.0,-0.0,-0.0,0.0,0.7828982565622808,0.8081419869085198,0.410958904109589,200
O=C(CCC1CCCCC1)NC1CCN(C2CC(N3CCOCC3)CNN2)C1(c1ccoc1)c1ccoc1,-0.2661247955658396,-0.0,-0.0,-0.2661247955658396,0.4838752044341604,0.8108260920534996,0.38461538461538464,200
O=C(CCN1CCCN1)N1CCCC1CCC1NCCN1CC1CC1(c1ccoc1)c1ccoc1,-0.20959179682182993,-0.0,-0.0,-0.20959179682182993,0.5404082031781701,0.8325038637407888,0.3157894736842105,200
N#Cc1cc(C2(C3CC3)CCCCC3C(C(=O)NCCC4CCCC4=O)NC(c4ccccc4)N32)on1,-0.1589713575198083,-0.0,-0.0,-0.1589713575198083,0.5910286424801917,0.8817767201495625,0.358974358974359,200
O=C1NC(=O)C2NCC(=O)C2(N2CCOCC2c2ccccc2-c2cccc(C3OCCC3c3ccccc3)c2)N1,-0.3034236917545258,-0.0,-0.0,-0.3034236917545258,0.4465763082454742,0.9247740141183526,0.4473684210526316,200
O=C(COc1ccccc1)N1CC(C2NCON2)C2(CCOCC2)C1(Cc1ccccn1)C1CC1,-0.11737327759408733,-0.12166785295732407,-0.0,-0.2390411305514114,0.6326267224059127,0.739166073521338,0.42857142857142855,200
O=C(C1CNN(C2CC(c3ncno3)CCN2)C1)N1CCCC1(CC(F)C1CC1)c1ccc(-c2ccoc2)cc1,-0.3180504466123175,-0.0,-0.0,-0.3180504466123175,0.4319495533876825,0.8574275459622223,0.3068181818181818,200
N#CC1(c2ccoc2)C2CC(c3ccccc3)NN2CCCN1C(=O)CCS(=O)(=O)C1=CC=CC2NCCC2C1,-0.19773594014482532,-0.009986982865388239,-0.0,-0.20772292301021356,0.5522640598551747,0.7950065085673059,0.3,200
C=Cc1cc(-c2cc(COC)no2)ccc1C1C=CCC(C2NCCN3CCNC23)C1,-0.05111250476832452,-0.0,-0.0,-0.05111250476832452,0.6988874952316755,0.9006569619336188,0.4,200
C=CC1(c2ccc(-c3csc(N(C)C)n3)cc2)CCCN1C(=O)C1CNN(C2CC(c3ncno3)CCN2)C1,-0.3189147177137478,-0.0,-0.0,-0.3189147177137478,0.4310852822862522,0.8615099345698236,0.3111111111111111,200
N#CC1(c2cccc(-c3ncc(-c4ccco4)cn3)c2)C2CNCC1CNC2,-0.014051109691216812,-0.0,-0.0,-0.014051109691216812,0.7359488903087832,0.9426409789773638,0.265625,200
O=C(NC1CCCC1C(=O)N1CCc2ccccc2C1)C1=CC=CS1(c1ccoc1)C1CC1,-0.061563430497369676,-0.08494758847295136,-0.0,-0.14651101897032104,0.6884365695026303,0.7575262057635244,0.36363636363636365,200
N#CC1(C2CC2)CN(c2ccccc2)CCN1C1=NCCN1C(=O)c1ccccc1,-0.0,-0.0,-0.0,0.0,0.7960552728417509,0.8186721730162889,0.3055555555555556,200
COCCC1(Cc2ccccn2)CCCCC2C(C(=O)NCCC3CCCC3=O)NC(c3ccccc3)N21,-0.2591610096075645,-0.0,-0.0,-0.2591610096075645,0.4908389903924355,0.838948089943962,0.44871794871794873,200
O=C(C1CNN(C2CC(c3ncno3)CCN2)C1)N1CCCC1(c1ccoc1)c1cc(C=CC2CCCO2)co1,-0.2949938396549489,-0.0,-0.0,-0.2949938396549489,0.4550061603450511,0.8325606494419183,0.35294117647058826,200
C=CC1(c2ccc(-c3nnc(C#N)o3)cc2Cl)CCCC2NNC(=O)CC21,-0.0,-0.0,-0.0,0.0,0.7895873984935674,0.8901873454061414,0.27848101265822783,200
C#Cc1cc(C23CC=CCC2N(c2ncc(C=C)cn2)CC3)ccn1,-0.11012362249993224,-0.0,-0.0,-0.11012362249993224,0.6398763775000678,0.8450655113189409,0.2857142857142857,200
COCC1(C=Cc2ccoc2)NCCC2C(=O)NC(c3ccccc3)NC21,-0.0,-0.0979840059273025,-0.0,-0.0979840059273025,0.7544017776080422,0.7510079970363488,0.40476190476190477,200
FC(Cc1ccccn1)Cc1ccc(C2C=CCC(C3=CCC(N4CCOCC4)NN3)C2)cc1C1CC1,-0.26212701313354475,-0.0,-0.0,-0.26212701313354475,0.48787298686645525,0.9116186199741187,0.35443037974683544,200
N#CC1(c2ccoc2)N(C(=O)COc2ccccc2)CC(C2NCON2)C12CCOCC2,-0.02323118136833391,-0.05506434726416898,-0.0,-0.07829552863250289,0.7267688186316661,0.7724678263679156,0.42696629213483145,200
N#CC1(c2ccoc2)NCCC2C(=O)NC(c3ccccc3)NC21,-0.0,-0.012397996175704806,-0.0,-0.012397996175704806,0.7773363950571414,0.7938010019121476,0.28169014084507044,200
O=C1NC(c2ccccc2)NC2C1CCNC2(c1ccoc1)C1CC1,-0.0,-0.0,-0.0,0.0,0.8038707683149114,0.8030538927725184,0.29577464788732394,200
N#Cc1coc(C23CC=CCC2N(c2ccccc2C#N)CC3)c1,-0.0,-0.0,-0.0,0.0,0.7886831635313818,0.8379197373071535,0.3492063492063492,200
O=C(COc1ccccc1)N1CC(C2NCON2)C2(CCOCC2)C1(c1ccoc1)C1CC1,-0.05443961519961327,-0.016891586412906445,-0.0,-0.07133120161251971,0.6955603848003867,0.7915542067935468,0.42696629213483145,200
O=C(Nc1ccccc1)N1CC(CC2NCNN2)C1(c1ccoc1)c1ccoc1,-0.21754231895745357,-0.0,-0.0,-0.21754231895745357,0.5324576810425464,0.8786727426734234,0.2619047619047619,200
O=C(NC1=CCC2NC(=O)C3CCCN3C(=O)C2C1)C1=CCC(N2CNNN2)CC1c1ccc(-c2cc(CC(F)C3CC3)on2)cc1,-0.45703121307823896,-0.0,-0.0,-0.45703121307823896,0.29296878692176104,0.8212304778389413,0.34065934065934067,200
N#CS1(c2ccoc2)C=CC=C1C(=O)NC1CCCC1C(=O)N1CCc2ccccc2C1,-0.03822315796671638,-0.08320929538266997,-0.0,-0.12143245334938635,0.7117768420332836,0.7583953523086651,0.358974358974359,200
O=C(C1CCOC1)N1CCCC(CCCN2CCCO2)C1c1cc(C=CC=CCc2ccccn2)co1,-0.337415540987921,-0.012715221472738847,-0.0,-0.35013076246065983,0.412584459012079,0.7936423892636306,0.3625,200
COCc1ccc(C#N)cc1C1(c2ccoc2)C=CCC(CN2CCC(CCC3NC(C4CCOCC4)NO3)CC2)N1,-0.389456006665089,-0.0,-0.0,-0.389456006665089,0.360543993334911,0.9013739891558724,0.4050632911392405,200
O=C(CCC1CCCCC1)NC1CCN(C2CC(N3CCOCC3)CNN2)C1(c1ccoc1)c1ccoc1,-0.2661247955658396,-0.0,-0.0,-0.2661247955658396,0.4838752044341604,0.8108260920534996,0.38461538461538464,200
O=C(C1CNN(C2CC(c3ncno3)CCN2)C1)N1CCCC1(c1ccc(C(F)Cc2ncccn2)c(Cl)c1)C1CC1,-0.3494359750281274,-0.0,-0.0,-0.3494359750281274,0.4005640249718726,0.893598404075646,0.3,200
N#CC1(c2ccoc2)C(C2NC(Cc3ccccc3)NO2)CN1S(=O)(=O)c1ccccc1,-0.15650887635630717,-0.0,-0.0,-0.15650887635630717,0.5934911236436928,0.8357949273201976,0.23469387755102042,200
N#CC(=O)C1(c2ccoc2)CCCCC2C(C(=O)NCCC3CCCC3=O)NC(c3ccccc3)N21,-0.1756411292502651,-0.0,-0.0,-0.1756411292502651,0.5743588707497349,0.8538550122234936,0.3835616438356164,200
COCc1cc(C2(COC)C=CCC(CN3CCNc4ccccc43)C2)no1,-0.01258710920425199,-0.0,-0.0,-0.01258710920425199,0.737412890795748,0.8145309413132262,0.4266666666666667,200
N#CS1(c2ccoc2)C=CC=C1C(=O)NC1CCCC1C(=O)N1CCc2ccccc2C1,-0.03822315796671638,-0.08320929538266997,-0.0,-0.12143245334938635,0.7117768420332836,0.7583953523086651,0.358974358974359,200
C1=CC(c2ccoc2)(c2ccoc2)NC(CN2CCC(CCC3NC(C4CCOCC4)NO3)CC2)C1,-0.27289297623300574,-0.0,-0.0,-0.27289297623300574,0.47710702376699426,0.8540446451468154,0.36470588235294116,200
N#Cc1ccc(-c2ccccn2)cc1C1(C2CC2)NCCN1CCNN1NC(=O)C1CC1CC1,-0.21927171388009026,-0.0,-0.0,-0.21927171388009026,0.5307282861199097,0.8930535636247059,0.32142857142857145,200
C#Cc1cc(COC)ccc1C1(c2nnco2)CC1CN1CCNC1CCC1CCCN1C(=O)CCN1CCCN1,-0.3723007680126371,-0.0,-0.0,-0.3723007680126371,0.3776992319873629,0.8851565564070085,0.38271604938271603,200
N#Cc1ccnc(C2(c3nnc(C#N)o3)C=CCC(N3CCCC3)C2)c1,-0.0,-0.0,-0.0,0.0,0.7856053731791098,0.8604448666937792,0.3150684931506849,200
N#Cc1ccc(C2(C3CC3)NCCC3C(=O)NC(c4ccccc4)NC32)cc1C#N,-0.011470516711830081,-0.0,-0.0,-0.011470516711830081,0.7385294832881699,0.8057333269395619,0.28169014084507044,200
O=C(CCC1CCCCC1)NC1CCN(C2CC(N3CCOCC3)CNN2)C1c1ccc(C2OCCC2c2ccc(-c3ccco3)cc2)s1,-0.5232512819671844,-0.0,-0.0,-0.5232512819671844,0.22674871803281554,0.9437637500217899,0.3950617283950617,200
CN(C)c1cccc(C2(C(F)OC#N)C=CCC(N3CCCC3)C2)c1,-0.14511749904382143,-0.17480752140044076,-0.0,-0.3199250204442622,0.6048825009561786,0.7125962392997797,0.36231884057971014,200
C1=CC(c2ccoc2)(c2ccoc2)CC(C2=CCC(N3CCOCC3)NN2)C1,-0.0,-0.0,-0.0,0.0,0.7935687500175506,0.8209151476802291,0.34615384615384615,200
COCc1ccc(C2(C#N)NCCC3C(=O)NC(c4ccccc4)NC32)s1,-0.0,-0.016139996908582477,-0.0,-0.016139996908582477,0.7531315470447806,0.7919300015457088,0.35714285714285715,200
OC=Cc1ccc(C23CC=CCC2N(c2nnco2)CC3)cc1,-0.05536455182381761,-0.0,-0.0,-0.05536455182381761,0.6946354481761824,0.8290882630075741,0.3026315789473684,200
N#Cc1cc(C2(c3ccoc3)CC2CN2CCNC2CCC2CCCN2C(=O)CCN2CCCN2)ccc1C1CC1,-0.31638370910399066,-0.0,-0.0,-0.31638370910399066,0.43361629089600934,0.8963342442030369,0.3246753246753247,200
COCc1nnc(C2(c3ccoc3)CC2CN2CCNC2CCC2CCCN2C(=O)CCN2CCCN2)o1,-0.32687478876303394,-0.0,-0.0,-0.32687478876303394,0.42312521123696606,0.8443031608897278,0.35365853658536583,200
N#CC=Cc1ccc(C2(c3ccno3)C3CNCC2CNC3)cc1,-0.0,-0.0,-0.0,0.0,0.8455642521751571,0.8024339835476738,0.25757575757575757,200
N#CC1(c2ccoc2)CN(C2CCCCN2)CCN1C(=O)CC1COc2ccccc2NC1=O,-0.03435408905586468,-0.167554549008879,-0.0,-0.20190863806474368,0.7156459109441353,0.7162227254955605,0.47368421052631576,200
O=C(COc1ccccc1)N1CC(C2NCON2)C2(CCOCC2)C1(Cc1ccccn1)c1ccoc1,-0.24290685343709784,-0.0,-0.0,-0.24290685343709784,0.5070931465629022,0.8615632640012323,0.43373493975903615,200
C=Cc1ccc(C2(c3cc(C#N)co3)NCCN2CCNN2NC(=O)C2CC2CC2)cc1,-0.19292292087945973,-0.0,-0.0,-0.19292292087945973,0.5570770791205403,0.8673743284949502,0.3176470588235294,200
COCC1(c2cc(C3CC3)no2)C=CCC(CN2CCNc3ccccc32)C1,-0.0,-0.0,-0.0,0.0,0.7570917056186034,0.8207811983579751,0.4,200
O=C(C1CNN(C2CC(c3ncno3)CCN2)C1)N1CCCC1(Cl)c1ccoc1,-0.18191418301317996,-0.1904790172814077,-0.0,-0.37239320029458767,0.56808581698682,0.7047604913592962,0.28735632183908044,200
O=C1N(CC2CC2)NC2N1CCCCC2(c1coc(OC2CC2)c1)c1nnco1,-0.0,-0.0,-0.0,0.0,0.7974656216715718,0.8263802278002468,0.40229885057471265,200
O=C(CC1CCNCC1)N1CCCC1C1NNCN1CC1CCNCC1(c1nnc(-c2nnco2)o1)C(F)Cc1ccccn1,-0.49650584441096246,-0.0,-0.0,-0.49650584441096246,0.25349415558903754,0.86877241621468,0.3333333333333333,200
O=C(C1CCOC1)N1CCCC(CCCN2CCCO2)C1(c1ccoc1)c1ccoc1,-0.08189691972888224,-0.0,-0.0,-0.08189691972888224,0.6681030802711178,0.8493802810695634,0.34177215189873417,200
N#Cc1ccnc(C2(C#N)C=CCC(CN3CCNc4ccccc43)C2)c1,-0.0,-0.0,-0.0,0.0,0.8513183277062324,0.8192186564123743,0.35294117647058826,200
N#CC1(c2cc(-c3ccoc3)no2)C=CCC(C2NCCN3CCNC23)C1,-0.0,-0.0,-0.0,0.0,0.8025653404400619,0.8682732571289098,0.352112676056338,200
N#Cc1cc(S2(C#N)C=CC=C2C(=O)NC2CCCC2C(=O)N2CCc3ccccc3C2)co1,-0.07550116593638079,-0.08268745105937181,-0.0,-0.1581886169957526,0.6744988340636192,0.7586562744703141,0.38271604938271603,200
N#CC1(C2CC2)C(C2NC(Cc3ccccc3)NO2)CN1S(=O)(=O)c1ccccc1,-0.013323937006430087,-0.1348924250896748,-0.0,-0.1482163620961049,0.7366760629935699,0.7325537874551626,0.23,200
C=Cc1cccc(-c2ccc(N(C)C)cc2C2NCCN2CCNN2NC(=O)C2CC2CC2)c1,-0.2431948084926051,-0.0,-0.0,-0.2431948084926051,0.5068051915073949,0.9105190595066982,0.3373493975903614,200
O=C(C1CCOC1)N1CCC(OC2NOC(C3CNCCN3)N2)CC1(c1ccc(-c2cccc(C3CC3)c2)s1)C1CC1,-0.379182202578436,-0.0,-0.0,-0.379182202578436,0.370817797421564,0.8119465926847854,0.375,200
N#CC1(c2cc(Cc3ccccn3)ccn2)NCCCC1CN1CNC2CCCNC21,-0.06732962993833469,-0.0,-0.0,-0.06732962993833469,0.6826703700616653,0.9065940561918712,0.32,200
COCC1(c2ccoc2)NCCC2C(=O)NC(c3ccccc3)NC21,-0.0,-0.012397996175704806,-0.0,-0.012397996175704806,0.7860991876741279,0.7938010019121476,0.40963855421686746,200
CC(F)c1cccc(-c2ccnc3c(C4(C#N)CC(N5CNNN5)CC=C4C(=O)NC4=CCC5NC(=O)C6CCCN6C(=O)C5C4)cccc23)c1,-0.48808873481641224,-0.0,-0.0,-0.48808873481641224,0.26191126518358776,0.8833560656366322,0.3125,200
N#Cc1ccc(-c2ccc(C3COCCN3C34NC(=O)NC(=O)C3NCC4=O)c(Cl)c2)c(C2CC2)c1,-0.16832742920588895,-0.0,-0.0,-0.16832742920588895,0.581672570794111,0.8535385421787716,0.4146341463414634,200
O=C(C1CNN(C2CC(c3ncno3)CCN2)C1)N1CCCC1(c1ccoc1)c1ccoc1,-0.1495748182599237,-0.0,-0.0,-0.1495748182599237,0.6004251817400763,0.8343589052716732,0.30864197530864196,200
CC(F)c1cc(C2(c3ccncc3)CNCCC2CN2CNNC2C2CCCN2C(=O)CC2CCNCC2)ccc1C#N,-0.376936974039443,-0.0,-0.0,-0.376936974039443,0.373063025960557,0.8517835390540536,0.3170731707317073,200
N#CC1(c2ccoc2)CN(c2ccccc2)CCN1C1=NCCN1C(=O)c1ccccc1,-0.10657562198780046,-0.0,-0.0,-0.10657562198780046,0.6434243780121995,0.8666008001704709,0.3380281690140845,200
COCc1coc(C2(c3ccoc3)C=CCC(CN3CCC(CCC4NC(C5CCOCC5)NO4)CC3)N2)c1,-0.3615867463308494,-0.0,-0.0,-0.3615867463308494,0.3884132536691506,0.8534208220318524,0.3950617283950617,200
O=S(=O)(c1ccccc1)N1CC(C2NC(Cc3ccccc3)NO2)C1(c1ccoc1)C1CC1,-0.1924608326841819,-0.0,-0.0,-0.1924608326841819,0.5575391673158181,0.8384028481317902,0.24242424242424243,200
N#CC1(C2CC2)C(C2NC(Cc3ccccc3)NO2)CN1S(=O)(=O)c1ccccc1,-0.013323937006430087,-0.1348924250896748,-0.0,-0.1482163620961049,0.7366760629935699,0.7325537874551626,0.23,200
O=C(CCS(=O)(=O)C1=CC=CC2NCCC2C1)N1CCCN2NC(c3ccccc3)CC2C1(c1ccoc1)C1CC1,-0.23660348087067473,-0.0,-0.0,-0.23660348087067473,0.5133965191293253,0.8254734680988487,0.3,200
CC(F)C1(c2cc(-c3ccnc(-c4cscn4)c3)co2)NCCN1CCNN1NC(=O)C1CC1CC1,-0.3676465283173332,-0.0,-0.0,-0.3676465283173332,0.3823534716826668,0.9626794629189126,0.33695652173913043,200
N#CN1CCC2(c3nnc(Oc4ccccc4)o3)CC=CCC12,-0.10932509907475108,-0.0,-0.0,-0.10932509907475108,0.6406749009252489,0.8619205623362299,0.3829787234042553,200
N#CC1(c2ccc(Oc3ccno3)c(Cl)c2)NCCCC1CN1CNC2CCCNC21,-0.10019050314150313,-0.0,-0.0,-0.10019050314150313,0.6498094968584969,0.8956115723518311,0.4125,200
N#CC1(c2ccoc2)C2CC(c3ccccc3)NN2CCCN1C(=O)CCS(=O)(=O)C1=CC=CC2NCCC2C1,-0.19773594014482532,-0.009986982865388239,-0.0,-0.20772292301021356,0.5522640598551747,0.7950065085673059,0.3,200
N#Cc1ccnc(C2(c3cnc(C#N)nc3)C3CC(c4ccccc4)NN3CCCN2C(=O)CCS(=O)(=O)C2=CC=CC3NCCC3C2)c1,-0.372219975332964,-0.0,-0.0,-0.372219975332964,0.377780024667036,0.8761800859962618,0.29473684210526313,200
N#CC1(c2ccoc2)N(C(=O)COc2ccccc2)CC(C2NCON2)C12CCOCC2,-0.02323118136833391,-0.05506434726416898,-0.0,-0.07829552863250289,0.7267688186316661,0.7724678263679156,0.42696629213483145,200
N#CCC(F)c1cnc(C2(c3ccon3)C=CCC(N3CCCC3)C2)nc1,-0.0,-0.0,-0.0,0.0,0.7528934683656158,0.8237312423258303,0.323943661971831,200
COCC=CC1(c2ccoc2)C=CCC(CN2CCNc3ccccc32)C1,-0.0,-0.0,-0.0,0.0,0.7592641287486068,0.813517585248714,0.4393939393939394,200
O=C(NC1=CCC2NC(=O)C3CCCN3C(=O)C2C1)C1=CCC(N2CNNN2)CC1(c1ccoc1)c1ccccc1-c1ccc(C2CC2)cc1,-0.4943359246576926,-0.0,-0.0,-0.4943359246576926,0.2556640753423074,0.8840123992595877,0.3181818181818182,200
COCc1cc(C#N)ccc1C1(c2ccoc2)CC1CN1CCNC1CCC1CCCN1C(=O)CCN1CCCN1,-0.34130133472200125,-0.0,-0.0,-0.34130133472200125,0.40869866527799875,0.8974358126527077,0.379746835443038,200
C=CC(C)(F)c1ccnc(C2(c3ccno3)NCCCC2CN2CNC3CCCNC32)c1,-0.1537637300362401,-0.0,-0.0,-0.1537637300362401,0.5962362699637599,0.8610847812407586,0.34177215189873417,200
N#CC1(c2ccoc2)C2CC(c3ccccc3)NN2CCCN1C(=O)CCS(=O)(=O)C1=CC=CC2NCCC2C1,-0.19773594014482532,-0.009986982865388239,-0.0,-0.20772292301021356,0.5522640598551747,0.7950065085673059,0.3,200
COCc1ccc(C2(COC)CCCCN3C(=O)N(CC4CC4)NC32)c(-c2ccccn2)c1,-0.09010026365824086,-0.0,-0.0,-0.09010026365824086,0.6598997363417591,0.9143640799619973,0.41975308641975306,200
N#CC1(c2ccoc2)C2CC(c3ccccc3)NN2CCCN1C(=O)CCS(=O)(=O)C1=CC=CC2NCCC2C1,-0.19773594014482532,-0.009986982865388239,-0.0,-0.20772292301021356,0.5522640598551747,0.7950065085673059,0.3,200
N#CC1(c2ccoc2)CCCC12C(C(=O)NCC1CCCN1)c1ccccc1C(=O)N2C1C=CC=CC1,-0.0968747844917428,-0.08344872998510411,-0.0,-0.1803235144768469,0.6531252155082572,0.758275635007448,0.4027777777777778,200
C1=CC(c2ccoc2)(c2ccoc2)NC(CN2CCC(CCC3NC(C4CCOCC4)NO3)CC2)C1,-0.27289297623300574,-0.0,-0.0,-0.27289297623300574,0.47710702376699426,0.8540446451468154,0.36470588235294116,200
N#Cc1cnc(-c2cc(C3(C#N)C=CCC(CN4CCC(CCC5NC(C6CCOCC6)NO5)CC4)N3)ccn2)nc1,-0.34626763782141207,-0.0,-0.0,-0.34626763782141207,0.40373236217858793,0.8941045952423338,0.3333333333333333,200
N#CC1(c2ccoc2)CCCCC2C(C(=O)NCCC3CCCC3=O)NC(c3ccccc3)N21,-0.06934303046473478,-0.0,-0.0,-0.06934303046473478,0.6806569695352652,0.8657903685894339,0.3888888888888889,200
COCc1cccc(C=CC2(c3ccccc3Cl)CCCN2C(=O)C2CNN(C3CC(c4ncno4)CCN3)C2)c1,-0.3409096662942835,-0.0,-0.0,-0.3409096662942835,0.4090903337057165,0.8769267206815455,0.36363636363636365,200
COCC1(c2ccoc2)NCCC2C(=O)NC(c3ccccc3)NC21,-0.0,-0.012397996175704806,-0.0,-0.012397996175704806,0.7860991876741279,0.7938010019121476,0.40963855421686746,200
COCC1(c2ccc(C#N)c(-c3ccccn3)c2)CCCN1C(=O)C1CNN(C2CC(c3ncno3)CCN2)C1,-0.2914221128565476,-0.0,-0.0,-0.2914221128565476,0.4585778871434524,0.8807452897856399,0.3902439024390244,200
COCCc1coc(C2(c3ccoc3)C(CCCN3CCCO3)CCCN2C(=O)C2CCOC2)c1,-0.24762049896332072,-0.0,-0.0,-0.24762049896332072,0.5023795010366793,0.838834172342803,0.3950617283950617,200
CC(F)c1coc(C2(c3cccc(-c4ccno4)c3)COCCN2C23NC(=O)NC(=O)C2NCC3=O)c1,-0.28179118095594363,-0.0,-0.0,-0.28179118095594363,0.46820881904405637,0.8999101828156796,0.4,200
N#CC1(c2ccnc(-c3ccnc(C4CC4)c3)c2)CC1CN1CCNC1CCC1CCCN1C(=O)CCN1CCCN1,-0.32438922233136797,-0.0,-0.0,-0.32438922233136797,0.42561077766863203,0.8902084762379264,0.3076923076923077,200
N#CC(c1ccccc1)C1(c2ccccn2)C=CCC(C2NCCN3CCNC23)C1,-0.0,-0.0,-0.0,0.0,0.7743669391241288,0.8952146367176668,0.3055555555555556,200
O=C(COc1ccccc1)N1CC(C2NCON2)C2(CCOCC2)C1(c1ccoc1)C1CC1,-0.05443961519961327,-0.016891586412906445,-0.0,-0.07133120161251971,0.6955603848003867,0.7915542067935468,0.42696629213483145,200
C=Cc1coc(-c2cccc(C3(CCF)CN(C4CNC(N5CCNCC5)NC4)CCC3C(=O)NCC3CCCO3)c2)c1,-0.4162168392552663,-0.0,-0.0,-0.4162168392552663,0.3337831607447337,0.8185831696453307,0.3780487804878049,200
O=C1N(CC2CC2)NC2N1CCCCC2(C=CC=Cc1ccno1)c1ncccn1,-0.008132655169994396,-0.03696760752551165,-0.0,-0.045100262695506044,0.7418673448300056,0.7815161962372442,0.35714285714285715,200
COCc1cc(-c2ccccc2)ccc1C1(c2ccco2)CC(N2CNNN2)CC=C1C(=O)NC1=CCC2NC(=O)C3CCCN3C(=O)C2C1,-0.5065842796043705,-0.0,-0.0,-0.5065842796043705,0.2434157203956296,0.8878335503202032,0.37777777777777777,200
N#Cc1cc(C2(c3ccoc3)C=CCC(CN3CCC(CCC4NC(C5CCOCC5)NO4)CC3)N2)on1,-0.3037175388246434,-0.0,-0.0,-0.3037175388246434,0.4462824611753566,0.8553761666807139,0.3595505617977528,200
N#Cc1cc(C2(C#N)CCCC23C(C(=O)NCC2CCCN2)c2ccccc2C(=O)N3C2C=CC=CC2)co1,-0.13322619729758856,-0.08144180563603975,-0.0,-0.2146680029336283,0.6167738027024114,0.7592790971819802,0.42857142857142855,200
COCc1cc(-c2cnc(C3(COC)CCCCN4C(=O)N(CC5CC5)NC43)nc2)co1,-0.07678878758645169,-0.0,-0.0,-0.07678878758645169,0.6732112124135483,0.8568584684370747,0.43209876543209874,200
O=C1CC2C(CCCC2c2cnc(NC=Cc3cccs3)nc2)NN1,-0.0,-0.0,-0.0,0.0,0.7858751094832039,0.8573998818882541,0.24096385542168675,200
N#CC1(c2ccoc2)CCCC12C(C(=O)NCC1CCCN1)c1ccccc1C(=O)N2C1C=CC=CC1,-0.0968747844917428,-0.08344872998510411,-0.0,-0.1803235144768469,0.6531252155082572,0.758275635007448,0.4027777777777778,200
C=CC1(c2nnc(-c3csc(C#N)n3)o2)CCCC2NNC(=O)CC21,-0.0,-0.0,-0.0,0.0,0.8035804251566978,0.8528019662647027,0.2619047619047619,200
C=Cc1cc(C2(C3CC3)CNCCC2CN2CNNC2C2CCCN2C(=O)CC2CCNCC2)ccc1-c1ccccc1,-0.39691732946784075,-0.0,-0.0,-0.39691732946784075,0.35308267053215925,0.8780120954215226,0.3125,200
N#Cc1cc(C2(c3cc(C#N)on3)C=CCC(C3NCCN4CCNC34)C2)on1,-0.017654345381984182,-0.0,-0.0,-0.017654345381984182,0.7323456546180158,0.8011040695639816,0.34177215189873417,200
COCC1(c2ccoc2)CCCCC2C(C(=O)NCCC3CCCC3=O)NC(c3ccccc3)N21,-0.15266486150878877,-0.0,-0.0,-0.15266486150878877,0.5973351384912112,0.8657903685894339,0.4342105263157895,200
N#Cc1cc(C2(c3ccoc3)C(CCCN3CCCO3)CCCN2C(=O)C2CCOC2)on1,-0.12143543307680282,-0.0,-0.0,-0.12143543307680282,0.6285645669231972,0.8307994266846105,0.32941176470588235,200
C=Cc1ccc(C2(c3cc(C4CC4)on3)CCCN2C(=O)C2CNN(C3CC(c4ncno4)CCN3)C2)cc1,-0.274367735236615,-0.0,-0.0,-0.274367735236615,0.475632264763385,0.8574826254950932,0.3103448275862069,200
CN(C)c1ccc(-c2coc(C#N)c2)cc1N1CCC2CC=CCC21,-0.0,-0.0,-0.0,0.0,0.7795064894203323,0.8987672243164235,0.375,200
O=C(CCN1CCCN1)N1CCCC1CCC1NCCN1CC1CC1(c1ccno1)c1nnc(C=CC2CC2)o1,-0.3418762153151425,-0.011303626034433023,-0.0,-0.35317984134957553,0.4081237846848575,0.7943481869827835,0.3170731707317073,200
C=Cc1ccc(-c2ccco2)cc1C1(c2nnco2)NCCCC1CN1CNC2CCCNC21,-0.23315422178117218,-0.0,-0.0,-0.23315422178117218,0.5168457782188278,0.9465655880185194,0.3493975903614458,200
COCS1(c2ccoc2)C=CC=C1C(=O)NC1CCCC1C(=O)N1CCc2ccccc2C1,-0.06199874322092902,-0.08320929538266997,-0.0,-0.145208038603599,0.688001256779071,0.7583953523086651,0.4125,200
CNCc1ccc(CCF)cc1C1(c2nccs2)CCCC2NNC(=O)CC21,-0.054784418677160995,-0.0,-0.0,-0.054784418677160995,0.695215581322839,0.8382788416627461,0.35443037974683544,200
O=C(CCNC1C(c2ccccc2)NC2CNCCN21)N1CCSCC1(c1ccoc1)c1ccoc1,-0.2999021562060419,-0.0,-0.0,-0.2999021562060419,0.4500978437939581,0.8440692086447427,0.3815789473684211,200
N#Cc1nnc(-c2cnc(C3(C#N)C4CC(c5ccccc5)NN4CCCN3C(=O)CCS(=O)(=O)C3=CC=CC4NCCC4C3)nc2)o1,-0.3766463194764246,-0.0,-0.0,-0.3766463194764246,0.3733536805235754,0.842846560406637,0.3225806451612903,200
COCc1ccc(-c2ccon2)c(C2(c3ccno3)CNCCC2CN2CNNC2C2CCCN2C(=O)CC2CCNCC2)c1,-0.48285091345142717,-0.0,-0.0,-0.48285091345142717,0.26714908654857283,0.8927470018277561,0.38823529411764707,200
COCc1cccc(C=CC2(Cc3ccccn3)CCCCN3C(=O)N(CC4CC4)NC32)c1,-0.10776128121834871,-0.0,-0.0,-0.10776128121834871,0.6422387187816513,0.85373427742459,0.4,200
CCCNc1ccnc(C2(c3cc(C(C)F)no3)CCCCN3C(=O)N(CC4CC4)NC32)c1,-0.13651511337868627,-0.0,-0.0,-0.13651511337868627,0.6134848866213137,0.8684536197860031,0.32954545454545453,200
C1=CC(C=Cc2nnc(C3CC3)o2)(c2ccon2)CC(C2NCCN3CCNC23)C1,-0.023368570614579198,-0.0,-0.0,-0.023368570614579198,0.7266314293854208,0.8352721378829863,0.3132530120481928,200
C1=CC(C=Cc2ccoc2)(c2ccoc2)CC(C2=CCC(N3CCOCC3)NN2)C1,-0.015158264395112142,-0.0,-0.0,-0.015158264395112142,0.7348417356048879,0.839016677906224,0.34615384615384615,200
C=Cc1ccc(C2(C=CC3CC3)CCCN2C(=O)C2CNN(C3CC(c4ncno4)CCN3)C2)cc1,-0.17229502099583616,-0.17999171776958622,-0.0,-0.3522867387654224,0.5777049790041638,0.7100041411152069,0.28735632183908044,200
COCN1CCC2(c3nnc(-c4coc(O)c4)o3)CC=CCC12,-0.0,-0.0,-0.0,0.0,0.8659855807777485,0.8373404447985572,0.4375,200
O=C(COc1ccccc1)N1CC(C2NCON2)C2(CCOCC2)C1(Cc1ccccn1)c1ccoc1,-0.24290685343709784,-0.0,-0.0,-0.24290685343709784,0.5070931465629022,0.8615632640012323,0.43373493975903615,200
C=Cc1ccc(C2(c3cccc(C=C)c3)CC(OC3NOC(C4CNCCN4)N3)CCN2C(=O)C2CCOC2)cc1,-0.3577925646774537,-0.0,-0.0,-0.3577925646774537,0.3922074353225463,0.8421545506833408,0.38372093023255816,200
CN(CCF)Cc1cc(C2(c3ccoc3)C=CCC(C3NCCN4CCNC34)C2)on1,-0.09632414322051042,-0.0,-0.0,-0.09632414322051042,0.6536758567794896,0.8151948983148087,0.34210526315789475,200
O=C(Nc1ccccc1)N1CC(CC2NCNN2)C1(c1ccoc1)c1cc(C2CC2)no1,-0.27751653699589807,-0.0,-0.0,-0.27751653699589807,0.47248346300410193,0.874139666923124,0.26881720430107525,200
N#Cc1cc(S2(C#N)C=CC=C2C(=O)NC2CCCC2C(=O)N2CCc3ccccc3C2)on1,-0.07153329969092337,-0.10115337893972742,-0.0,-0.1726866786306508,0.6784667003090766,0.7494233105301363,0.3333333333333333,200
C1=CC(c2ccoc2)(c2ccoc2)NC(CN2CCC(CCC3NC(C4CCOCC4)NO3)CC2)C1,-0.27289297623300574,-0.0,-0.0,-0.27289297623300574,0.47710702376699426,0.8540446451468154,0.36470588235294116,200
N#Cc1cc(C2(C3CC3)NCCC3C(=O)NC(c4ccccc4)NC32)co1,-0.0,-0.0,-0.0,0.0,0.7784085714696908,0.8073464359766322,0.3194444444444444,200
C=Cc1cc(C2(c3cccc(-c4cccs4)c3)COCCN2C23NC(=O)NC(=O)C2NCC3=O)on1,-0.2714544770511667,-0.0,-0.0,-0.2714544770511667,0.4785455229488333,0.8966630836474113,0.38202247191011235,200
N#Cc1cc(C2(C3CC3)C(C3NC(Cc4ccccc4)NO3)CN2S(=O)(=O)c2ccccc2)co1,-0.22597803964193652,-0.0,-0.0,-0.22597803964193652,0.5240219603580635,0.8357266062207139,0.25,200
O=C(CC1CCNCC1)N1CCCC1C1NNCN1CC1CCNCC1(c1ccoc1)c1ccoc1,-0.28879779502203184,-0.00685228741929822,-0.0,-0.29565008244133006,0.46120220497796816,0.7965738562903509,0.35,200
COCC1(Cc2ccccn2)CCCCC2C(C(=O)NCCC3CCCC3=O)NC(c3ccccc3)N21,-0.2094017573915805,-0.0,-0.0,-0.2094017573915805,0.5405982426084195,0.8416257733384216,0.44871794871794873,200
N#CC1(Cc2ccccn2)CCCCC2C(C(=O)NCCC3CCCC3=O)NC(c3ccccc3)N21,-0.1290445832409879,-0.0,-0.0,-0.1290445832409879,0.6209554167590121,0.8416257733384216,0.38461538461538464,200
COCC1(c2ccoc2)NCCC2C(=O)NC(c3ccccc3)NC21,-0.0,-0.012397996175704806,-0.0,-0.012397996175704806,0.7860991876741279,0.7938010019121476,0.40963855421686746,200
N#CC1(c2ccoc2)CCCCC2C(C(=O)NCCC3CCCC3=O)NC(c3ccccc3)N21,-0.06934303046473478,-0.0,-0.0,-0.06934303046473478,0.6806569695352652,0.8657903685894339,0.3888888888888889,200
C(=CC1CC1)c1coc(-c2cc(C3C4CNCC3CNC4)on2)c1,-0.0,-0.0,-0.0,0.0,0.9048653946795802,0.8066602303434047,0.30303030303030304,200
FCCC1(c2cccc(C=Cc3cncnc3)c2)C=CCC(CN2CCC(CCC3NC(C4CCOCC4)NO3)CC2)N1,-0.4282330965518563,-0.0,-0.0,-0.4282330965518563,0.3217669034481437,0.9153689302965791,0.32941176470588235,200
N#Cc1ccc(C2(c3ccno3)C=CCC(CN3CCC(CCC4NC(C5CCOCC5)NO4)CC3)N2)cc1C1CC1,-0.37035215814631556,-0.0,-0.0,-0.37035215814631556,0.37964784185368444,0.904293211924403,0.37209302325581395,200
N#Cc1cc(C2(c3ccoc3)CSCCN2C(=O)CCNC2C(c3ccccc3)NC3CNCCN32)co1,-0.3273001132782091,-0.0,-0.0,-0.3273001132782091,0.4226998867217909,0.8347133109006497,0.4,200
O=C(COc1ccccc1)N1CC(C2NCON2)C2(CCOCC2)C1(c1ccoc1)C1CC1,-0.05443961519961327,-0.016891586412906445,-0.0,-0.07133120161251971,0.6955603848003867,0.7915542067935468,0.42696629213483145,200
COCc1cccc(C23CC=CCC2N(c2ccnc(C#N)c2)CC3)c1,-0.0,-0.0,-0.0,0.0,0.7869874158816347,0.8540828207063677,0.4186046511627907,200
O=C(CCN1CCCN1)N1CCCC1CCC1NCCN1CC1CC1(c1ccoc1)c1ccoc1,-0.20959179682182993,-0.0,-0.0,-0.20959179682182993,0.5404082031781701,0.8325038637407888,0.3157894736842105,200
COCC1(Cc2ccccn2)NCCC2C(=O)NC(c3ccccc3)NC21,-0.004001866535240706,-0.056254843731521564,-0.0,-0.06025671026676227,0.7459981334647593,0.7718725781342393,0.36904761904761907,200
N#CC1(c2nnc(C3CC3)o2)CCCC12C(C(=O)NCC1CCCN1)c1ccccc1C(=O)N2C1C=CC=CC1,-0.17437823733088298,-0.1830850333987577,-0.0,-0.3574632707296407,0.575621762669117,0.7084574833006212,0.38961038961038963,200
N#CC1(c2ccnc(C=Cc3ccoc3)c2)C(CC2NCNN2)CN1C(=O)Nc1ccccc1,-0.29895617231524263,-0.0,-0.0,-0.29895617231524263,0.45104382768475737,0.901490738560886,0.25555555555555554,200
COCc1nnc(C2(c3cnc(C4CC4)nc3)C=CCC(N3CCCC3)C2)o1,-0.038035665536906405,-0.014566005889363076,-0.0,-0.05260167142626948,0.7119643344630936,0.7927169970553185,0.38271604938271603,200
C#CC1(c2ccoc2)NCCC2C(=O)NC(c3ccccc3)NC21,-0.016355486205603342,-0.0,-0.0,-0.016355486205603342,0.7336445137943967,0.8017409977448098,0.28169014084507044,200
N#Cc1ccccc1C1(c2coc(C3CC3)c2)CC(N2CNNN2)CC=C1C(=O)NC1=CCC2NC(=O)C3CCCN3C(=O)C2C1,-0.42414211939541746,-0.08009166574142235,-0.0,-0.5042337851368398,0.32585788060458254,0.7599541671292889,0.3258426966292135,200
N#Cc1nnc(C2(C=Cc3nnco3)C=CCC(N3CCCC3)C2)o1,-0.0,-0.014547471067589912,-0.0,-0.014547471067589912,0.7803664231988126,0.7927262644662051,0.28378378378378377,200
N#Cc1nnc(C=CC2(c3ccncc3)CCCCN3C(=O)N(CC4CC4)NC32)o1,-0.0,-0.0,-0.0,0.0,0.8131186590795825,0.8454191879149239,0.34523809523809523,200
COCc1ccccc1-c1ncc(C2(C(C)F)C=CCC(CN3CCC(CCC4NC(C5CCOCC5)NO4)CC3)N2)cn1,-0.4299325283733065,-0.0,-0.0,-0.4299325283733065,0.3200674716266935,0.9096472974289909,0.3855421686746988,200
c1nnc(-c2coc(C3(c4coc(C5CC5)c4)C4CNCC3CNC4)c2)o1,-0.016750895747256966,-0.0,-0.0,-0.016750895747256966,0.733249104252743,0.9165685607780675,0.30434782608695654,200
N#CS1(c2ccoc2)C=CC=C1C(=O)NC1CCCC1C(=O)N1CCc2ccccc2C1,-0.03822315796671638,-0.08320929538266997,-0.0,-0.12143245334938635,0.7117768420332836,0.7583953523086651,0.358974358974359,200
COCC1(c2ccoc2)CSCCN1C(=O)CCNC1C(c2ccccc2)NC2CNCCN21,-0.22987877341864837,-0.1713533798678326,-0.0,-0.401232153286481,0.5201212265813516,0.7143233100660837,0.4473684210526316,200
C=Cc1nnc(N2CCCC(c3cc(C4C=CCC(C5=CCC(N6CCOCC6)NN5)C4)on3)C2)o1,-0.16686103001029173,-0.0,-0.0,-0.16686103001029173,0.5831389699897083,0.856590754486991,0.32954545454545453,200
N#CC1(C2CC2)CN(c2ccccc2)CCN1C1=NCCN1C(=O)c1ccccc1,-0.0,-0.0,-0.0,0.0,0.7960552728417509,0.8186721730162889,0.3055555555555556,200
N#CC1(c2ccc(C(F)Cc3cscn3)cc2)N(C(=O)COc2ccccc2)CC(C2NCON2)C12CCOCC2,-0.3342559052243947,-0.0,-0.0,-0.3342559052243947,0.4157440947756053,0.8962900042507609,0.4,200
CC(F)c1csc(-c2cc(C3(C#N)CC3CN3CCNC3CCC3CCCN3C(=O)CCN3CCCN3)ccn2)n1,-0.3340694484500076,-0.0,-0.0,-0.3340694484500076,0.4159305515499924,0.8681114643092531,0.2823529411764706,200
N#Cc1ccnc(-c2cccc(C3(C#N)CC(N4CNNN4)CC=C3C(=O)NC3=CCC4NC(=O)C5CCCN5C(=O)C4C3)c2)c1,-0.4233803743234848,-0.0,-0.0,-0.4233803743234848,0.3266196256765152,0.8058418553198183,0.3118279569892473,200
C=Cc1cccc(-c2cc(-c3nnco3)ccc2C2CNCCC2CN2CNNC2C2CCCN2C(=O)CC2CCNCC2)c1,-0.4624400097539273,-0.0,-0.0,-0.4624400097539273,0.2875599902460727,0.949606899534315,0.3373493975903614,200
C=Cc1ccc(C2(c3cc(C#N)ccn3)C=CCC(C3NCCN4CCNC34)C2)cc1,-0.0,-0.0,-0.0,0.0,0.757440269224754,0.8908727712539534,0.3013698630136986,200
N#CC1(c2ccoc2)C2CC(c3ccccc3)NN2CCCN1C(=O)CCS(=O)(=O)C1=CC=CC2NCCC2C1,-0.19773594014482532,-0.009986982865388239,-0.0,-0.20772292301021356,0.5522640598551747,0.7950065085673059,0.3,200
CC(F)c1cc(C2CC2)ccc1C1(c2nnco2)CN(C2CNC(N3CCNCC3)NC2)CCC1C(=O)NCC1CCCO1,-0.41630355743918657,-0.034976901513908976,-0.0,-0.45128045895309554,0.33369644256081343,0.7825115492430456,0.3953488372093023,200
O=C(COc1ccccc1)N1CC(C2NCON2)C2(CCOCC2)C1(c1ccoc1)C1CC1,-0.05443961519961327,-0.016891586412906445,-0.0,-0.07133120161251971,0.6955603848003867,0.7915542067935468,0.42696629213483145,200
N#Cc1ccc(C2COCCN2C23NC(=O)NC(=O)C2NCC3=O)cc1-c1ccnc(-c2cccs2)c1,-0.2704358182598212,-0.0,-0.0,-0.2704358182598212,0.4795641817401788,0.9288965892350148,0.42168674698795183,200
c1cc(C2(C3CC3)NCCCC2CN2CNC3CCCNC32)cc(-c2ccoc2)n1,-0.04160783272800361,-0.0,-0.0,-0.04160783272800361,0.7083921672719964,0.8762704102052327,0.35714285714285715,200
C1=CC(c2ccoc2)(c2cc(C=Cc3cncnc3)on2)CC(C2NCCN3CCNC23)C1,-0.1693654391999162,-0.0,-0.0,-0.1693654391999162,0.5806345608000838,0.9141667633102971,0.352112676056338,200
C1=CC(C(c2ccccc2)(c2ccno2)C2CC2)CC(C2=CCC(N3CCOCC3)NN2)C1,-0.09550755922727183,-0.014366010053807887,-0.0,-0.10987356928107972,0.6544924407727282,0.7928169949730961,0.3373493975903614,200
O=COc1cc(C23CC=CCC2N(c2nnc(C4CC4)o2)CC3)no1,-0.14652989300472008,-0.16072891979289672,-0.0,-0.3072588127976168,0.6034701069952799,0.7196355401035517,0.36046511627906974,200
N#CC=Cc1cc(-c2cc(C34CC=CCC3NCC4)co2)ccn1,-0.05983965256369017,-0.0,-0.0,-0.05983965256369017,0.6901603474363098,0.8615277993862582,0.29850746268656714,200
N#CC1(c2ccoc2)C(C2NC(Cc3ccccc3)NO2)CN1S(=O)(=O)c1ccccc1,-0.15650887635630717,-0.0,-0.0,-0.15650887635630717,0.5934911236436928,0.8357949273201976,0.23469387755102042,200
O=C(Nc1ccccc1)N1CC(CC2NCNN2)C1(c1ccoc1)C1CC1,-0.09742993089959617,-0.0,-0.0,-0.09742993089959617,0.6525700691004038,0.8087174440329752,0.25882352941176473,200
COCc1ncc(C2(c3ccoc3)C=CCC(C3=CCC(N4CCOCC4)NN3)C2)cn1,-0.08275387668982448,-0.0,-0.0,-0.08275387668982448,0.6672461233101755,0.8679155023693452,0.4,200
N#CC1(c2cc(-c3ccoc3)ccn2)CNCCC1CN1CNNC1C1CCCN1C(=O)CC1CCNCC1,-0.32717214944730844,-0.0,-0.0,-0.32717214944730844,0.42282785055269156,0.8361468981932482,0.3291139240506329,200
N#CC1(c2ccoc2)C(C2NC(Cc3ccccc3)NO2)CN1S(=O)(=O)c1ccccc1,-0.15650887635630717,-0.0,-0.0,-0.15650887635630717,0.5934911236436928,0.8357949273201976,0.23469387755102042,200
COCC1(C2CC2)CN(c2ccccc2)CCN1C1=NCCN1C(=O)c1ccccc1,-0.0012841932760800923,-0.0,-0.0,-0.0012841932760800923,0.7487158067239199,0.8186721730162889,0.4166666666666667,200
O=C(NC1CCCC1C(=O)N1CCc2ccccc2C1)C1=CC=CS1(c1ccoc1)C1CC1,-0.061563430497369676,-0.08494758847295136,-0.0,-0.14651101897032104,0.6884365695026303,0.7575262057635244,0.36363636363636365,200
N#CS1(c2ccoc2)C=CC=C1C(=O)NC1CCCC1C(=O)N1CCc2ccccc2C1,-0.03822315796671638,-0.08320929538266997,-0.0,-0.12143245334938635,0.7117768420332836,0.7583953523086651,0.358974358974359,200
O=C(CC1CCNCC1)N1CCCC1C1NNCN1CC1CCNCC1(c1ccoc1)c1coc(C2CC2)c1,-0.34093215689983336,-0.00685228741929822,-0.0,-0.3477844443191316,0.40906784310016664,0.7965738562903509,0.35802469135802467,200
N#Cc1cc(Oc2ccccn2)ccc1C1NCCCC1CN1CNC2CCCNC21,-0.061619345611994114,-0.0,-0.0,-0.061619345611994114,0.6883806543880059,0.9244777492580653,0.42105263157894735,200
C#Cc1cc(C2(c3ccoc3)CCCN2C(=O)C2CNN(C3CC(c4ncno4)CCN3)C2)no1,-0.22869359710355885,-0.0,-0.0,-0.22869359710355885,0.5213064028964411,0.8241740188934022,0.3170731707317073,200
N#CC1(C#N)CN(c2ccccc2)CCN1C1=NCCN1C(=O)c1ccccc1,-0.0,-0.0,-0.0,0.0,0.7914339646923493,0.8081419869085198,0.30985915492957744,200
N#CC1(c2ccoc2)C=CCC(CN2CCNc3ccccc32)C1,-0.0,-0.0,-0.0,0.0,0.8707265385634771,0.8243529089076679,0.38235294117647056,200
O=C(CCN1CCCN1)N1CCCC1CCC1NCCN1CC1CC1(c1ccoc1)c1ccoc1,-0.20959179682182993,-0.0,-0.0,-0.20959179682182993,0.5404082031781701,0.8325038637407888,0.3157894736842105,200
O=C1NN(NCCN2CCNC2(c2ccoc2)c2ccoc2)C1CC1CC1,-0.11180744101763895,-0.0,-0.0,-0.11180744101763895,0.638192558982361,0.8515497605098433,0.3170731707317073,200
N#CC1(c2ccoc2)C(CC2NCNN2)CN1C(=O)Nc1ccccc1,-0.08488913360951189,-0.02310859123509923,-0.0,-0.10799772484461112,0.6651108663904881,0.7884457043824504,0.24705882352941178,200
O=C(CCS(=O)(=O)C1=CC=CC2NCCC2C1)N1CCCN2NC(c3ccccc3)CC2C1(c1ccoc1)C1CC1,-0.23660348087067473,-0.0,-0.0,-0.23660348087067473,0.5133965191293253,0.8254734680988487,0.3,200
C=Cc1ccc(-c2coc(C3(C4CC4)C=CCC(C4NCCN5CCNC45)C3)c2)cc1,-0.039868649659711264,-0.0,-0.0,-0.039868649659711264,0.7101313503402887,0.8582683851531,0.3472222222222222,200
COCC12CC=CCC1N(c1ccc(C#N)c(-c3nnco3)c1)CC2,-0.0,-0.0,-0.0,0.0,0.7984027026200475,0.8886233971496186,0.3918918918918919,200
N#Cc1ncc(C2(c3ccoc3)C(CCCN3CCCO3)CCCN2C(=O)C2CCOC2)cn1,-0.13524581150908577,-0.0,-0.0,-0.13524581150908577,0.6147541884909142,0.8557077544177275,0.32941176470588235,200
O=C(CCS(=O)(=O)C1=CC=CC2NCCC2C1)N1CCCN2NC(c3ccccc3)CC2C1(Cc1ccccn1)C1CC1,-0.2766519964103946,-0.016037969879389102,-0.0,-0.2926899662897837,0.4733480035896054,0.7919810150603055,0.3010752688172043,200
COCc1ccc(C2(c3ccccc3)COCCN2C23NC(=O)NC(=O)C2NCC3=O)cc1C1CC1,-0.1888237000923123,-0.0,-0.0,-0.1888237000923123,0.5611762999076877,0.8163093867364205,0.4444444444444444,200
C1=CC(c2ccoc2)(c2ccoc2)CC(C2=CCC(N3CCOCC3)NN2)C1,-0.0,-0.0,-0.0,0.0,0.7935687500175506,0.8209151476802291,0.34615384615384615,200
C=Cc1nnc(-c2ccnc(C3(C#N)C=CCC(CN4CCC(CCC5NC(C6CCOCC6)NO5)CC4)N3)c2)o1,-0.35924156926598755,-0.0,-0.0,-0.35924156926598755,0.39075843073401245,0.874920222075093,0.3333333333333333,200
COCc1ccc(C#N)c(C2(c3ccccc3)COCCN2C23NC(=O)NC(=O)C2NCC3=O)c1,-0.18532084425600281,-0.0,-0.0,-0.18532084425600281,0.5646791557439972,0.8125506509424965,0.4444444444444444,200
N#CC1(Cc2ccccn2)CCCCC2C(C(=O)NCCC3CCCC3=O)NC(c3ccccc3)N21,-0.1290445832409879,-0.0,-0.0,-0.1290445832409879,0.6209554167590121,0.8416257733384216,0.38461538461538464,200
O=C1NC(=O)C2NCC(=O)C2(N2CCOCC2(c2ccc3c(c2)OCCO3)c2ccc(-c3ccoc3)cc2C2CC2)N1,-0.3272331639494739,-0.0,-0.0,-0.3272331639494739,0.4227668360505261,0.8803332665979824,0.4430379746835443,200
COCC1(c2ccoc2)CCCCC2C(C(=O)NCCC3CCCC3=O)NC(c3ccccc3)N21,-0.15266486150878877,-0.0,-0.0,-0.15266486150878877,0.5973351384912112,0.8657903685894339,0.4342105263157895,200
O=C(CCNC1C(c2ccccc2)NC2CNCCN21)N1CCSCC1(Cc1ccccn1)C1CC1,-0.24279400800672535,-0.06001959904834653,-0.0,-0.3028136070550719,0.5072059919932747,0.7699902004758268,0.3333333333333333,200
CC(F)c1ccc(C2(C(C)(F)c3ccccc3)CN(C3CNC(N4CCNCC4)NC3)CCC2C(=O)NCC2CCCO2)cc1,-0.40851198961031776,-0.0,-0.0,-0.40851198961031776,0.34148801038968224,0.8182937345675451,0.41975308641975306,200
N#CC1(c2ccoc2)CCCCC2C(C(=O)NCCC3CCCC3=O)NC(c3ccccc3)N21,-0.06934303046473478,-0.0,-0.0,-0.06934303046473478,0.6806569695352652,0.8657903685894339,0.3888888888888889,200
O=C(CC1CCNCC1)N1CCCC1C1NNCN1CC1CCNCC1c1ccc(-c2ccncc2)c(CC(F)c2ccccn2)c1,-0.4874563047130152,-0.0,-0.0,-0.4874563047130152,0.2625436952869848,0.9512134620358901,0.31645569620253167,200
O=C1CCCC1CCNC(=O)C1NC(c2ccccc2)N2C1CCCCC2(c1ccoc1)C1CC1,-0.14149497735057093,-0.0,-0.0,-0.14149497735057093,0.6085050226494291,0.8898606497571031,0.3888888888888889,200
N#CC1(c2ccnc(-c3ccoc3)c2)CNCCC1CN1CNNC1C1CCCN1C(=O)CC1CCNCC1,-0.32717214944730844,-0.0,-0.0,-0.32717214944730844,0.42282785055269156,0.8441384855619852,0.325,200
N#CC1(Cc2ccccn2)C2CC(c3ccccc3)NN2CCCN1C(=O)CCS(=O)(=O)C1=CC=CC2NCCC2C1,-0.24153365083077594,-0.0,-0.0,-0.24153365083077594,0.5084663491692241,0.8005024751860474,0.3010752688172043,200
C1=CC(c2ccoc2)(c2ccoc2)NC(CN2CCC(CCC3NC(C4CCOCC4)NO3)CC2)C1,-0.27289297623300574,-0.0,-0.0,-0.27289297623300574,0.47710702376699426,0.8540446451468154,0.36470588235294116,200
C=Cc1ncc(C23CC=CCC2N(c2ncc(C#N)cn2)CC3)cn1,-0.0,-0.0,-0.0,0.0,0.8051290176932134,0.8202240536238351,0.28169014084507044,200
COCC1(c2ccoc2)CCCCC2C(C(=O)NCCC3CCCC3=O)NC(c3ccccc3)N21,-0.15266486150878877,-0.0,-0.0,-0.15266486150878877,0.5973351384912112,0.8657903685894339,0.4342105263157895,200
COCc1cnc(C2(Oc3cncnc3)C=CCC(N3CCCC3)C2)nc1,-0.023619631349991788,-0.0,-0.0,-0.023619631349991788,0.7263803686500082,0.8745459294111984,0.4520547945205479,200
C=CC1(c2ccccc2-c2ccc(C#N)cc2)CNCCC1CN1CNNC1C1CCCN1C(=O)CC1CCNCC1,-0.38628967476760223,-0.0,-0.0,-0.38628967476760223,0.36371032523239777,0.8767777922403681,0.3125,200
CC(F)C(F)Cc1nc(-c2nnc(C3C=CCC(C4NCCN5CCNC45)C3)o2)cs1,-0.09463922546910508,-0.0,-0.0,-0.09463922546910508,0.6553607745308949,0.8592639062121215,0.32142857142857145,200
N#CC1(C#N)C(C2NC(Cc3ccccc3)NO2)CN1S(=O)(=O)c1ccccc1,-0.0,-0.15704266132167377,-0.0,-0.15704266132167377,0.7593677505914875,0.7214786693391632,0.22448979591836735,200
N#Cc1cc(C2(C3CC3)N(C(=O)COc3ccccc3)CC(C3NCON3)C23CCOCC3)no1,-0.11046627701376788,-0.08401192345915831,-0.0,-0.1944782004729262,0.6395337229862321,0.7579940382704209,0.4186046511627907,200
O=C(C1CCOC1)N1CCCC(CCCN2CCCO2)C1(C=Cc1ncccn1)c1cc(C2CC2)ccn1,-0.2608091407267407,-0.0,-0.0,-0.2608091407267407,0.4891908592732593,0.8572423140664137,0.32941176470588235,200
COCC1(c2ccoc2)C=CCC(CN2CCNc3ccccc32)C1,-0.0,-0.0,-0.0,0.0,0.8343841261919331,0.8243529089076679,0.43283582089552236,200
COCC1(c2ccoc2)N(C(=O)COc2ccccc2)CC(C2NCON2)C12CCOCC2,-0.09909187778847373,-0.05506434726416898,-0.0,-0.1541562250526427,0.6509081222115263,0.7724678263679156,0.44047619047619047,200
CC(F)c1ccc(C2(C3CCCO3)CC(N3CNNN3)CC=C2C(=O)NC2=CCC3NC(=O)C4CCCN4C(=O)C3C2)cc1-c1ccccc1,-0.44984679051514836,-0.0,-0.0,-0.44984679051514836,0.30015320948485164,0.8116408927308311,0.3516483516483517,200
O=C(CCC1CCCCC1)NC1CCN(C2CC(N3CCOCC3)CNN2)C1(c1ccoc1)c1ccoc1,-0.2661247955658396,-0.0,-0.0,-0.2661247955658396,0.4838752044341604,0.8108260920534996,0.38461538461538464,200
C#Cc1ccc(C=C)cc1C1(c2nnco2)CCCC2NNC(=O)CC21,-0.0,-0.0,-0.0,0.0,0.8312548634538479,0.8616503111577639,0.2972972972972973,200
N#CC1(c2cccc(C=Cc3nnco3)c2)CCCCN2C(=O)N(CC3CC3)NC21,-0.0,-0.0,-0.0,0.0,0.8219283574073201,0.912442960894754,0.3333333333333333,200
C=Cc1nnc(-c2ccnc(C3(C#N)C=CCC(C4NCCN5CCNC45)C3)c2)o1,-0.006029764252820424,-0.0,-0.0,-0.006029764252820424,0.7439702357471796,0.8802856175843325,0.2962962962962963,200
N#CC=Cc1coc(C2(c3cscn3)CCCCN3C(=O)N(CC4CC4)NC32)c1,-0.0,-0.0,-0.0,0.0,0.7609227342784463,0.8456015381127515,0.32941176470588235,200
FCCC=Cc1cc(C2(c3ccoc3)C3CNCC2CNC3)ccn1,-0.0,-0.005270213863636908,-0.0,-0.005270213863636908,0.8780094016103905,0.7973648930681816,0.30158730158730157,200
C=Cc1nnc(-c2cc(C3(c4cncnc4)CNCCC3CN3CNNC3C3CCCN3C(=O)CC3CCNCC3)co2)o1,-0.46742949645061804,-0.0,-0.0,-0.46742949645061804,0.28257050354938196,0.8832667314163329,0.3488372093023256,200
O=S(=O)(c1ccccc1)N1CC(C2NC(Cc3ccccc3)NO2)C1(c1ccoc1)C1CC1,-0.1924608326841819,-0.0,-0.0,-0.1924608326841819,0.5575391673158181,0.8384028481317902,0.24242424242424243,200
N#Cc1cc(C2(c3coc(-c4ccco4)c3)NCCCC2CN2CNC3CCCNC32)co1,-0.20189076848505927,-0.0,-0.0,-0.20189076848505927,0.5481092315149407,0.9373530677441204,0.39473684210526316,200
N#CC1(c2ccoc2)C(C2NC(Cc3ccccc3)NO2)CN1S(=O)(=O)c1ccccc1,-0.15650887635630717,-0.0,-0.0,-0.15650887635630717,0.5934911236436928,0.8357949273201976,0.23469387755102042,200
CC(F)C1(c2cc(C3CC3)ccc2-c2ccon2)CNCCC1CN1CNNC1C1CCCN1C(=O)CC1CCNCC1,-0.3989451711632986,-0.0,-0.0,-0.3989451711632986,0.3510548288367014,0.8535840513049986,0.32941176470588235,200
N#Cc1ccc(-c2nnc(C3(C4CC4)CC3CN3CCNC3CCC3CCCN3C(=O)CCN3CCCN3)o2)cc1,-0.32021658156611665,-0.0,-0.0,-0.32021658156611665,0.42978341843388335,0.8560695351346025,0.31645569620253167,200
O=C(C1CCOC1)N1CCCC(CCCN2CCCO2)C1(Cc1ccccn1)c1nnc(C=Cc2ncccn2)o1,-0.3853295292395299,-0.0,-0.0,-0.3853295292395299,0.3646704707604701,0.8956241774931598,0.3181818181818182,200
COCC1(c2ccoc2)C(CC2NCNN2)CN1C(=O)Nc1ccccc1,-0.13256651489995963,-0.02310859123509923,-0.0,-0.15567510613505886,0.6174334851000404,0.7884457043824504,0.3103448275862069,200
N#CC1(c2ccoc2)CCCCC2C(C(=O)NCCC3CCCC3=O)NC(c3ccccc3)N21,-0.06934303046473478,-0.0,-0.0,-0.06934303046473478,0.6806569695352652,0.8657903685894339,0.3888888888888889,200
N#Cc1cc(S2(C3CC3)C=CC=C2C(=O)NC2CCCC2C(=O)N2CCc3ccccc3C2)on1,-0.06843038168335003,-0.0942406192260048,-0.0,-0.16267100090935482,0.68156961831665,0.7528796903869976,0.3333333333333333,200
N#CS1(c2coc(C3CC3)c2)C=CC=C1C(=O)NC1CCCC1C(=O)N1CCc2ccccc2C1,-0.15406589803127546,-0.08320929538266997,-0.0,-0.23727519341394543,0.5959341019687245,0.7583953523086651,0.3670886075949367,200
C1=CC(c2ccoc2)(c2ccoc2)NC(CN2CCC(CCC3NC(C4CCOCC4)NO3)CC2)C1,-0.27289297623300574,-0.0,-0.0,-0.27289297623300574,0.47710702376699426,0.8540446451468154,0.36470588235294116,200
O=S(=O)(c1ccccc1)N1CC(C2NC(Cc3ccccc3)NO2)C1(c1ccoc1)C1CC1,-0.1924608326841819,-0.0,-0.0,-0.1924608326841819,0.5575391673158181,0.8384028481317902,0.24242424242424243,200
COCC1(c2ccoc2)CCCC12C(C(=O)NCC1CCCN1)c1ccccc1C(=O)N2C1C=CC=CC1,-0.1692584390651921,-0.08344872998510411,-0.0,-0.2527071690502962,0.5807415609348079,0.758275635007448,0.4342105263157895,200
O=C(C1CNN(C2CC(c3ncno3)CCN2)C1)N1CCCC1(c1ncc(-c2ccccc2C2CCOC2)cn1)C1CC1,-0.32170308918715756,-0.0,-0.0,-0.32170308918715756,0.42829691081284244,0.8672659925563122,0.36470588235294116,200
COCS1(c2cc(C3CC3)ccn2)C=CC=C1C(=O)NC1CCCC1C(=O)N1CCc2ccccc2C1,-0.1892994012175918,-0.04290545820550373,-0.0,-0.23220485942309554,0.5607005987824082,0.7785472708972482,0.3902439024390244,200
O=C(C1CNN(C2CC(c3ncno3)CCN2)C1)N1CCCC1(c1ccoc1)c1coc(C2CC2)c1,-0.21381185442447392,-0.0,-0.0,-0.21381185442447392,0.5361881455755261,0.8343589052716732,0.3170731707317073,200
N#CC1(c2ccc(C=Cc3nnco3)cc2)CNCCC1CN1CNNC1C1CCCN1C(=O)CC1CCNCC1,-0.371499158481971,-0.0,-0.0,-0.371499158481971,0.378500841518029,0.8534116690500613,0.3176470588235294,200
N#CC1(Cc2ccccn2)CCCCC2C(C(=O)NCCC3CCCC3=O)NC(c3ccccc3)N21,-0.1290445832409879,-0.0,-0.0,-0.1290445832409879,0.6209554167590121,0.8416257733384216,0.38461538461538464,200
COCc1nnc(-c2ccccc2C2(C#N)C=CCC(N3CCCC3)C2)o1,-0.0,-0.0,-0.0,0.0,0.7565125263537651,0.881131324540739,0.4225352112676056,200
C=Cc1ccc(-c2ccno2)cc1C1(c2ccon2)COCCN1C12NC(=O)NC(=O)C1NCC2=O,-0.285800374165217,-0.0,-0.0,-0.285800374165217,0.464199625834783,0.8916211195031628,0.4,200
COCC1(c2cnc(C3CC3)nc2)C(CC2NCNN2)CN1C(=O)Nc1ccccc1,-0.21223483170818802,-0.0585364284821972,-0.0,-0.2707712601903852,0.537765168291812,0.7707317857589014,0.3181818181818182,200
O=C1Nc2ccccc2OCC1CC(=O)N1CCN(C2CCCCN2)CC1(c1ccoc1)C1CC1,-0.06335730627185066,-0.1495628025662219,-0.0,-0.21292010883807255,0.6866426937281493,0.7252185987168891,0.48,200
C1=CC(c2ccoc2)(c2ccoc2)NC(CN2CCC(CCC3NC(C4CCOCC4)NO3)CC2)C1,-0.27289297623300574,-0.0,-0.0,-0.27289297623300574,0.47710702376699426,0.8540446451468154,0.36470588235294116,200
N#Cc1ccc(C2CC2)cc1C1(c2ccccn2)NCCCC1CN1CNC2CCCNC21,-0.08901524894495516,-0.0,-0.0,-0.08901524894495516,0.6609847510550448,0.8919118684712485,0.32894736842105265,200
N#Cc1coc(C2(C3CC3)CN(C3CCCCN3)CCN2C(=O)CC2COc3ccccc3NC2=O)c1,-0.10475090790846497,-0.17816650384531907,-0.0,-0.28291741175378404,0.645249092091535,0.7109167480773405,0.47368421052631576,200
N#Cc1cc(C2(c3ccoc3)CNCCC2CN2CNNC2C2CCCN2C(=O)CC2CCNCC2)ccn1,-0.3295121979970655,-0.0,-0.0,-0.3295121979970655,0.4204878020029345,0.8185349567876582,0.3291139240506329,200
N#CCc1coc(C2(c3ccco3)C=CCC(C3=CCC(N4CCOCC4)NN3)C2)c1,-0.03164134914804184,-0.0,-0.0,-0.03164134914804184,0.7183586508519582,0.8272409205416957,0.3625,200
C=CC12CC=CCC1N(c1ccccc1C=Cc1nnco1)CC2,-0.0,-0.0,-0.0,0.0,0.7861750638523055,0.8992611143115605,0.3150684931506849,200
N#CC1(C2CC2)CN(c2ccccc2)CCN1C1=NCCN1C(=O)c1ccccc1,-0.0,-0.0,-0.0,0.0,0.7960552728417509,0.8186721730162889,0.3055555555555556,200
O=C1CCCC1CCNC(=O)C1NC(c2ccccc2)N2C1CCCCC2(C=Cc1ccoc1)C1CC1,-0.23198986216282713,-0.0014877894705149775,-0.0,-0.2334776516333421,0.5180101378371729,0.7992561052647426,0.3835616438356164,200
N#CC12CC=CCC1N(c1cnc(C=Cc3nnco3)nc1)CC2,-0.0,-0.0,-0.0,0.0,0.8020333488359332,0.8812283537967048,0.2894736842105263,200
N#CC1CS(=O)(=O)CC1C1(c2cc(-c3ccncc3)co2)NCCC2C(=O)NC(c3ccccc3)NC21,-0.2713208640300592,-0.0,-0.0,-0.2713208640300592,0.4786791359699408,0.8450799265190897,0.33707865168539325,200
N#CC1(c2ccoc2)CCCC12C(C(=O)NCC1CCCN1)c1ccccc1C(=O)N2C1C=CC=CC1,-0.0968747844917428,-0.08344872998510411,-0.0,-0.1803235144768469,0.6531252155082572,0.758275635007448,0.4027777777777778,200
N#Cc1cc(C2CC2)ccc1C1(c2cncnc2)CCCN1C(=O)C1CNN(C2CC(c3ncno3)CCN2)C1,-0.2694889471992654,-0.0,-0.0,-0.2694889471992654,0.4805110528007346,0.8674110662511072,0.3023255813953488,200
N#Cc1ccc(-c2ccccn2)c(C2(C3CC3)C(CC3NCNN3)CN2C(=O)Nc2ccccc2)c1,-0.3208410012987714,-0.0,-0.0,-0.3208410012987714,0.4291589987012286,0.868882378540807,0.25555555555555554,200
C=Cc1ccc(C2(C3CC3)N(C(=O)COc3ccccc3)CC(C3NCON3)C23CCOCC3)cc1C#N,-0.16650976386428806,-0.0,-0.0,-0.16650976386428806,0.5834902361357119,0.8081313533856617,0.42391304347826086,200
N#CC(F)(Cc1ccccn1)C1(c2ccoc2)CCCN1C(=O)C1CNN(C2CC(c3ncno3)CCN2)C1,-0.28547913616231513,-0.0,-0.0,-0.28547913616231513,0.46452086383768487,0.8374736745010778,0.3068181818181818,200
O=C(NCC1CCCN1)C1c2ccccc2C(=O)N(C2C=CC=CC2)C12CCCC2(c1ccoc1)C1CC1,-0.1680070495626489,-0.0,-0.0,-0.1680070495626489,0.5819929504373511,0.8779617039135711,0.4027777777777778,200
COCC1(C2CC2)C=CCC(CN2CCNc3ccccc32)C1,-0.0,-0.06502012113107947,-0.0,-0.06502012113107947,0.8338789021305655,0.7674899394344603,0.40540540540540543,200
O=C1CCCC1CCNC(=O)C1NC(c2ccccc2)N2C1CCCCC2(Cc1ccccn1)C1CC1,-0.19422281822283793,-0.0,-0.0,-0.19422281822283793,0.5557771817771621,0.8660200739842849,0.38461538461538464,200
N#Cc1cc(C2(C#N)CCCC23C(C(=O)NCC2CCCN2)c2ccccc2C(=O)N3C2C=CC=CC2)no1,-0.13450493227616656,-0.10390677212343968,-0.0,-0.23841170439960624,0.6154950677238334,0.7480466139382802,0.4024390243902439,200
C1=CC(c2ccoc2)(c2ccoc2)CC(C2=CCC(N3CCOCC3)NN2)C1,-0.0,-0.0,-0.0,0.0,0.7935687500175506,0.8209151476802291,0.34615384615384615,200
N#CC1(c2ccoc2)C2CC(c3ccccc3)NN2CCCN1C(=O)CCS(=O)(=O)C1=CC=CC2NCCC2C1,-0.19773594014482532,-0.009986982865388239,-0.0,-0.20772292301021356,0.5522640598551747,0.7950065085673059,0.3,200
O=C1NN(NCCN2CCNC2(C=CC2CC2)c2ccccc2-c2ccon2)C1CC1CC1,-0.2686294618183178,-0.0,-0.0,-0.2686294618183178,0.4813705381816822,0.8731931706501935,0.313953488372093,200
N#CS1(c2ccoc2)C=CC=C1C(=O)NC1CCCC1C(=O)N1CCc2ccccc2C1,-0.03822315796671638,-0.08320929538266997,-0.0,-0.12143245334938635,0.7117768420332836,0.7583953523086651,0.358974358974359,200
O=C(CCN1CCCN1)N1CCCC1CCC1NCCN1CC1CC1(c1csc(-c2ccoc2)n1)C1CC1,-0.29789213560405065,-0.0,-0.0,-0.29789213560405065,0.45210786439594935,0.8064115788067282,0.2839506172839506,200
C=Cc1cc(C2(c3ccccc3)COCCN2C23NC(=O)NC(=O)C2NCC3=O)ccc1C#N,-0.12795750741974576,-0.0,-0.0,-0.12795750741974576,0.6220424925802542,0.8264565519803383,0.425,200
O=C(CC1CCNCC1)N1CCCC1C1NNCN1CC1CCNCC1(O)c1coc(-c2ncc(C3CC3)cn2)c1,-0.42855165865600103,-0.0,-0.0,-0.42855165865600103,0.32144834134399897,0.8341890227830315,0.38372093023255816,200
C1=CC(c2ccoc2)(c2nnc(C3CC3)o2)CC(C2=CCC(N3CCOCC3)NN2)C1,-0.03990373930096469,-0.0,-0.0,-0.03990373930096469,0.7100962606990353,0.8285700912040851,0.3176470588235294,200
N#CC1(c2cnc(Oc3ccncc3)nc2)NCCCC1CN1CNC2CCCNC21,-0.09062566603952704,-0.0,-0.0,-0.09062566603952704,0.659374333960473,0.8829649040036204,0.4050632911392405,200
N#CS1(c2ccoc2)C=CC=C1C(=O)NC1CCCC1C(=O)N1CCc2ccccc2C1,-0.03822315796671638,-0.08320929538266997,-0.0,-0.12143245334938635,0.7117768420332836,0.7583953523086651,0.358974358974359,200
COCC1(c2ccoc2)CCCCC2C(C(=O)NCCC3CCCC3=O)NC(c3ccccc3)N21,-0.15266486150878877,-0.0,-0.0,-0.15266486150878877,0.5973351384912112,0.8657903685894339,0.4342105263157895,200
CC(F)(CC1(c2cncnc2)CCCC2NNC(=O)CC21)c1ccccn1,-0.0,-0.0,-0.0,0.0,0.8659103045920015,0.8733573031999675,0.3055555555555556,200
N#Cc1csc(-c2ccc(C3(c4ccon4)CC(OC4NOC(C5CNCCN5)N4)CCN3C(=O)C3CCOC3)s2)n1,-0.44633207324190594,-0.0,-0.0,-0.44633207324190594,0.30366792675809406,0.8769143056590224,0.3626373626373626,200
C#CC1(c2ccoc2)NCCC2C(=O)NC(c3ccccc3)NC21,-0.016355486205603342,-0.0,-0.0,-0.016355486205603342,0.7336445137943967,0.8017409977448098,0.28169014084507044,200
COCC1(c2ccoc2)CCCCC2C(C(=O)NCCC3CCCC3=O)NC(c3ccccc3)N21,-0.15266486150878877,-0.0,-0.0,-0.15266486150878877,0.5973351384912112,0.8657903685894339,0.4342105263157895,200
C=CC=Cc1ccnc(C2(c3nnco3)CCCC3NNC(=O)CC32)c1,-0.0,-0.0,-0.0,0.0,0.8200517297449557,0.8459412549626107,0.2948717948717949,200
N#Cc1cc(S2(C#N)C=CC=C2C(=O)NC2CCCC2C(=O)N2CCc3ccccc3C2)co1,-0.07550116593638079,-0.08268745105937181,-0.0,-0.1581886169957526,0.6744988340636192,0.7586562744703141,0.38271604938271603,200
COCc1cccc(C2(C=CCc3ccccn3)C(CCCN3CCCO3)CCCN2C(=O)C2CCOC2)c1,-0.3675122792476505,-0.0,-0.0,-0.3675122792476505,0.3824877207523495,0.844915475918219,0.3780487804878049,200
C=CC(F)Cc1nnc(C2(C#N)C3CC(c4ccccc4)NN3CCCN2C(=O)CCS(=O)(=O)C2=CC=CC3NCCC3C2)o1,-0.35526394067725475,-0.07102924620482165,-0.0,-0.4262931868820764,0.39473605932274525,0.7644853768975892,0.29473684210526313,200
COCc1ncc(C2(c3ccoc3)NCCCC2CN2CNC3CCCNC32)cn1,-0.09358659073277487,-0.0,-0.0,-0.09358659073277487,0.6564134092672251,0.8410728240206294,0.4166666666666667,200
N#Cc1cc2c(cc1-c1ccccc1)OC(C1(c3nnco3)C=CCC(C3NCCN4CCNC34)C1)CO2,-0.23765972429025617,-0.0,-0.0,-0.23765972429025617,0.5123402757097438,0.9400537068008913,0.3974358974358974,200
COCc1ccnc(C2(Cc3ccccn3)C3CC(c4ccccc4)NN3CCCN2C(=O)CCS(=O)(=O)C2=CC=CC3NCCC3C2)c1,-0.425887066986446,-0.0,-0.0,-0.425887066986446,0.324112933013554,0.885383094335747,0.34782608695652173,200
COCCC1(c2ccoc2)C=CCC(CN2CCNc3ccccc32)C1,-0.0,-0.0,-0.0,0.0,0.7794765528722665,0.8196626367766578,0.44776119402985076,200
COCc1cccc(C2(c3cc(-c4ccco4)co3)NCCN2CCNN2NC(=O)C2CC2CC2)c1,-0.37295326679298335,-0.0,-0.0,-0.37295326679298335,0.37704673320701665,0.9538282273007137,0.37209302325581395,200
N#CC1(C2CC2)CN(c2ccccc2)CCN1C1=NCCN1C(=O)c1ccccc1,-0.0,-0.0,-0.0,0.0,0.7960552728417509,0.8186721730162889,0.3055555555555556,200
O=C(NC1=CCC2NC(=O)C3CCCN3C(=O)C2C1)C1=CCC(N2CNNN2)CC1(C=Cc1ccco1)c1cccc(-c2cccs2)c1,-0.4916956268577269,-0.0,-0.0,-0.4916956268577269,0.2583043731422731,0.8267947451828304,0.32967032967032966,200
C1=CC(Cc2ccccn2)(c2ccoc2)NC(CN2CCC(CCC3NC(C4CCOCC4)NO3)CC2)C1,-0.31912439426838024,-0.0,-0.0,-0.31912439426838024,0.43087560573161976,0.9017546477283943,0.3493975903614458,200
N#Cc1coc(-c2ccc(C#N)cc2C2NCCCC2CN2CNC3CCCNC32)c1,-0.04550364579593569,-0.0,-0.0,-0.04550364579593569,0.7044963542040643,0.8744039898083152,0.38235294117647056,200
C=Cc1ccc(C2COCCN2C23NC(=O)NC(=O)C2NCC3=O)c(-c2ccccc2C#N)c1,-0.11734515132774737,-0.0,-0.0,-0.11734515132774737,0.6326548486722526,0.8368665514627718,0.43037974683544306,200
C=Cc1cc(-c2cc(C3CN(C4CNC(N5CCNCC5)NC4)CCC3C(=O)NCC3CCCO3)ccn2)ccc1C#N,-0.38200198055413576,-0.0,-0.0,-0.38200198055413576,0.36799801944586424,0.8525249864563786,0.3875,200
O=C(CCC1CCCCC1)NC1CCN(C2CC(N3CCOCC3)CNN2)C1(c1ccoc1)c1ccoc1,-0.2661247955658396,-0.0,-0.0,-0.2661247955658396,0.4838752044341604,0.8108260920534996,0.38461538461538464,200
COCc1nnc(C23CC=CCC2N(c2cc(C#N)co2)CC3)o1,-0.0,-0.008614724342574931,-0.0,-0.008614724342574931,0.7976491416474764,0.7956926378287126,0.4166666666666667,200
c1cc(C2(c3cc(-c4nnc(C5CC5)o4)co3)NCCCC2CN2CNC3CCCNC32)co1,-0.24227220460314036,-0.0,-0.0,-0.24227220460314036,0.5077277953968596,0.9318111579530355,0.3614457831325301,200
N#CC1(c2ccoc2)C(CC2NCNN2)CN1C(=O)Nc1ccccc1,-0.08488913360951189,-0.02310859123509923,-0.0,-0.10799772484461112,0.6651108663904881,0.7884457043824504,0.24705882352941178,200
N#CC1(c2ccoc2)C=CCC(CN2CCNc3ccccc32)C1,-0.0,-0.0,-0.0,0.0,0.8707265385634771,0.8243529089076679,0.38235294117647056,200
N#Cc1cc(C=Cc2nnc(C3CCCCN4C(=O)N(CC5CC5)NC34)o2)no1,-0.0,-0.0,-0.0,0.0,0.8178617988631834,0.845803795599971,0.34523809523809523,200
CC(F)c1ccc(C#N)c(C2(C3CC3)CCCN2C(=O)C2CNN(C3CC(c4ncno4)CCN3)C2)c1,-0.1362088760762281,-0.17726952618786895,-0.0,-0.31347840226409707,0.6137911239237719,0.7113652369060656,0.30337078651685395,200
N#Cc1ccc(C2CC2)c(C2(c3nnco3)NCCN2CCNN2NC(=O)C2CC2CC2)c1,-0.23560913905894,-0.0,-0.0,-0.23560913905894,0.51439086094106,0.8393082661457602,0.32142857142857145,200
O=C(COc1ccccc1)N1CC(C2NCON2)C2(CCOCC2)C1(c1ccoc1)C1CCOC1c1ccoc1,-0.2927547680513708,-0.0,-0.0,-0.2927547680513708,0.4572452319486292,0.8355936587587371,0.42696629213483145,200
N#Cc1cc(-c2ccc(S3(C#N)C(NC(=O)CC4(N5CC=CC5)CCOCC4)NNC3C3CCCCC3)cc2)no1,-0.4209145171943189,-0.0,-0.0,-0.4209145171943189,0.3290854828056811,0.8309512174317959,0.3333333333333333,200
CC(Sc1ccnc(C2C=CCC(N3CCCC3)C2)c1)c1nc(C#N)cs1,-0.23406282165225645,-0.0,-0.0,-0.23406282165225645,0.5159371783477436,0.9010324729178206,0.30434782608695654,200
O=C(C1CNN(C2CC(c3ncno3)CCN2)C1)N1CCCC1(c1ccoc1)c1ccoc1,-0.1495748182599237,-0.0,-0.0,-0.1495748182599237,0.6004251817400763,0.8343589052716732,0.30864197530864196,200
CC(F)c1ccccc1-c1nnc(S2(c3ccccc3)C(NC(=O)CC3(N4CC=CC4)CCOCC3)NNC2C2CCCCC2)o1,-0.5146434010321972,-0.0,-0.0,-0.5146434010321972,0.23535659896780284,0.9177947280891736,0.34375,200
N#CC1(Cc2ccccn2)CCCCC2C(C(=O)NCCC3CCCC3=O)NC(c3ccccc3)N21,-0.1290445832409879,-0.0,-0.0,-0.1290445832409879,0.6209554167590121,0.8416257733384216,0.38461538461538464,200
O=C(NC1CCCC1C(=O)N1CCc2ccccc2C1)C1=CC=CS1(c1ccoc1)C1CC1,-0.061563430497369676,-0.08494758847295136,-0.0,-0.14651101897032104,0.6884365695026303,0.7575262057635244,0.36363636363636365,200
N#Cc1ccc(C=CC2(c3ccoc3)CCCN2C(=O)C2CNN(C3CC(c4ncno4)CCN3)C2)s1,-0.24435673052211293,-0.0,-0.0,-0.24435673052211293,0.5056432694778871,0.826849537902659,0.2808988764044944,200
COCCc1coc(C23CC=CCC2N(c2nnc(C#N)o2)CC3)c1,-0.0,-0.008126307047462644,-0.0,-0.008126307047462644,0.7729148960815039,0.7959368464762687,0.40789473684210525,200
N#Cc1cc(C2(c3coc(C#N)c3)C3CC(c4ccccc4)NN3CCCN2C(=O)CCS(=O)(=O)C2=CC=CC3NCCC3C2)on1,-0.3667497252912697,-0.0,-0.0,-0.3667497252912697,0.3832502747087303,0.8825680614639433,0.31521739130434784,200
O=C(CCC1CCCCC1)NC1CCN(C2CC(N3CCOCC3)CNN2)C1(c1ccoc1)c1ccoc1,-0.2661247955658396,-0.0,-0.0,-0.2661247955658396,0.4838752044341604,0.8108260920534996,0.38461538461538464,200
COCCc1ccc(-c2ccnc(C3(COC)NCCN3CCNN3NC(=O)C3CC3CC3)c2)cc1,-0.36251816802826053,-0.0,-0.0,-0.36251816802826053,0.38748183197173947,0.8803501630222372,0.3793103448275862,200
N#CC1(C#N)CN(c2ccccc2)CCN1C1=NCCN1C(=O)c1ccccc1,-0.0,-0.0,-0.0,0.0,0.7914339646923493,0.8081419869085198,0.30985915492957744,200
N#Cc1ccc(S2(c3cc(C#N)co3)C(NC(=O)CC3(N4CC=CC4)CCOCC3)NNC2C2CCCCC2)cc1,-0.3362626153916772,-0.0,-0.0,-0.3362626153916772,0.4137373846083228,0.8038681820389143,0.3258426966292135,200
COCc1csc(C2(c3cc(-c4ccoc4)no3)C3CNCC2CNC3)n1,-0.05438307000151066,-0.0,-0.0,-0.05438307000151066,0.6956169299984893,0.9091820894924284,0.3472222222222222,200
N#CC1(c2ccoc2)C(C2NC(Cc3ccccc3)NO2)CN1S(=O)(=O)c1ccccc1,-0.15650887635630717,-0.0,-0.0,-0.15650887635630717,0.5934911236436928,0.8357949273201976,0.23469387755102042,200
CC(F)CC(F)c1ccc(C2C=CCC(CN3CCC(CCC4NC(C5CCOCC5)NO4)CC3)N2)c(-c2ccncc2)c1,-0.48626932589165933,-0.0,-0.0,-0.48626932589165933,0.26373067410834067,0.9084233367624776,0.38461538461538464,200
COCC1(c2coc(-c3ccoc3)c2)C=CCC(C2=CCC(N3CCOCC3)NN2)C1,-0.06275995714381366,-0.0,-0.0,-0.06275995714381366,0.6872400428561863,0.8657242064141902,0.42857142857142855,200
O=C(COc1ccccc1)N1CC(C2NCON2)C2(CCOCC2)C1(c1ccoc1)C1CC1,-0.05443961519961327,-0.016891586412906445,-0.0,-0.07133120161251971,0.6955603848003867,0.7915542067935468,0.42696629213483145,200
COCC1(C2CC2)CN(c2ccccc2)CCN1C1=NCCN1C(=O)c1ccccc1,-0.0012841932760800923,-0.0,-0.0,-0.0012841932760800923,0.7487158067239199,0.8186721730162889,0.4166666666666667,200
CC(F)c1cc(C23CC=CCC2N(Nc2cscn2)CC3)no1,-0.0,-0.0,-0.0,0.0,0.8608259177953589,0.809650286410746,0.25882352941176473,200
COCC1(c2ccoc2)C2CC(c3ccccc3)NN2CCCN1C(=O)CCS(=O)(=O)C1=CC=CC2NCCC2C1,-0.2595327409644371,-0.009986982865388239,-0.0,-0.26951972382982536,0.4904672590355629,0.7950065085673059,0.34782608695652173,200
C=CC(F)(Cc1cccc(C2NCCCC2CN2CNC3CCCNC32)c1)c1ccccn1,-0.18641169245122857,-0.0,-0.0,-0.18641169245122857,0.5635883075487714,0.9383159476432144,0.3037974683544304,200
O=C(CCNC1C(c2ccccc2)NC2CNCCN21)N1CCSCC1(c1ccoc1)c1ccoc1,-0.2999021562060419,-0.0,-0.0,-0.2999021562060419,0.4500978437939581,0.8440692086447427,0.3815789473684211,200
N#CC1(C#N)CN(c2ccccc2)CCN1C1=NCCN1C(=O)c1ccccc1,-0.0,-0.0,-0.0,0.0,0.7914339646923493,0.8081419869085198,0.30985915492957744,200
C=Cc1ccccc1C=CC1(C(N)CC)CCCN1C(=O)C1CNN(C2CC(c3ncno3)CCN2)C1,-0.24786757184381036,-0.21155748147048659,-0.0,-0.45942505331429695,0.5021324281561896,0.6942212592647568,0.3253012048192771,200
N#CC1(C=CCc2ccccn2)CCCCC2C(C(=O)NCCC3CCCC3=O)NC(c3ccccc3)N21,-0.2351173357670956,-0.0,-0.0,-0.2351173357670956,0.5148826642329044,0.8104051006345327,0.379746835443038,200
O=C(NCC1CCCN1)C1c2ccccc2C(=O)N(C2C=CC=CC2)C12CCCC2(c1ccoc1)C1CC1,-0.1680070495626489,-0.0,-0.0,-0.1680070495626489,0.5819929504373511,0.8779617039135711,0.4027777777777778,200
O=C(COc1ccccc1)N1CC(C2NCON2)C2(CCOCC2)C1(c1ccoc1)C1CC1,-0.05443961519961327,-0.016891586412906445,-0.0,-0.07133120161251971,0.6955603848003867,0.7915542067935468,0.42696629213483145,200
COCS1(c2cc(C3CC3)no2)C=CC=C1C(=O)NC1CCCC1C(=O)N1CCc2ccccc2C1,-0.1578520372560046,-0.0999117772695266,-0.0,-0.2577638145255312,0.5921479627439954,0.7500441113652367,0.3793103448275862,200
O=C(C1CNN(C2CC(c3ncno3)CCN2)C1)N1CCCC1(c1ccoc1)c1ccnc(C=CC2CC2)c1,-0.27388298772462805,-0.0,-0.0,-0.27388298772462805,0.47611701227537195,0.8493661965053703,0.3023255813953488,200
O=C(CCS(=O)(=O)C1=CC=CC2NCCC2C1)N1CCCN2NC(c3ccccc3)CC2C1(Cc1ccccn1)c1ccoc1,-0.36887860400215383,-0.0,-0.0,-0.36887860400215383,0.38112139599784617,0.9021506208003522,0.32222222222222224,200
N#CS1(c2ccoc2)C=CC=C1C(=O)NC1CCCC1C(=O)N1CCc2ccccc2C1,-0.03822315796671638,-0.08320929538266997,-0.0,-0.12143245334938635,0.7117768420332836,0.7583953523086651,0.358974358974359,200
CC1(c2ccc(CCF)cc2-c2ccccc2)C2CNCC1CNC2,-0.0,-0.0,-0.0,0.0,0.8906107078705418,0.8677963770814244,0.29508196721311475,200
N#CC1(c2ccoc2)CSCCN1C(=O)CCNC1C(c2ccccc2)NC2CNCCN21,-0.16108464850716853,-0.1713533798678326,-0.0,-0.33243802837500114,0.5889153514928315,0.7143233100660837,0.36363636363636365,200
O=C1N(CC2CC2)NC2N1CCCCC2(c1cc(CCF)ccn1)c1cc(CCF)co1,-0.08531778940821133,-0.0,-0.0,-0.08531778940821133,0.6646822105917887,0.9023743371446129,0.36585365853658536,200
C#CC1(c2nnc(-c3ccccc3-c3nccs3)o2)C=CCC(CN2CCC(CCC3NC(C4CCOCC4)NO3)CC2)N1,-0.5118349519444505,-0.0,-0.0,-0.5118349519444505,0.23816504805554944,0.9473784064666787,0.34444444444444444,200
O=C1Nc2ccccc2OCC1CC(=O)N1CCN(C2CCCCN2)CC1(c1ccoc1)C1CC1,-0.06335730627185066,-0.1495628025662219,-0.0,-0.21292010883807255,0.6866426937281493,0.7252185987168891,0.48,200
COCOC1(c2cnc(-c3ccoc3)nc2)NCCN1CCNN1NC(=O)C1CC1CC1,-0.32877907149283625,-0.008125628179602051,-0.0,-0.3369046996724383,0.42122092850716375,0.795937185910199,0.35555555555555557,200
O=C(CCN1CCCN1)N1CCCC1CCC1NCCN1CC1CC1(C=Cc1ccno1)c1ccccc1C1CC1,-0.3441666421256031,-0.0,-0.0,-0.3441666421256031,0.4058333578743969,0.888908356870074,0.32098765432098764,200
N#CC=Cc1nc(C2(c3ccco3)CCCCN3C(=O)N(CC4CC4)NC32)cs1,-0.0,-0.0,-0.0,0.0,0.7609227342784464,0.84569912055875,0.32558139534883723,200
C=Cc1ccc(OC2(c3nnco3)C=CCC(C3=CCC(N4CCOCC4)NN3)C2)cc1,-0.07973909348960251,-0.0,-0.0,-0.07973909348960251,0.6702609065103975,0.8854143800636286,0.38372093023255816,200
N#Cc1cnc(C2(C3CCOC3c3ccncc3)C(CCCN3CCCO3)CCCN2C(=O)C2CCOC2)nc1,-0.25862192768477904,-0.0,-0.0,-0.25862192768477904,0.49137807231522096,0.8129461895407543,0.3411764705882353,200
C=Cc1coc(CC(F)c2cc(C3CCCN3C(=O)C3CNN(C4CC(c5ncno5)CCN4)C3)no2)c1,-0.29702123263204827,-0.0,-0.0,-0.29702123263204827,0.45297876736795173,0.8330041603588713,0.3333333333333333,200
COCC1(C#N)CN(c2ccccc2)CCN1C1=NCCN1C(=O)c1ccccc1,-0.0,-0.0,-0.0,0.0,0.7828982565622808,0.8081419869085198,0.410958904109589,200
O=C(CCN1CCCN1)N1CCCC1CCC1NCCN1CC1CC1(Cc1ccccn1)c1ccoc1,-0.2646172672246359,-0.0,-0.0,-0.2646172672246359,0.4853827327753641,0.8887275524383719,0.3246753246753247,200
C=Cc1cccc(C2CCOC2c2cccc(C3CC(OC4NOC(C5CNCCN5)N4)CCN3C(=O)C3CCOC3)c2)c1,-0.38734572754295815,-0.0,-0.0,-0.38734572754295815,0.36265427245704185,0.860314015829752,0.37362637362637363,200
C=Cc1ccc(-c2ccc(C3COCCN3C34NC(=O)NC(=O)C3NCC4=O)cc2COC)cc1,-0.16891782108300246,-0.0,-0.0,-0.16891782108300246,0.5810821789169975,0.866156607210444,0.4444444444444444,200
N#CC1(Cc2ccccn2)CCCC12C(C(=O)NCC1CCCN1)c1ccccc1C(=O)N2C1C=CC=CC1,-0.1521997311921196,-0.0,-0.0,-0.1521997311921196,0.5978002688078804,0.8383427364205737,0.3888888888888889,200
CC(F)C1(c2ccc(Oc3nnco3)cc2)C2CNCC1CNC2,-0.0,-0.0,-0.0,0.0,0.890890332493451,0.8777095676054085,0.32432432432432434,200
O=C1CCCC1CCNC(=O)C1NC(c2ccccc2)N2C1CCCCC2(c1ccoc1)C1CC1,-0.14149497735057093,-0.0,-0.0,-0.14149497735057093,0.6085050226494291,0.8898606497571031,0.3888888888888889,200
COCc1nnc(C2(Cc3ccccn3)C(NC(=O)CCC3CCCCC3)CCN2C2CC(N3CCOCC3)CNN2)o1,-0.39723934867938027,-0.061237769084949045,-0.0,-0.4584771177643293,0.35276065132061973,0.7693811154575255,0.3855421686746988,200
C=CC1(c2ccnc(-c3cc(COC)ccn3)c2)CCCCN2C(=O)N(CC3CC3)NC21,-0.07862899113408661,-0.0,-0.0,-0.07862899113408661,0.6713710088659134,0.9183972827935641,0.4074074074074074,200
CC(F)c1ccc(C2(c3cc(C(C)F)co3)CC(N3CNNN3)CC=C2C(=O)NC2=CCC3NC(=O)C4CCCN4C(=O)C3C2)cc1,-0.44118508156136177,-0.07068818355232187,-0.0,-0.5118732651136837,0.30881491843863823,0.7646559082238391,0.31868131868131866,200
O=C(C1CNN(C2CC(c3ncno3)CCN2)C1)N1CCCC1c1ccc(C(F)CC=Cc2ccoc2)s1,-0.31699828906680055,-0.0,-0.0,-0.31699828906680055,0.43300171093319945,0.8126977511152399,0.29213483146067415,200
N#CC1(c2ccoc2)CCCCC2C(C(=O)NCCC3CCCC3=O)NC(c3ccccc3)N21,-0.06934303046473478,-0.0,-0.0,-0.06934303046473478,0.6806569695352652,0.8657903685894339,0.3888888888888889,200
N#CS1(c2ccoc2)C=CC=C1C(=O)NC1CCCC1C(=O)N1CCc2ccccc2C1,-0.03822315796671638,-0.08320929538266997,-0.0,-0.12143245334938635,0.7117768420332836,0.7583953523086651,0.358974358974359,200
CN(CC1CCCO1)C1(c2cc(-c3ncccn3)co2)C2CNCC1CNC2,-0.0,-0.0,-0.0,0.0,0.8099838701734627,0.8521567168738254,0.4230769230769231,200
N#Cc1cc(C2(c3ccoc3)C(CCCN3CCCO3)CCCN2C(=O)C2CCOC2)co1,-0.11861969552927598,-0.0,-0.0,-0.11861969552927598,0.631380304470724,0.832023498028672,0.345679012345679,200
N#CC1(c2ccoc2)N(C(=O)COc2ccccc2)CC(C2NCON2)C12CCOCC2,-0.02323118136833391,-0.05506434726416898,-0.0,-0.07829552863250289,0.7267688186316661,0.7724678263679156,0.42696629213483145,200
O=C(COc1ccccc1)N1CC(C2NCON2)C2(CCOCC2)C1(c1ccoc1)C1CC1,-0.05443961519961327,-0.016891586412906445,-0.0,-0.07133120161251971,0.6955603848003867,0.7915542067935468,0.42696629213483145,200
OC=Cc1nnc(C2(c3ccoc3)C=CCC(N3CCCC3)C2)o1,-0.06417267822177553,-0.0,-0.0,-0.06417267822177553,0.6858273217782245,0.8244385820280894,0.3287671232876712,200
N#CS1(c2ccoc2)C=CC=C1C(=O)NC1CCCC1C(=O)N1CCc2ccccc2C1,-0.03822315796671638,-0.08320929538266997,-0.0,-0.12143245334938635,0.7117768420332836,0.7583953523086651,0.358974358974359,200
N#Cc1cc(C2(c3cc(C4CC4)no3)CCCN2C(=O)C2CNN(C3CC(c4ncno4)CCN3)C2)on1,-0.2658025966085285,-0.0,-0.0,-0.2658025966085285,0.4841974033914715,0.8024017494310133,0.30952380952380953,200
N#Cc1ccc(-c2nnco2)c(C2(c3cncnc3)C(NC(=O)CCC3CCCCC3)CCN2C2CC(N3CCOCC3)CNN2)c1,-0.4352879604244068,-0.0,-0.0,-0.4352879604244068,0.3147120395755932,0.8698293742508267,0.37349397590361444,200
CC(F)CC(F)c1nnc(C2(c3ccon3)CNCCC2CN2CNNC2C2CCCN2C(=O)CC2CCNCC2)o1,-0.42804487908028477,-0.0968882836852678,-0.0,-0.5249331627655526,0.32195512091971523,0.7515558581573661,0.3372093023255814,200
O=C(CCN1CCCN1)N1CCCC1CCC1NCCN1CC1CC1(c1ccoc1)c1ccoc1,-0.20959179682182993,-0.0,-0.0,-0.20959179682182993,0.5404082031781701,0.8325038637407888,0.3157894736842105,200
CN(Cc1ccncc1)C1(c2cccc(C#N)c2)C=CCC(N2CCCC2)C1,-0.008508482637239023,-0.0,-0.0,-0.008508482637239023,0.741491517362761,0.8883587860978289,0.36507936507936506,200
N#CC1(c2ccoc2)C2CC(c3ccccc3)NN2CCCN1C(=O)CCS(=O)(=O)C1=CC=CC2NCCC2C1,-0.19773594014482532,-0.009986982865388239,-0.0,-0.20772292301021356,0.5522640598551747,0.7950065085673059,0.3,200
COCc1cc(C#N)ccc1C1(c2ccoc2)C=CCC(CN2CCC(CCC3NC(C4CCOCC4)NO3)CC2)N1,-0.389456006665089,-0.0,-0.0,-0.389456006665089,0.360543993334911,0.9010742467385244,0.4050632911392405,200
C#Cc1cc(C2(Cc3ccccn3)C(CCCN3CCCO3)CCCN2C(=O)C2CCOC2)no1,-0.21076291668631608,-0.0,-0.0,-0.21076291668631608,0.5392370833136839,0.8630253138350948,0.34523809523809523,200
O=C(CCN1CCCN1)N1CCCC1CCC1NCCN1CC1CC1(c1ccoc1)c1ccoc1,-0.20959179682182993,-0.0,-0.0,-0.20959179682182993,0.5404082031781701,0.8325038637407888,0.3157894736842105,200
N#CS1(Cc2ccccn2)C=CC=C1C(=O)NC1CCCC1C(=O)N1CCc2ccccc2C1,-0.08730658101208699,-0.0,-0.0,-0.08730658101208699,0.662693418987913,0.804412774080065,0.33766233766233766,200
COCCC=Cc1nnc(C2(c3ccoc3)C(CCCN3CCCO3)CCCN2C(=O)C2CCOC2)o1,-0.3342556368260427,-0.0,-0.0,-0.3342556368260427,0.4157443631739573,0.8394983638811938,0.3563218390804598,200
C=Cc1ccccc1C1(c2ccc(C#N)cc2)CNCCC1CN1CNNC1C1CCCN1C(=O)CC1CCNCC1,-0.3606508322594056,-0.0,-0.0,-0.3606508322594056,0.3893491677405944,0.8674718493678731,0.3125,200
N#CC1(C2CC2)CN(c2ccccc2)CCN1C1=NCCN1C(=O)c1ccccc1,-0.0,-0.0,-0.0,0.0,0.7960552728417509,0.8186721730162889,0.3055555555555556,200
N#Cc1cccc(-c2ccc(C3COCCN3C34NC(=O)NC(=O)C3NCC4=O)cc2C2CC2)c1,-0.13177778126528472,-0.0,-0.0,-0.13177778126528472,0.6182222187347153,0.840700529601894,0.4358974358974359,200
O=C(COc1ccccc1)N1CC(C2NCON2)C2(CCOCC2)C1(Cc1ccccn1)C1CC1,-0.11737327759408733,-0.12166785295732407,-0.0,-0.2390411305514114,0.6326267224059127,0.739166073521338,0.42857142857142855,200
COCCc1ccccc1S1(c2cc(C#N)no2)C(NC(=O)CC2(N3CC=CC3)CCOCC2)NNC1C1CCCCC1,-0.40916888032412496,-0.0,-0.0,-0.40916888032412496,0.34083111967587504,0.8009380023860095,0.34375,200
N#CC1(C2CC2)C(C2NC(Cc3ccccc3)NO2)CN1S(=O)(=O)c1ccccc1,-0.013323937006430087,-0.1348924250896748,-0.0,-0.1482163620961049,0.7366760629935699,0.7325537874551626,0.23,200
N#Cc1ccnc(-c2nc(C3(C#N)CNCCC3CN3CNNC3C3CCCN3C(=O)CC3CCNCC3)cs2)c1,-0.3659075318037095,-0.0,-0.0,-0.3659075318037095,0.3840924681962905,0.8165485533808943,0.2891566265060241,200
N#CC1(C#N)CN(c2ccccc2)CCN1C1=NCCN1C(=O)c1ccccc1,-0.0,-0.0,-0.0,0.0,0.7914339646923493,0.8081419869085198,0.30985915492957744,200
N#Cc1ccc(C2(c3ccoc3)C(CCCN3CCCO3)CCCN2C(=O)C2CCOC2)c(C#N)c1,-0.16884843165702212,-0.0,-0.0,-0.16884843165702212,0.5811515683429779,0.8666049757176925,0.3625,200
O=C(CCN1CCCN1)N1CCCC1CCC1NCCN1CC1CC1(Cc1ccccn1)Oc1ccoc1,-0.30978467660471665,-0.0,-0.0,-0.30978467660471665,0.44021532339528335,0.8916920927227211,0.3924050632911392,200
C=Cc1cc(C2(c3ccc(O)c(Cl)c3)C3CNCC2CNC3)on1,-0.0,-0.0,-0.0,0.0,0.7965694849104983,0.8589210225784426,0.3150684931506849,200
N#CC(=O)C1(c2ccoc2)CCCCC2C(C(=O)NCCC3CCCC3=O)NC(c3ccccc3)N21,-0.1756411292502651,-0.0,-0.0,-0.1756411292502651,0.5743588707497349,0.8538550122234936,0.3835616438356164,200
C=Cc1ccc(C2CC2)cc1C1(c2ccncc2)COCCN1C12NC(=O)NC(=O)C1NCC2=O,-0.15073139500040678,-0.0,-0.0,-0.15073139500040678,0.5992686049995932,0.8149700076300823,0.41975308641975306,200
COCc1ccc(C2(C3CC3)CN(C3CCCCN3)CCN2C(=O)CC2COc3ccccc3NC2=O)s1,-0.1915178256042782,-0.17816650384531907,-0.0,-0.3696843294495973,0.5584821743957218,0.7109167480773405,0.47560975609756095,200
O=S(=O)(c1ccccc1)N1CC(C2NC(Cc3ccccc3)NO2)C1(C1CC1)C1CC1,-0.05569310438560038,-0.12352771522823103,-0.0,-0.1792208196138314,0.6943068956143996,0.7382361423858845,0.24242424242424243,200
N#Cc1cc(-c2ccnc(C3(C4CC4)NCCCC3CN3CNC4CCCNC43)c2)no1,-0.09063590116189191,-0.0,-0.0,-0.09063590116189191,0.6593640988381081,0.8511789566242627,0.345679012345679,200
C=Cc1csc(C2(c3ccc(C#N)cc3)CC2CN2CCNC2CCC2CCCN2C(=O)CCN2CCCN2)n1,-0.3146543870698261,-0.0,-0.0,-0.3146543870698261,0.4353456129301739,0.8857758850845548,0.2619047619047619,200
C=Cc1ccc(C2CC2)cc1C1(c2ccon2)NCCN1CCNN1NC(=O)C1CC1CC1,-0.2356595124257045,-0.0,-0.0,-0.2356595124257045,0.5143404875742955,0.8797698089853321,0.3103448275862069,200
N#CC1(C2CC2)CN(c2ccccc2)CCN1C1=NCCN1C(=O)c1ccccc1,-0.0,-0.0,-0.0,0.0,0.7960552728417509,0.8186721730162889,0.3055555555555556,200
C1=CCC2(c3ccncc3)CCN(c3cnc(C=CC4CC4)nc3)C2C1,-0.0,-0.0,-0.0,0.0,0.7811159126128199,0.9168347519125213,0.2898550724637681,200
COCc1ccc(N2CCC3(c4ncccn4)CC=CCC23)c(COC)c1,-0.018306347929849087,-0.0,-0.0,-0.018306347929849087,0.7316936520701509,0.8561998215886775,0.4264705882352941,200
O=C(COc1ccccc1)N1CC(C2NCON2)C2(CCOCC2)C1(c1ccoc1)C1CC1,-0.05443961519961327,-0.016891586412906445,-0.0,-0.07133120161251971,0.6955603848003867,0.7915542067935468,0.42696629213483145,200
N#Cc1ccc(C2(C3CCOC3)C(NC(=O)CCC3CCCCC3)CCN2C2CC(N3CCOCC3)CNN2)cc1-c1nnco1,-0.37407734346026245,-0.004177203643382255,-0.0,-0.3782545471036447,0.37592265653973755,0.7979113981783089,0.38271604938271603,200
COCC1(c2cnc(C#N)nc2)C=CCC(CN2CCNc3ccccc32)C1,-0.0,-0.0,-0.0,0.0,0.809597961150533,0.8046295195133975,0.3974358974358974,200
C1=CC(c2ccoc2)(c2ccoc2)NC(CN2CCC(CCC3NC(C4CCOCC4)NO3)CC2)C1,-0.27289297623300574,-0.0,-0.0,-0.27289297623300574,0.47710702376699426,0.8540446451468154,0.36470588235294116,200
C1=CC(OC2CCOC2)(c2ccnc(-c3ccon3)c2)CC(C2NCCN3CCNC23)C1,-0.06338646126449521,-0.0,-0.0,-0.06338646126449521,0.6866135387355048,0.8671091940204944,0.43902439024390244,200
N#Cc1cc(C2(C#N)NCCCC2CN2CNC3CCCNC32)ccc1-c1nnco1,-0.07735604846888766,-0.0,-0.0,-0.07735604846888766,0.6726439515311123,0.8690137672928709,0.32926829268292684,200
O=C(CC1CCNCC1)N1CCCC1C1NNCN1CC1CCNCC1(c1cc(-c2ccoc2)ccn1)c1ncc(C2CC2)cn1,-0.4676588061611001,-0.0,-0.0,-0.4676588061611001,0.2823411938388999,0.9082174021379968,0.3291139240506329,200
COCC1(c2ccoc2)N(C(=O)COc2ccccc2)CC(C2NCON2)C12CCOCC2,-0.09909187778847373,-0.05506434726416898,-0.0,-0.1541562250526427,0.6509081222115263,0.7724678263679156,0.44047619047619047,200
O=C(C1CNN(C2CC(c3ncno3)CCN2)C1)N1CCCC1(c1ccoc1)c1ccoc1,-0.1495748182599237,-0.0,-0.0,-0.1495748182599237,0.6004251817400763,0.8343589052716732,0.30864197530864196,200
C#CC1(c2ccnc(C#N)c2)C=CCC(CN2CCNc3ccccc32)C1,-0.07588732753572047,-0.0,-0.0,-0.07588732753572047,0.6741126724642795,0.8053776178821371,0.35294117647058826,200
O=C(COc1ccccc1)N1CC(C2NCON2)C2(CCOCC2)C1(c1ccoc1)C1CC1,-0.05443961519961327,-0.016891586412906445,-0.0,-0.07133120161251971,0.6955603848003867,0.7915542067935468,0.42696629213483145,200
O=C(C1CNN(C2CC(c3ncno3)CCN2)C1)N1CCCC1(c1cnc(C2CC2)nc1)C1OCCC1c1ccccc1,-0.32138032440039943,-0.0,-0.0,-0.32138032440039943,0.42861967559960057,0.8393696762132925,0.35294117647058826,200
N#Cc1nnc(-c2coc(S3(CCF)C(NC(=O)CC4(N5CC=CC5)CCOCC4)NNC3C3CCCCC3)c2)o1,-0.3769972089530024,-0.0009481450138670855,-0.0,-0.3779453539668695,0.3730027910469976,0.7995259274930665,0.3157894736842105,200
COCC1(C#N)CN(c2ccccc2)CCN1C1=NCCN1C(=O)c1ccccc1,-0.0,-0.0,-0.0,0.0,0.7828982565622808,0.8081419869085198,0.410958904109589,200
