Smiles,qed_molReward,CATS_EuclidReward,MACCS_TanimotoReward,Reward,qed_molProperty,CATS_EuclidProperty,MACCS_TanimotoProperty,Epoch
C1=CC(c2cc(-c3csc(-c4ccc(C5CCCC5)cc4)n3)on2)NC(CN2CCC(CCC3NC(C4CCOCC4)NO3)CC2)C1,-0.5460894353612566,-33.51635264103861,-0.0,-34.06244207639986,0.2039105646387434,26.758176320519304,0.3488372093023256,200
O=C1NN(NCCN2CCNC2c2coc(Cc3cccc(-c4ccoc4)c3)c2)C1CC1CC1,-0.32212781490724846,-38.88972745734183,-0.0,-39.211855272249075,0.42787218509275154,29.444863728670914,0.35714285714285715,200
O=C(C1CCOC1)N1CCC(OC2NOC(C3CNCCN3)N2)CC1c1nc(-c2ccc(Cc3ccco3)c(Cl)c2)cs1,-0.45383858863569776,-71.82592226599198,-0.0,-72.27976085462768,0.29616141136430224,45.91296113299599,0.38461538461538464,200
CC(F)(c1ccc(C2CNCCC2CN2CNNC2C2CCCN2C(=O)CC2CCNCC2)cc1)c1ccc(-c2cscn2)s1,-0.48708715857127904,-38.82176467941097,-0.0,-39.308851837982246,0.26291284142872096,29.410882339705484,0.29411764705882354,200
CNCc1ccc(C2(c3coc(-c4ccon4)c3)C=CCC(C3=CCC(N4CCOCC4)NN3)C2)s1,-0.33622394091913715,-42.57795138864806,-0.0,-42.9141753295672,0.41377605908086285,31.28897569432403,0.36470588235294116,200
Cc1cc(-c2ccc(-c3coc(C4CCCCN5C(=O)N(CC6CC6)NC45)c3)s2)no1,-0.15870115034304577,-33.81449618829484,-0.0,-33.97319733863789,0.5912988496569542,26.90724809414742,0.35714285714285715,200
O=C(NC1CCCC1C(=O)N1CCc2ccccc2C1)C1=CC=C[SH]1c1ccc(Cc2ccc(-c3cccs3)s2)s1,-0.5414454770786578,-43.340350488452465,-0.0,-43.881795965531126,0.20855452292134222,31.670175244226233,0.35526315789473684,200
Oc1ccc(-c2ccc(-c3csc(C4C5CNCC4CNC5)n3)s2)cc1,-0.10554441866386122,-37.30619512757761,-0.0,-37.41173954624147,0.6444555813361388,28.653097563788805,0.3235294117647059,200
O=C1NC(=O)C2NCC(=O)C2(N2CCOCC2c2ccc(-c3ccc(CC(F)c4ccco4)s3)c(Cl)c2)N1,-0.3249212314449847,-67.7040477971228,-0.0,-68.02896902856779,0.4250787685550153,43.8520238985614,0.4186046511627907,200
CC(F)C=Cc1ccc(-c2ccc(C3CN(C4CCCCN4)CCN3C(=O)CC3COc4ccccc4NC3=O)cc2)cc1,-0.4022863269567353,-74.91048414163738,-0.0,-75.31277046859412,0.3477136730432647,47.45524207081869,0.4864864864864865,200
O=C(NCC1CCCO1)C1CCN(C2CNC(N3CCNCC3)NC2)CC1c1ccc(C2CCCC2c2ccc(-c3cccs3)c(Cl)c2)s1,-0.5218451395381166,-55.86830695356264,-0.0,-56.39015209310075,0.22815486046188335,37.93415347678132,0.37349397590361444,200
CC1CCCCC1c1ccc(-c2ccc(C3(C(C)F)CCCC34C(C(=O)NCC3CCCN3)c3ccccc3C(=O)N4C3C=CC=CC3)cc2Cl)cc1Cl,-0.5100403678508987,-46.12110101926616,-0.0,-46.63114138711706,0.23995963214910138,33.06055050963308,0.35,200
c1cc(C2CCCCC2)ccc1-c1nc(-c2csc(C3NCCCC3CN3CNC4CCCNC43)n2)cs1,-0.39683578560947685,-38.65151319446072,-0.0,-39.048348980070195,0.35316421439052315,29.32575659723036,0.3157894736842105,200
CC(F)c1cc(-c2cc(-c3ccc(C4C(CCCN5CCCO5)CCCN4C(=O)C4CCOC4)cc3)on2)on1,-0.4192277789689042,-49.65629906907199,-0.0,-50.075526848040894,0.3307722210310958,34.828149534535996,0.37349397590361444,200
CNCc1coc(-c2cc(-c3csc(C4CCCC5NNC(=O)CC54)n3)co2)c1,-0.15767623417837062,-27.32863826479693,-0.0,-27.4863144989753,0.5923237658216294,23.664319132398465,0.37662337662337664,200
CC(F)(c1ccno1)c1nc(-c2ccc(C3CNCCC3CN3CNNC3C3CCCN3C(=O)CC3CCNCC3)s2)cs1,-0.47326510489216417,-46.81317235396027,-0.0,-47.28643745885243,0.27673489510783583,33.406586176980134,0.3146067415730337,200
O=C(CC1CCNCC1)N1CCCC1C1NNCN1CC1CCNCC1(c1nccs1)c1ccc(-c2ccc(CCF)cc2)cc1Cl,-0.5083509752714654,-75.47774609824009,-0.0,-75.98609707351156,0.2416490247285346,47.738873049120045,0.28735632183908044,200
O=C(CC1CCNCC1)N1CCCC1C1NNCN1CC1CCNCC1c1cc(CC(F)c2ccc(-c3cccs3)s2)on1,-0.49253899412349,-50.76722405181653,-0.0,-51.25976304594002,0.25746100587651,35.38361202590826,0.313953488372093,200
Cc1ccc(-c2csc(-c3ccc(C4NCCCC4CN4CNC5CCCNC54)s3)n2)s1,-0.26957074551579546,-31.845925587262883,-0.0,-32.115496332778676,0.48042925448420454,25.92296279363144,0.32894736842105265,200
O=C(C1CNN(C2CC(c3ncno3)CCN2)C1)N1CCCC1Cc1coc(-c2ccc(-c3ccccc3Cl)cc2)c1,-0.4419376684543191,-72.69304181005174,-0.0,-73.13497947850605,0.3080623315456809,46.34652090502587,0.3372093023255814,200
O=C(C1CNN(C2CC(c3ncno3)CCN2)C1)N1CCCC1c1ccc(C2C(c3ccccc3)CCC2c2ccoc2)cc1Cl,-0.5089975428668164,-56.393717019137114,-0.0,-56.90271456200393,0.24100245713318358,38.19685850956856,0.313953488372093,200
CC1CCCCC1C(c1ccc(C2CCCC23C(C(=O)NCC2CCCN2)c2ccccc2C(=O)N3C2C=CC=CC2)cc1)c1cccc(Cl)c1,-0.5037939427168527,-37.41080037762929,-0.0,-37.91459432034615,0.2462060572831473,28.705400188814647,0.358974358974359,200
CC1CCCCC1c1ccc(Cc2ccc(C3C4CC(c5ccccc5)NN4CCCN3C(=O)CCS(=O)(=O)C3=CC=CC4NCCC4C3)cc2Cl)cc1,-0.5222691755895629,-54.18894796396563,-0.0,-54.711217139555195,0.22773082441043715,37.094473981982816,0.33707865168539325,200
CC(F)c1ccc(C(C)(F)c2ccc(C3N(C(=O)COc4ccccc4)CC(C4NCON4)C34CCOCC4)cc2)c(Cl)c1,-0.44750474561425546,-62.559069762201176,-0.0,-63.00657450781543,0.30249525438574454,41.27953488110059,0.43023255813953487,200
S=Cc1ccc(-c2csc(-c3cc(C4C=CCC(C5NCCN6CCNC56)C4)on3)n2)s1,-0.3321403675225707,-37.89645930452051,-0.0,-38.22859967204308,0.4178596324774293,28.948229652260256,0.3333333333333333,200
O=C(CC1(N2CC=CC2)CCOCC1)NC1NNC(C2CCCCC2)[SH]1c1coc(-c2csc(-c3ccc(C4CCCC4)s3)n2)c1,-0.6114877959847391,-46.483080554378645,-0.0,-47.09456835036338,0.13851220401526085,33.24154027718932,0.3516483516483517,200
CC(F)(Cc1ccc(C2CN(c3ccccc3)CCN2C2=NCCN2C(=O)c2ccccc2)cc1Cl)c1ccccc1,-0.506784242172615,-67.79521627059188,-0.0,-68.3020005127645,0.243215757827385,43.89760813529594,0.3333333333333333,200
c1sc(-c2ccc(C3CCCNC3)s2)nc1-c1ccc(C2C3CNCC2CNC3)s1,-0.2125402366937751,-39.464274989274024,-0.0,-39.6768152259678,0.5374597633062249,29.732137494637012,0.2714285714285714,200
O=C1NC(=O)C2NCC(=O)C2(N2CCOCC2Cc2ccc(-c3ccc(-c4ccccc4Cl)s3)s2)N1,-0.29198293372415934,-71.89124006128114,-0.0,-72.1832229950053,0.45801706627584066,45.94562003064057,0.4235294117647059,200
O=C1N(CC2CC2)NC2C(c3ccc(-c4ccc(-c5cc(N6CCCCC6)no5)s4)s3)CCCCN12,-0.3431527746915544,-36.142675390472796,-0.0,-36.48582816516435,0.4068472253084456,28.071337695236398,0.36046511627906974,200
O=C(C1CNN(C2CC(c3ncno3)CCN2)C1)N1CCCC1c1cccc(-c2ccc(C3CCCC3c3cccc(Cl)c3)s2)c1,-0.5304461867645007,-60.19975062305369,-0.0,-60.73019680981819,0.21955381323549933,40.099875311526844,0.2808988764044944,200
CC(F)c1ccc(-c2cc(-c3coc(C4NCCCC4CN4CNC5CCCNC54)c3)co2)s1,-0.30754170257673075,-35.35341001239219,-0.0,-35.66095171496892,0.44245829742326925,27.676705006196094,0.3717948717948718,200
Cc1ccc(C(C)(F)c2ccc(C3C4CC(c5ccccc5)NN4CCCN3C(=O)CCS(=O)(=O)C3=CC=CC4NCCC4C3)cc2)cc1Cl,-0.4909646242949969,-52.88346863315439,-0.0,-53.37443325744939,0.2590353757050031,36.4417343165772,0.3125,200
O=C1NC(=O)C2NCC(=O)C2(N2CCOCC2c2ccc(C3CCCCC3c3cc(-c4ccco4)co3)c(Cl)c2)N1,-0.33664673060380035,-60.77128202523468,-0.0,-61.107928755838486,0.41335326939619965,40.38564101261734,0.425,200
O=C1NC(c2ccccc2)NC2C1CCNC2c1ccc(Cc2ccc(C3CCCCC3)cc2)c(Cl)c1,-0.3810626204049519,-42.321745803531535,-0.0,-42.70280842393649,0.3689373795950481,31.160872901765767,0.30985915492957744,200
CN(C)c1nc(-c2ccc(-c3cc(N4CCC5CC=CCC54)co3)cc2)cs1,-0.21435951484352989,-33.21653878260028,-0.0,-33.43089829744381,0.5356404851564701,26.60826939130014,0.3939393939393939,200
O=Cc1csc(-c2ccc(-c3coc(C4C=CCC(C5=CCC(N6CCOCC6)NN5)C4)c3)s2)n1,-0.3930604796252103,-34.516052681756044,-0.0,-34.909113161381256,0.3569395203747897,27.258026340878022,0.35802469135802467,200
O=S(=O)(c1ccccc1)N1CC(C2NC(Cc3ccccc3)NO2)C1c1ccc(CC(F)c2ccc(C3CCCCC3)s2)cc1Cl,-0.572597738469692,-76.27045237246992,-0.0,-76.84305011093961,0.177402261530308,48.13522618623496,0.2403846153846154,200
O=C(CCS(=O)(=O)C1=CC=CC2NCCC2C1)N1CCCN2NC(c3ccccc3)CC2C1c1ccc(C2CCCCC2c2ccc(C3CCCC3)cc2)cc1,-0.52382139374822,-53.810568348983736,-0.0,-54.33438974273196,0.22617860625178002,36.90528417449187,0.3,200
CC(F)CC(F)(c1ccccc1)c1ccc(C2C(CC3NCNN3)CN2C(=O)Nc2ccccc2)cc1Cl,-0.46140038547516854,-50.625774332038304,-0.0,-51.08717471751347,0.28859961452483146,35.31288716601915,0.24719101123595505,200
O=C(CC1CCNCC1)N1CCCC1C1NNCN1CC1CCNCC1c1ccc(Cc2ccc(-c3ccco3)s2)s1,-0.4637803412386709,-45.96969000988257,-0.0,-46.43347035112124,0.2862196587613291,32.984845004941285,0.345679012345679,200
O=C1NC(=O)C2NCC(=O)C2(N2CCOCC2Cc2ccc(-c3ccc(-c4cccc(Cl)c4)s3)s2)N1,-0.29198293372415934,-71.19210492142398,-0.0,-71.48408785514813,0.45801706627584066,45.59605246071199,0.4117647058823529,200
CC(F)c1ccc(-c2csc(-c3csc(C4C=CCC(C5=CCC(N6CCOCC6)NN5)C4)n3)n2)s1,-0.38431628708454807,-35.20869496736904,-0.0,-35.593011254453586,0.36568371291545193,27.60434748368452,0.30952380952380953,200
O=C(C1CNN(C2CC(c3ncno3)CCN2)C1)N1CCCC1Nc1ccc(C2CCCC2c2cccs2)c(Cl)c1,-0.4040348895621783,-70.31057523900509,-0.0,-70.71461012856727,0.3459651104378217,45.155287619502545,0.28888888888888886,200
CC(F)c1nc(-c2csc(-c3ccc(N4CCC5CC=CCC54)cc3)n2)cs1,-0.2916460000815305,-33.36665625650534,-0.0,-33.658302256586865,0.4583539999184695,26.68332812825267,0.2857142857142857,200
Clc1ccccc1N(c1ccc(C2C=CCC(CN3CCNc4ccccc43)C2)cc1)C1CCCC1,-0.4053270932182318,-40.09991680526688,-0.0,-40.50524389848511,0.3446729067817682,30.04995840263344,0.36231884057971014,200
Clc1cc(-c2cc(-c3cc(C4CCCC4)no3)no2)ccc1C1C2CNCC1CNC2,-0.1428246288251963,-35.24490926773253,-0.0,-35.38773389655773,0.6071753711748037,27.622454633866266,0.30985915492957744,200
CNCc1ccc(-c2coc(-c3coc(C4C=CCC(CN5CCC(CCC6NC(C7CCOCC7)NO6)CC5)N4)c3)c2)s1,-0.5470523642044767,-34.84523680320835,-0.0,-35.39228916741283,0.2029476357955233,27.422618401604176,0.37349397590361444,200
O=C(CC1CCNCC1)N1CCCC1C1NNCN1CC1CCNCC1c1ccc(-c2cc(-c3cccc(C4CCCC4)c3)no2)s1,-0.5100699497500069,-42.89674077406555,-0.0,-43.40681072381555,0.23993005024999317,31.448370387032774,0.3253012048192771,200
O=C1Nc2ccccc2OCC1CC(=O)N1CCN(C2CCCCN2)CC1c1ccc(CC(F)c2ccc(-c3ccco3)cc2)cc1Cl,-0.543294808347981,-73.31666517830564,-0.0,-73.85995998665362,0.20670519165201892,46.65833258915282,0.4675324675324675,200
S=C(c1cc(-c2csc(-c3ccccc3)n2)on1)C1C=CCC(C2=CCC(N3CCOCC3)NN2)C1,-0.4768009560789458,-45.268675488322884,-0.0,-45.74547644440183,0.2731990439210542,32.63433774416144,0.32558139534883723,200
O=C(CC1CCNCC1)N1CCCC1C1NNCN1CC1CCNCC1c1cc(-c2coc(-c3ccc(CCF)s3)c2)no1,-0.48361486620182415,-43.245553203367585,-0.0,-43.72916806956941,0.26638513379817585,31.622776601683793,0.32941176470588235,200
CC(F)c1coc(Cc2ccc(C3CN(c4ccccc4)CCN3C3=NCCN3C(=O)c3ccccc3)c(Cl)c2)c1,-0.4978250105916442,-73.33809511662427,-0.0,-73.83592012721591,0.2521749894083558,46.66904755831214,0.4027777777777778,200
CC(F)C1(c2csc(-c3nc(-c4cccc(Cl)c4)cs3)n2)C=CCC(C2=CCC(N3CCOCC3)NN2)C1,-0.4059110556983236,-36.674509261219015,-0.0,-37.08042031691734,0.3440889443016764,28.337254630609507,0.3068181818181818,200
O=C(CC1CCNCC1)N1CCCC1C1NNCN1CC1CCNCC1c1cc(-c2coc(-c3ccc(C4CCCC4)s3)c2)co1,-0.5144868818232096,-45.4828221749796,-0.0,-45.99730905680281,0.23551311817679038,32.7414110874898,0.35443037974683544,200
O=C(CCN1CCCN1)N1CCCC1CCC1NCCN1CC1CC1CC(F)c1coc(-c2cc(-c3cscn3)no2)c1,-0.4651563617871851,-41.70899448216605,-0.0,-42.174150843953235,0.2848436382128149,30.854497241083024,0.29411764705882354,200
O=C(CCS(=O)(=O)C1=CC=CC2NCCC2C1)N1CCCN2NC(c3ccccc3)CC2C1c1ccc(C(=S)Cc2ccccc2)cc1,-0.5336266748453161,-64.970583144992,-0.0,-65.50420981983733,0.21637332515468388,42.485291572496,0.3,200
c1cc(-c2coc(-c3cc(C4CCCC4)on3)c2)cc(C2NCCCC2CN2CNC3CCCNC32)c1,-0.3237315645683662,-32.3450093132096,-0.0,-32.66874087777797,0.4262684354316338,26.1725046566048,0.3717948717948718,200
Cc1ccc(C(C)(F)c2ccc(C3N(C(=O)COc4ccccc4)CC(C4NCON4)C34CCOCC4)c(Cl)c2)cc1Cl,-0.430528779592591,-68.02272433866155,-0.0,-68.45325311825414,0.319471220407409,44.01136216933077,0.43023255813953487,200
CC(F)(c1ccc(CCF)c(Cl)c1)c1ccc(C2C(C3NC(Cc4ccccc4)NO3)CN2S(=O)(=O)c2ccccc2)c(Cl)c1,-0.5620639865258299,-84.70912090166739,-0.0,-85.27118488819322,0.18793601347417008,52.354560450833695,0.2647058823529412,200
O=C(CC1CCNCC1)N1CCCC1C1NNCN1CC1CCNCC1c1cccc(-c2coc(-c3coc(C=S)c3)c2)c1,-0.4877572513251282,-47.764297384389664,-0.0,-48.25205463571479,0.2622427486748718,33.88214869219483,0.35802469135802467,200
CS(=O)(=O)c1cc(-c2coc(C3(c4cccs4)C=CCC(C4=CCC(N5CCOCC5)NN4)C3)c2)on1,-0.2992238824566449,-44.49806198638839,-0.0,-44.79728586884504,0.4507761175433551,32.2490309931942,0.3157894736842105,200
Cc1coc(-c2csc(-c3ccc(C4CCCCN5C(=O)N(CC6CC6)NC45)s3)n2)c1,-0.21172947590528735,-25.607017003965517,-0.0,-25.818746479870804,0.5382705240947127,22.80350850198276,0.35365853658536583,200
C1=CC(c2ccc(-c3ccccc3)c(-c3cc(N4CCOCC4)ccn3)c2)CC(C2NCCN3CCNC23)C1,-0.26763932184003075,-69.59910713840847,-0.0,-69.8667464602485,0.48236067815996925,44.799553569204235,0.3918918918918919,200
O=C1NC(c2ccccc2)NC2C1CCNC2c1ccc(-c2ccc(C3CCCCC3C3CCCC3)c(Cl)c2)c(Cl)c1,-0.4756391927518221,-53.53910524340094,-0.0,-54.01474443615276,0.2743608072481779,36.76955262170047,0.2916666666666667,200
CC(F)(c1csc(-c2ccc(-c3ccccc3Cl)s2)n1)C1C(CCCN2CCCO2)CCCN1C(=O)C1CCOC1,-0.5001991581742414,-46.4529909033446,-0.0,-46.95319006151884,0.24980084182575857,33.2264954516723,0.3793103448275862,200
C1=CC(Nc2csc(-c3cc(-c4cccs4)co3)n2)CC(C2=CCC(N3CCOCC3)NN2)C1,-0.33065984419497835,-33.925875050851054,-0.0,-34.25653489504603,0.41934015580502165,26.962937525425527,0.32926829268292684,200
C=CC(c1cccs1)c1ccc(C2CN(c3ccccc3)CCN2C2=NCCN2C(=O)c2ccccc2)cc1Cl,-0.5162254507853398,-72.21713506718802,-0.0,-72.73336051797337,0.23377454921466023,46.10856753359401,0.3026315789473684,200
Cc1csc(-c2ccc(-c3csc(C4CC4CN4CCNC4CCC4CCCN4C(=O)CCN4CCCN4)n3)s2)n1,-0.43419174309507585,-39.93329625508679,-0.0,-40.367487998181865,0.31580825690492415,29.966648127543394,0.27848101265822783,200
CC(F)c1ccc(-c2csc(-c3ccc(C4NCCCC4CN4CNC5CCCNC54)s3)n2)s1,-0.3532626184996578,-31.845925587262883,-0.0,-32.19918820576254,0.3967373815003422,25.92296279363144,0.31645569620253167,200
CNCc1csc(-c2ccc(-c3ccc(C4C=CCC(C5NCCN6CCNC56)C4)s3)s2)n1,-0.3143025824469998,-28.98979485566356,-0.0,-29.30409743811056,0.4356974175530002,24.49489742783178,0.3380281690140845,200
Clc1ccccc1C1CCCC(c2cscn2)C1c1cccc(C2C=CCC(CN3CCNc4ccccc43)C2)c1,-0.5195680552974273,-61.65782265037441,-0.0,-62.17739070567184,0.23043194470257267,40.82891132518721,0.3424657534246575,200
O=C(Nc1ccccc1)N1CC(CC2NCNN2)C1c1ccc(Cc2cccc(C3CCCCC3)c2)s1,-0.4366766357944818,-53.15736463268753,-0.0,-53.594041268482016,0.3133233642055182,36.578682316343766,0.25,200
O=C1CCCC1CCNC(=O)C1NC(c2ccccc2)N2C(c3ccc(Cc4ccc(C5CCCCC5)cc4)cc3)CCCCC12,-0.4955826134087922,-31.068581339214816,-0.0,-31.56416395262361,0.2544173865912078,25.534290669607408,0.3918918918918919,200
O=C1CC2C(CCCC2c2ccc(-c3cc(-c4coc(C5CCCC5)c4)co3)s2)NN1,-0.23929054195962107,-42.70566162636353,-0.0,-42.94495216832315,0.5107094580403789,31.352830813181765,0.32432432432432434,200
O=S(=O)(c1ccccc1)N1CC(C2NC(Cc3ccccc3)NO2)C1c1ccc(Cc2ccc(C3CCCC3)c(Cl)c2)cc1,-0.5402420929434765,-78.89388252060893,-0.0,-79.4341246135524,0.20975790705652356,49.44694126030446,0.24752475247524752,200
O=C1CCCC1CCNC(=O)C1NC(c2ccccc2)N2C(c3ccc(CCF)c(C4CCCC(c5ccccc5)C4)c3)CCCCC12,-0.5185943051557664,-50.142711667000725,-0.0,-50.66130597215649,0.23140569484423354,35.07135583350036,0.40789473684210525,200
O=C1CCCC1CCNC(=O)C1NC(c2ccccc2)N2C(c3ccc(Cc4ccc(C5CCCCC5)c(Cl)c4)cc3)CCCCC12,-0.5072449218436372,-31.22499389946279,-0.0,-31.732238821306424,0.24275507815636274,25.612496949731394,0.3835616438356164,200
O=C(CCN1CCCN1)N1CCCC1CCC1NCCN1CC1CC1c1csc(-c2csc(-c3ccc(C4CCCCC4)s3)n2)n1,-0.5305117911403446,-36.78027826631356,-0.0,-37.3107900574539,0.21948820885965536,28.39013913315678,0.27848101265822783,200
O=C1CCCC1CCNC(=O)C1NC(c2ccccc2)N2C(Cc3ccc(-c4cccc(C5CCCCCC5)c4)cc3)CCCCC12,-0.5173540968029173,-33.21653878260028,-0.0,-33.7338928794032,0.23264590319708273,26.60826939130014,0.3918918918918919,200
CC1CCCCC1C(c1ccccc1)c1ccc(C2C3CC(c4ccccc4)NN3CCCN2C(=O)CCS(=O)(=O)C2=CC=CC3NCCC3C2)cc1,-0.5166742837938193,-61.60882305241266,-0.0,-62.12549733620648,0.23332571620618073,40.80441152620633,0.34444444444444444,200
O=C(NC1=CCC2NC(=O)C3CCCN3C(=O)C2C1)C1=CCC(N2CNNN2)CC1c1ccc(-c2cc(C3CCCCC3c3ccno3)co2)c(Cl)c1,-0.5238250644570047,-70.97252332435328,-0.0,-71.49634838881028,0.2261749355429953,45.48626166217664,0.31521739130434784,200
c1oc(-c2cc(C3NCCCC3CN3CNC4CCCNC43)co2)cc1-c1nc(C2CCCCC2)cs1,-0.36554944945254825,-29.79959839195493,-0.0,-30.165147841407478,0.38445055054745175,24.899799195977465,0.37662337662337664,200
CC1CCCCC1c1cccc(C(C)(F)c2ccc(C3C4CC(c5ccccc5)NN4CCCN3C(=O)CCS(=O)(=O)C3=CC=CC4NCCC4C3)c(Cl)c2)c1,-0.5249656062645535,-53.972968035627716,-0.0,-54.49793364189227,0.2250343937354465,36.98648401781386,0.32608695652173914,200
CNCc1cc(-c2nc(-c3ccc(C4C5CNCC4CNC5)s3)cs2)co1,-0.13707530404670287,-37.54997827975264,-0.0,-37.68705358379934,0.6129246959532971,28.77498913987632,0.3424657534246575,200
CC(F)(c1cccc(CC2CSCCN2C(=O)CCNC2C(c3ccccc3)NC3CNCCN32)c1)c1ccco1,-0.39334470715584896,-59.799749373040015,-0.0,-60.19309408019586,0.35665529284415104,39.89987468652001,0.379746835443038,200
C1=CC(c2cc(-c3cc(-c4ccc(-c5ccoc5)s4)co3)no2)NC(CN2CCC(CCC3NC(C4CCOCC4)NO3)CC2)C1,-0.5862547388258682,-45.268675488322884,-0.0,-45.85493022714875,0.16374526117413177,32.63433774416144,0.35555555555555557,200
Cc1ccc(-c2ccc(C3(C4CCCC4)CCCCC4C(C(=O)NCCC5CCCC5=O)NC(c5ccccc5)N43)cc2)cc1,-0.47454028523998487,-35.02726596879042,-0.0,-35.5018062540304,0.27545971476001513,27.51363298439521,0.39436619718309857,200
C1=CC([NH+]2CCc3cc(-c4ccc(Cc5ccccc5)cc4)ccc3C2)CC(CN2CCNc3ccccc32)C1,-0.45615296488124296,-58.2559901860554,-0.0,-58.71214315093664,0.29384703511875704,39.1279950930277,0.36363636363636365,200
O=C(CCS(=O)(=O)C1=CC=CC2NCCC2C1)N1CCCN2NC(c3ccccc3)CC2C1c1ccc(C2CCCC2c2ccco2)c(C2CCCC2)c1,-0.5220452319558881,-57.74316690230724,-0.0,-58.26521213426312,0.22795476804411186,38.87158345115362,0.34444444444444444,200
O=C(CC1(N2CC=CC2)CCOCC1)NC1NNC(C2CCCCC2)[SH]1c1ccc(-c2ccc(-c3coc(CCF)c3)s2)s1,-0.6086576496142608,-43.71812928829596,-0.0,-44.32678693791022,0.1413423503857392,31.85906464414798,0.33707865168539325,200
O=C1CCCC1CCNC(=O)C1NC(c2ccccc2)N2C(c3cccc(C(c4ccccc4)c4ccccc4)c3)CCCCC12,-0.559453128412051,-47.616566017507864,-0.0,-48.176019145919916,0.190546871587949,33.80828300875393,0.3918918918918919,200
CC(F)(c1ccc(-c2ccco2)cc1)c1ccc(C2COCCN2C23NC(=O)NC(=O)C2NCC3=O)cc1,-0.2739250286264755,-63.88086790204308,-0.0,-64.15479293066956,0.4760749713735245,41.94043395102154,0.425,200
CC(F)c1nc(-c2nc(-c3ccc(C4C=CCC(CN5CCC(CCC6NC(C7CCOCC7)NO6)CC5)N4)s3)cs2)cs1,-0.5416765399581472,-33.32916650389353,-0.0,-33.87084304385168,0.2083234600418528,26.664583251946766,0.3333333333333333,200
O=CCNC1(c2ccc(-c3csc(-c4cccs4)n3)s2)C=CCC(C2=CCC(N3CCOCC3)NN2)C1,-0.4717790826310216,-31.22499389946279,-0.0,-31.69677298209381,0.2782209173689784,25.612496949731394,0.3333333333333333,200
CNCc1coc(-c2coc(-c3cc(C4C=CCC(C5=CCC(N6CCOCC6)NN5)C4)no3)c2)c1,-0.32659830665724227,-28.290785870598548,-0.0,-28.61738417725579,0.42340169334275773,24.145392935299274,0.3780487804878049,200
O=C1CC2C(CCCC2C(=S)c2nc(-c3ccc(-c4cccs4)s3)cs2)NN1,-0.3181070596060574,-46.60330322138685,-0.0,-46.92141028099291,0.4318929403939426,33.301651610693426,0.2597402597402597,200
O=C1NC(=O)C2NCC(=O)C2(N2CCOCC2c2ccc(Cc3ccc(-c4ccoc4)c(Cl)c3)s2)N1,-0.2817127548334849,-65.48684109265004,-0.0,-65.76855384748352,0.4682872451665151,42.74342054632502,0.4235294117647059,200
O=C(c1ccc(-c2coc(C3CCCCC3)c2)cc1)C1C=CCC(CN2CCNc3ccccc32)C1,-0.4599134801414137,-65.01764522732913,-0.0,-65.47755870747054,0.2900865198585863,42.50882261366456,0.4461538461538462,200
CC(F)(c1cccs1)C1CCCC1c1ccc(C2CN(c3ccccc3)CCN2C2=NCCN2C(=O)c2ccccc2)cc1Cl,-0.5379813032112803,-68.18163074019441,-0.0,-68.71961204340569,0.2120186967887197,44.090815370097204,0.33766233766233766,200
CC(F)c1ccc(CC(F)c2ccc(C3C(C4NC(Cc5ccccc5)NO4)CN3S(=O)(=O)c3ccccc3)cc2Cl)cc1,-0.5541011595108732,-79.43842315724842,-0.0,-79.9925243167593,0.19589884048912673,49.71921157862421,0.2376237623762376,200
C#Cc1cc(C2(c3ccc4c(c3)C3C=CCC3C(c3ccccc3)N4)C=CCC(CN3CCC(CCC4NC(C5CCOCC5)NO4)CC3)N2)co1,-0.6086545997777297,-43.02380502635492,-0.0,-43.63245962613265,0.1413454002222702,31.51190251317746,0.39759036144578314,200
CC(F)(Cc1ccccc1Cl)c1cccc(C2CN(c3ccccc3)CCN2C2=NCCN2C(=O)c2ccccc2)c1,-0.5067842421726151,-78.85342685005918,-0.0,-79.3602110922318,0.2432157578273849,49.42671342502959,0.3333333333333333,200
CC(F)C(c1ccccc1)c1ccc(C2CN(c3ccccc3)CCN2C2=NCCN2C(=O)c2ccccc2)c(Cl)c1,-0.5080609366218778,-76.76776322722355,-0.0,-77.27582416384543,0.24193906337812227,48.38388161361178,0.3333333333333333,200
O=C(NC1CCCC1C(=O)N1CCc2ccccc2C1)C1=CC=C[SH]1c1ccc(C2CCCC2c2coc(-c3ccco3)c2)cc1,-0.5486074691521402,-45.23802572120036,-0.0,-45.7866331903525,0.20139253084785982,32.61901286060018,0.3717948717948718,200
C=Cc1cc(-c2ccc(-c3ccc([SH]4C(NC(=O)CC5(N6CC=CC6)CCOCC5)NNC4C4CCCCC4)s3)s2)co1,-0.600060521080296,-43.71812928829596,-0.0,-44.31818980937626,0.14993947891970408,31.85906464414798,0.3409090909090909,200
O=C(CCN1CCCN1)N1CCCC1CCC1NCCN1CC1CC1c1nc(C(c2ccccc2)c2ccoc2)cs1,-0.4302105474221963,-73.74433316206373,-0.0,-74.17454370948592,0.3197894525778037,46.87216658103186,0.3037974683544304,200
CNCc1cc(-c2ccc(-c3ccc(C4C=CCC(C5=CCC(N6CCOCC6)NN5)C4)s3)s2)on1,-0.3711079051271954,-27.958315233127195,-0.0,-28.32942313825439,0.3788920948728046,23.979157616563597,0.36585365853658536,200
O=C(Nc1ccccc1)N1CC(CC2NCNN2)C1c1ccc(C2CCCC2c2ccc(C3CCCCC3)s2)c(Cl)c1,-0.529651890109106,-62.09750300709517,-0.0,-62.62715489720428,0.22034810989089404,41.048751503547585,0.25,200
O=C(c1cccc(-c2cc(-c3cccs3)on2)c1)C1CC1CN1CCNC1CCC1CCCN1C(=O)CCN1CCCN1,-0.45684889826660685,-47.438861200349464,-0.0,-47.89571009861607,0.29315110173339315,33.71943060017473,0.3170731707317073,200
C=Cc1ccc(-c2ccc(-c3nc(C4C(NC(=O)CCC5CCCCC5)CCN4C4CC(N5CCOCC5)CNN4)cs3)s2)s1,-0.5175211488003515,-46.90291473471092,-0.0,-47.42043588351127,0.2324788511996485,33.45145736735546,0.3411764705882353,200
Oc1ccc(C2C=CCC(CN3CCNc4ccccc43)C2)cc1C(=S)c1ccccc1,-0.4662549842884443,-36.32051136131489,-0.0,-36.78676634560334,0.2837450157115557,28.160255680657446,0.45588235294117646,200
Cc1ccc(-c2csc(-c3ccc([SH]4C(NC(=O)CC5(N6CC=CC6)CCOCC5)NNC4C4CCCCC4)cc3)n2)cc1,-0.5789580655230031,-57.5886589650833,-0.0,-58.1676170306063,0.17104193447699684,38.79432948254165,0.32954545454545453,200
Cc1cccc(C2CCCCC2c2ccc(C3NCCC4C(=O)NC(c5ccccc5)NC43)cc2Cl)c1,-0.37836980008135584,-57.84600182411425,-0.0,-58.22437162419561,0.37163019991864416,38.92300091205713,0.2916666666666667,200
CC1CCCCC1c1ccc(Cc2ccc(C3CCCC34C(C(=O)NCC3CCCN3)c3ccccc3C(=O)N4C3C=CC=CC3)cc2)c(Cl)c1,-0.5037222880584147,-38.787753826796276,-0.0,-39.29147611485469,0.24627771194158532,29.393876913398138,0.358974358974359,200
O=C(CCC1CCCCC1)NC1CCN(C2CC(N3CCOCC3)CNN2)C1c1cc(C2CCCC2c2csc(-c3cccs3)n2)co1,-0.5318877196892078,-42.44997998398398,-0.0,-42.98186770367319,0.21811228031079222,31.22498999199199,0.3855421686746988,200
O=C(CC1CCNCC1)N1CCCC1C1NNCN1CC1CCNCC1c1cccc(-c2nc(-c3ccc(C4CCCCC4)s3)cs2)c1,-0.5412800950010186,-42.6418390534633,-0.0,-43.18311914846432,0.20871990499898146,31.32091952673165,0.3,200
CNCc1nc(-c2ccc(-c3cc(C4C5CNCC4CNC5)co3)s2)cs1,-0.13707530404670287,-34.99090833947008,-0.0,-35.127983643516785,0.6129246959532971,27.49545416973504,0.3108108108108108,200
CC(F)c1ccc(Cc2ccc(C3C(CC4NCNN4)CN3C(=O)Nc3ccccc3)c(Cl)c2)cc1,-0.4110976558984223,-50.171219171395336,-0.0,-50.58231682729376,0.3389023441015777,35.08560958569767,0.24444444444444444,200
O=C(CC1(N2CC=CC2)CCOCC1)NC1NNC(C2CCCCC2)[SH]1c1csc(-c2ccc(-c3cc(CCF)co3)s2)n1,-0.5983597109487848,-50.79548008171143,-0.0,-51.393839792660216,0.15164028905121513,35.397740040855716,0.3333333333333333,200
O=C(C1CNN(C2CC(c3ncno3)CCN2)C1)N1CCCC1c1cccc(Cc2ccc(C3CCCCC3)s2)c1,-0.35720332531061216,-65.0411665018772,-0.0,-65.3983698271878,0.39279667468938784,42.5205832509386,0.3058823529411765,200
CC(F)c1coc(-c2ccc(-c3cc(C4NCCCC4CN4CNC5CCCNC54)no3)s2)c1,-0.2819022482742264,-32.15361924162119,-0.0,-32.43552148989542,0.4680977517257736,26.076809620810597,0.36585365853658536,200
C#Cc1ccc(C2C=CCC(CN3CCNc4ccccc43)C2)cc1Cc1ccccc1Cl,-0.41552639002676767,-38.378078077305695,-0.0,-38.793604467332464,0.33447360997323233,29.189039038652847,0.3563218390804598,200
O=C1N(CC2CC2)NC2C(c3ccc(C4CCCC4c4csc(-c5ccccc5)n4)s3)CCCCN12,-0.37367974588485564,-34.11099703387473,-0.0,-34.48467677975959,0.37632025411514436,27.055498516937366,0.3170731707317073,200
CNCC1(c2csc(-c3nc(-c4cccs4)cs3)n2)C=CCC(C2=CCC(N3CCOCC3)NN2)C1,-0.36769672709378076,-34.954526656136345,-0.0,-35.322223383230124,0.38230327290621924,27.477263328068172,0.35294117647058826,200
CC(F)c1cc(-c2ccc(C3CCCCC3)cc2)ccc1C1C2CC(c3ccccc3)NN2CCCN1C(=O)CCS(=O)(=O)C1=CC=CC2NCCC2C1,-0.5219285215299503,-57.252831663311866,-0.0,-57.77476018484182,0.22807147847004974,38.62641583165593,0.3118279569892473,200
C=Cc1coc(-c2ccc(CC3NCCC4C(=O)NC(c5ccccc5)NC34)cc2)c1,-0.1563640182917707,-55.09993342207434,-0.0,-55.25629744036611,0.5936359817082293,37.54996671103717,0.34285714285714286,200
CNCc1ccc(-c2csc(-c3cc(C4CC4CN4CCNC4CCC4CCCN4C(=O)CCN4CCCN4)co3)n2)s1,-0.49436404704777737,-33.925875050851054,-0.0,-34.42023909789883,0.25563595295222263,26.962937525425527,0.32098765432098764,200
Cc1cccc(Nc2ccc(C3C=CCC(CN4CCNc5ccccc54)C3)cc2)c1,-0.291955721446247,-44.34283176858165,-0.0,-44.6347874900279,0.458044278553753,32.17141588429082,0.38461538461538464,200
O=C(NCC1CCCO1)C1CCN(C2CNC(N3CCNCC3)NC2)CC1c1ccc(-c2cc(-c3ccc(C4CCCC4)cc3)no2)s1,-0.48360696082654975,-57.38216848861241,-0.0,-57.86577544943896,0.26639303917345025,38.691084244306204,0.38095238095238093,200
CC(C)(Oc1csc(-c2ccccc2Cl)n1)c1ccc(C2C3CNCC2CNC3)cc1,-0.2001295617983273,-43.245553203367585,-0.0,-43.44568276516591,0.5498704382016727,31.622776601683793,0.3287671232876712,200
CC1CCCCC1c1ccc(Cc2ccc(C3CCCC34C(C(=O)NCC3CCCN3)c3ccccc3C(=O)N4C3C=CC=CC3)cc2)cc1Cl,-0.5037222880584147,-37.41080037762929,-0.0,-37.914522665687706,0.24627771194158532,28.705400188814647,0.358974358974359,200
O=C(NC1CCCC1C(=O)N1CCc2ccccc2C1)C1=CC=C[SH]1c1ccc(C2CCCC2c2ccco2)c(-c2ccno2)c1,-0.5455179616293969,-46.9925368977769,-0.0,-47.5380548594063,0.2044820383706031,33.49626844888845,0.35365853658536583,200
Cc1ccc(Cc2ccc(C3C(CC4NCNN4)CN3C(=O)Nc3ccccc3)cc2)cc1,-0.28628154875668593,-50.8519583356734,-0.0,-51.138239884430085,0.46371845124331407,35.4259791678367,0.24705882352941178,200
O=C(CC1(N2CC=CC2)CCOCC1)NC1NNC(C2CCCCC2)[SH]1c1ccc(-c2ccc(-c3ccoc3)c(C3CCCCC3)c2)cc1,-0.6154175877038414,-54.91328320131217,-0.0,-55.52870078901601,0.13458241229615867,37.456641600656084,0.3448275862068966,200
S=CC(c1ccc(C2C=CCC(CN3CCNc4ccccc43)C2)cc1)c1cccc(Cl)c1,-0.45410730834292895,-30.714889332423866,-0.0,-31.168996640766796,0.29589269165707105,25.357444666211933,0.34782608695652173,200
O=C1NN(NCCN2CCNC2c2coc(-c3cc(-c4ccc(CCF)s4)no3)c2)C1CC1CC1,-0.3804448374743524,-36.0,-0.0,-36.38044483747435,0.3695551625256476,28.0,0.3,200
CC(F)c1ccc(-c2csc(-c3nc(C4CNCCC4CN4CNNC4C4CCCN4C(=O)CC4CCNCC4)cs3)n2)s1,-0.4891928761448368,-48.35202996254024,-0.0,-48.84122283868508,0.2608071238551632,34.17601498127012,0.30120481927710846,200
O=C(C1CNN(C2CC(c3ncno3)CCN2)C1)N1CCCC1c1ccc(Cc2ccc(-c3ccccc3)s2)cc1Cl,-0.4667443753068679,-60.99382692526635,-0.0,-61.460571300573214,0.2832556246931321,40.496913462633174,0.30337078651685395,200
CC(F)c1ccc2c(c1)OC(C1CCC(=O)N1Nc1ccccc1C1C=CCC(C3=CCC(N4CCOCC4)NN3)C1)CO2,-0.36693727280075067,-99.9333148045196,-0.0,-100.30025207732035,0.38306272719924933,59.9666574022598,0.4268292682926829,200
O=C(c1ccccc1)N1CCN=C1N1CCN(c2ccccc2)CC1c1ccc(C(CCF)c2ccccc2Cl)cc1Cl,-0.5373869917634906,-77.93875637356236,-0.0,-78.47614336532584,0.21261300823650944,48.96937818678118,0.3333333333333333,200
O=C1Nc2ccccc2OCC1CC(=O)N1CCN(C2CCCCN2)CC1c1ccc(Cc2coc(C3CCCCC3)c2)c(Cl)c1,-0.45876383704981194,-68.34025130143111,-0.0,-68.79901513848093,0.29123616295018806,44.170125650715555,0.47368421052631576,200
O=C(COc1ccccc1)N1CC(C2NCON2)C2(CCOCC2)C1c1ccc(C2C(c3ccccc3Cl)CCCC2C2CCCC2)cc1Cl,-0.506794808410902,-67.2238499494261,-0.0,-67.730644757837,0.2432051915890981,43.61192497471305,0.43023255813953487,200
O=C1N(CC2CC2)NC2C(c3ccc(-c4cc(-c5csc(C6CCCCC6)n5)no4)s3)CCCCN12,-0.36630960251772576,-32.11525688318153,-0.0,-32.481566485699254,0.38369039748227424,26.057628441590765,0.3411764705882353,200
O=C1NC(=O)C2NCC(=O)C2(N2CCOCC2c2ccc(-c3ccc(C(F)Cc4cccc(Cl)c4)cc3)s2)N1,-0.33139409602830733,-64.8999411071645,-0.0,-65.2313352031928,0.41860590397169267,42.44997055358225,0.4069767441860465,200
O=C1N(CC2CC2)NC2N1CCCCC2(Cl)c1ccc(-c2nc(-c3ccco3)cs2)s1,-0.27037394101828743,-28.0,-0.0,-28.27037394101829,0.47962605898171257,24.0,0.3181818181818182,200
O=C1N(CC2CC2)NC2C(c3ccc(Nc4coc(-c5ccncc5)c4)s3)CCCCN12,-0.22236979462473472,-38.92367945062494,-0.0,-39.14604924524967,0.5276302053752653,29.46183972531247,0.35294117647058826,200
O=C(CC1CCNCC1)N1CCCC1C1NNCN1CC1CCNCC1c1ccc(-c2cc(-c3coc(C4CCCC4)c3)no2)s1,-0.4973937461610045,-40.530983801686226,-0.0,-41.02837754784723,0.2526062538389955,30.265491900843113,0.3373493975903614,200
C=Cc1nnc(-c2ccc(-c3ccc(C4CCCC5NNC(=O)CC54)s3)s2)o1,-0.08810448356230838,-32.72570530585627,-0.0,-32.813809789418585,0.6618955164376916,26.362852652928137,0.27848101265822783,200
c1cc(-c2cc(-c3cc(C4CCCCC4)on3)on2)cc(C2NCCCC2CN2CNC3CCCNC32)c1,-0.32950919742336154,-36.815490845367165,-0.0,-37.14500004279053,0.42049080257663846,28.407745422683583,0.3670886075949367,200
S=Cc1ccc(-c2cc(-c3cc(C4C5CNCC4CNC5)co3)on2)s1,-0.07989211015288045,-40.530983801686226,-0.0,-40.61087591183911,0.6701078898471196,30.265491900843113,0.2898550724637681,200
Clc1cc(-c2nc(-c3csc(C4C=CCC(CN5CCC(CCC6NC(C7CCOCC7)NO6)CC5)N4)n3)cs2)ccc1C1CCCC1,-0.5664473017486229,-34.22176684690383,-0.0,-34.78821414865246,0.1835526982513771,27.110883423451916,0.3409090909090909,200
O=C(CC1CCNCC1)N1CCCC1C1NNCN1CC1CCNCC1c1nc(-c2ccc(Cc3ccccc3)s2)cs1,-0.46452233239939866,-46.483080554378645,-0.0,-46.94760288677804,0.28547766760060134,33.24154027718932,0.3,200
Clc1cccc(Sc2cc(-c3cc(C4C5CNCC4CNC5)co3)on2)c1,-0.06942457058900664,-34.258639865002145,-0.0,-34.32806443559115,0.6805754294109934,27.129319932501073,0.2702702702702703,200
O=C1CCCC1CCNC(=O)C1NC(c2ccccc2)N2C(c3ccc(-c4ccc(C5CCCCC5)c(C5CCCC5)c4)c(Cl)c3)CCCCC12,-0.5173704137948325,-31.845925587262883,-0.0,-32.36329600105771,0.2326295862051675,25.92296279363144,0.3835616438356164,200
C1=CCC2C(C1)CCN2c1cc(-c2ccc(-c3ccc(C4CCNCC4)s3)s2)on1,-0.25240055573773046,-29.59838707054898,-0.0,-29.85078762628671,0.49759944426226954,24.79919353527449,0.34210526315789475,200
CC(F)c1cccc(C(F)Cc2ccc(C3C(CC4NCNN4)CN3C(=O)Nc3ccccc3)cc2)c1,-0.42571344877080314,-58.48566748139433,-0.0,-58.91138093016513,0.32428655122919686,39.242833740697165,0.23863636363636365,200
Cc1ccc(-c2coc(-c3cc(C4COCCN4C45NC(=O)NC(=O)C4NCC5=O)on3)c2)s1,-0.24727392903843193,-73.57350052231668,-0.0,-73.8207744513551,0.5027260709615681,46.78675026115834,0.4069767441860465,200
CC(F)c1csc(-c2ccc(-c3csc(C4CNCCC4CN4CNNC4C4CCCN4C(=O)CC4CCNCC4)n3)s2)n1,-0.4891928761448368,-47.052218456960844,-0.0,-47.54141133310568,0.2608071238551632,33.52610922848042,0.30120481927710846,200
CC(F)c1ccc(-c2nc(-c3ccc(C4CC(N5CNNN5)CC=C4C(=O)NC4=CCC5NC(=O)C6CCCN6C(=O)C5C4)s3)cs2)cc1Cl,-0.5227214139602402,-64.40379138403677,-0.0,-64.926512797997,0.22727858603975984,42.20189569201838,0.30303030303030304,200
CC(F)(c1ccc(C2CCCCC2)cc1)c1ccc(C2C(C3NC(Cc4ccccc4)NO3)CN2S(=O)(=O)c2ccccc2)cc1Cl,-0.56152261706198,-80.73728207570423,-0.0,-81.29880469276621,0.18847738293802,50.368641037852115,0.25,200
C=Cc1ccc(Cc2ccc(C3CCCC34C(C(=O)NCC3CCCN3)c3ccccc3C(=O)N4C3C=CC=CC3)cc2Cl)c(Cl)c1,-0.49515334732126576,-45.665820637528014,-0.0,-46.16097398484928,0.25484665267873424,32.83291031876401,0.37333333333333335,200
O=C1CC2C(CCCC2c2csc(-c3csc(-c4cc(C5CCCNC5)co4)n3)n2)NN1,-0.2214643871839761,-31.146847410177685,-0.0,-31.36831179736166,0.5285356128160239,25.573423705088842,0.34615384615384615,200
O=C(C1CNN(C2CC(c3ncno3)CCN2)C1)N1CCCC1c1ccc(C(=S)c2ccc(C3CCCCC3)cc2)s1,-0.48123355835824105,-65.67379996241559,-0.0,-66.15503352077383,0.26876644164175895,42.83689998120779,0.29069767441860467,200
CC1CCCCC1c1ccc(Cc2ccc(C3CN(C4CCCCN4)CCN3C(=O)CC3COc4ccccc4NC3=O)c(Cl)c2)cc1,-0.4778655768509312,-60.09993757800315,-0.0,-60.57780315485408,0.2721344231490688,40.049968789001575,0.4675324675324675,200
CC(F)c1ccc(Cc2ccc(C3N(C(=O)COc4ccccc4)CC(C4NCON4)C34CCOCC4)cc2)cc1,-0.34925826953223144,-63.42661445845684,-0.0,-63.77587272798907,0.40074173046776856,41.71330722922842,0.43529411764705883,200
CC(F)(c1ccc(-c2ccoc2)s1)c1ccc(C2COCCN2C23NC(=O)NC(=O)C2NCC3=O)s1,-0.28494348506382944,-58.2559901860554,-0.0,-58.54093367111923,0.46505651493617056,39.1279950930277,0.4117647058823529,200
O=C(CCS(=O)(=O)C1=CC=CC2NCCC2C1)N1CCCN2NC(c3ccccc3)CC2C1c1ccc(Cc2ccccc2C2CCCC2)cc1,-0.5036415054922088,-52.993150363578636,-0.0,-53.49679186907085,0.24635849450779126,36.49657518178932,0.3111111111111111,200
S=Cc1ccc(-c2cc(-c3ccc(N4CCC5CC=CCC54)s3)on2)s1,-0.3533778006484874,-24.542114902640172,-0.0,-24.89549270328866,0.3966221993515126,22.271057451320086,0.30985915492957744,200
c1csc(-c2cc(-c3cc(C4(C5CCCC5)NCCCC4CN4CNC5CCCNC54)co3)on2)c1,-0.31613458375032377,-39.632206063502295,-0.0,-39.94834064725262,0.43386541624967623,29.816103031751148,0.35365853658536583,200
O=C(C1CNN(C2CC(c3ncno3)CCN2)C1)N1CCCC1c1ccc(C2CCCC2c2ccc(-c3cccs3)s2)c(Cl)c1,-0.532747870387356,-53.40299721401027,-0.0,-53.935745084397624,0.21725212961264395,36.701498607005135,0.29213483146067415,200
C=Cc1ccc(-c2ccc(-c3cc(C4C5CNCC4CNC5)on3)s2)c(Cl)c1,-0.1086201176458178,-39.49789912257407,-0.0,-39.60651924021989,0.6413798823541822,29.748949561287034,0.2638888888888889,200
CNCc1ccc(-c2nc(-c3nc(C4C=CCC(C5=CCC(N6CCOCC6)NN5)C4)cs3)cs2)cc1,-0.37184129394424015,-34.55272678794342,-0.0,-34.924568081887664,0.37815870605575985,27.27636339397171,0.35365853658536583,200
O=C(CC1(N2CC=CC2)CCOCC1)NC1NNC(C2CCCCC2)[SH]1c1ccc(-c2ccc(-c3ccc(C4CCCCC4)c(Cl)c3)cc2Cl)s1,-0.6209267845784757,-68.09086218218096,-0.0,-68.71178896675943,0.1290732154215243,44.04543109109048,0.31868131868131866,200
CC(F)c1ccc(Cc2ccc(C3C(C4NC(Cc5ccccc5)NO4)CN3S(=O)(=O)c3ccccc3)cc2Cl)cc1Cl,-0.5435781069720163,-83.01456207740729,-0.0,-83.55814018437931,0.20642189302798375,51.507281038703645,0.2376237623762376,200
O=C1N(CC2CC2)NC2C(c3cccc(-c4ccc(-c5ccc(C=S)s5)s4)c3)CCCCN12,-0.3635308385487749,-39.6992462263972,-0.0,-40.062777064945976,0.3864691614512251,29.8496231131986,0.32098765432098764,200
O=C(NC1=CCC2NC(=O)C3CCCN3C(=O)C2C1)C1=CCC(N2CNNN2)CC1c1ccc(-c2cc(C(F)Cc3cccs3)co2)cc1Cl,-0.5247612586978896,-66.13942186943211,-0.0,-66.66418312813,0.22523874130211047,43.069710934716056,0.3402061855670103,200
O=C(Nc1ccccc1)N1CC(CC2NCNN2)C1C(F)Cc1cccc(Cc2cccc(Cl)c2)c1,-0.39384679277863144,-63.018070322069036,-0.0,-63.41191711484767,0.35615320722136856,41.50903516103452,0.2111111111111111,200
CNCc1ccc(-c2nc(-c3coc(N4CCC5CC=CCC54)c3)cs2)s1,-0.16429330177178714,-23.634848458542855,-0.0,-23.799141760314644,0.5857066982282129,21.817424229271428,0.34285714285714286,200
CC(F)(c1ccc(Cc2ccccc2Cl)cc1)C1CN(c2ccccc2)CCN1C1=NCCN1C(=O)c1ccccc1,-0.49878217035803923,-65.88364221433555,-0.0,-66.38242438469359,0.25121782964196077,42.941821107167776,0.35135135135135137,200
CC(F)(c1ccccc1)C(C)(F)c1ccc(C2CN(c3ccccc3)CCN2C2=NCCN2C(=O)c2ccccc2)cc1Cl,-0.526837246915739,-67.79521627059188,-0.0,-68.32205351750761,0.2231627530842611,43.89760813529594,0.33783783783783783,200
O=C(NC1CCCC1C(=O)N1CCc2ccccc2C1)C1=CC=C[SH]1c1ccc(C2CCCC2c2ccc(-c3cccs3)s2)c(Cl)c1,-0.5610843221343329,-45.96969000988257,-0.0,-46.530774332016904,0.18891567786566707,32.984845004941285,0.325,200
Cc1ccc(-c2cc(-c3ccc([SH]4C(NC(=O)CC5(N6CC=CC6)CCOCC5)NNC4C4CCCCC4)s3)co2)s1,-0.5838475978098648,-43.71812928829596,-0.0,-44.30197688610583,0.16615240219013513,31.85906464414798,0.3563218390804598,200
CNCc1ccc(-c2coc(-c3nc(N4CCC5CC=CCC54)cs3)c2)s1,-0.16429330177178714,-23.77213725647858,-0.0,-23.93643055825037,0.5857066982282129,21.88606862823929,0.38028169014084506,200
O=C(NC1CCCC1C(=O)N1CCc2ccccc2C1)C1=CC=C[SH]1c1cc(-c2ccc(C(F)Cc3ccoc3)s2)on1,-0.5396381056965268,-45.87867636800242,-0.0,-46.41831447369894,0.2103618943034732,32.93933818400121,0.3488372093023256,200
O=C1CCCC1CCNC(=O)C1NC(c2ccccc2)N2C(c3ccc(Cc4ccccc4C4CCCCC4)cc3Cl)CCCCC12,-0.5072449218436372,-33.36665625650534,-0.0,-33.87390117834897,0.24275507815636274,26.68332812825267,0.3835616438356164,200
Clc1cc(-c2ccc(-c3nc(C4C5CNCC4CNC5)cs3)s2)ccc1C1CCCCC1,-0.3200659784848761,-38.412327466040935,-0.0,-38.73239344452581,0.4299340215151239,29.206163733020468,0.2777777777777778,200
CN(Cc1ccc(C2CCCCN3C(=O)N(CC4CC4)NC23)s1)c1ccc(-c2cccs2)s1,-0.3415264402618245,-35.06359959174482,-0.0,-35.40512603200664,0.4084735597381755,27.53179979587241,0.3170731707317073,200
O=C1CCCC1CCNC(=O)C1NC(c2ccccc2)N2C(c3ccc(Cc4ccc(C5CCCCC5)cc4)cc3)CCCCC12,-0.4955826134087922,-31.068581339214816,-0.0,-31.56416395262361,0.2544173865912078,25.534290669607408,0.3918918918918919,200
O=C(CC1CCNCC1)N1CCCC1C1NNCN1CC1CCNCC1c1ccc(-c2nc(-c3ccc(C4CCCC4)cc3)cs2)s1,-0.5268497713216371,-42.385895841928885,-0.0,-42.91274561325052,0.22315022867836293,31.192947920964443,0.3,200
Cc1cc(-c2nc(-c3ccc(C4NCCCC4CN4CNC5CCCNC54)s3)cs2)no1,-0.22676428144127136,-35.78530272392541,-0.0,-36.01206700536668,0.5232357185587286,27.892651361962706,0.3625,200
O=C1N(CC2CC2)NC2C(c3coc(-c4cc(C(=S)c5ccco5)co4)c3)CCCCN12,-0.33706179371010153,-32.230259428802384,-0.0,-32.56732122251248,0.41293820628989847,26.115129714401192,0.37037037037037035,200
c1cc(C2NCCCC2CN2CNC3CCCNC32)ccc1-c1csc(-c2ccc(C3CCCCC3)s2)n1,-0.4239941073739956,-33.55371135598354,-0.0,-33.97770546335753,0.3260058926260044,26.77685567799177,0.3157894736842105,200
O=C1NC(=O)C2NCC(=O)C2(N2CCOCC2c2cc(Cc3ccc(-c4cccs4)cc3Cl)co2)N1,-0.2817127548334849,-66.87922651589389,-0.0,-67.16093927072737,0.4682872451665151,43.439613257946945,0.4235294117647059,200
O=C(CCS(=O)(=O)C1=CC=CC2NCCC2C1)N1CCCN2NC(c3ccccc3)CC2C1c1ccc(C=CCc2ccccc2)cc1,-0.4642271094470895,-69.66604708583958,-0.0,-70.13027419528667,0.2857728905529105,44.83302354291979,0.3,200
CNCc1nc(-c2cc(-c3cc(C4C=CCC(N5CCCC5)C4)no3)co2)cs1,-0.1544565898588024,-42.44997998398398,-0.0,-42.60443657384278,0.5955434101411976,31.22498999199199,0.3472222222222222,200
C1=CC(Nc2cc(-c3cc(-c4cccs4)no3)no2)CC(C2=CCC(N3CCOCC3)NN2)C1,-0.29566921266701246,-35.20869496736904,-0.0,-35.504364180036056,0.45433078733298754,27.60434748368452,0.3258426966292135,200
CNCc1ccc(-c2ccc(-c3ccc(C4CCCCN5C(=O)N(CC6CC6)NC45)s3)s2)s1,-0.34051822042297747,-29.59838707054898,-0.0,-29.93890529097196,0.40948177957702253,24.79919353527449,0.32098765432098764,200
CC(F)c1cc(-c2cc(-c3ccc(C4C=CCC(C5NCCN6CCNC56)C4)s3)no2)on1,-0.2117396433041181,-35.24490926773253,-0.0,-35.45664891103665,0.5382603566958819,27.622454633866266,0.345679012345679,200
CC(F)C1CCCCC1c1ccc(-c2ccc(C3N(C(=O)COc4ccccc4)CC(C4NCON4)C34CCOCC4)s2)c(Cl)c1,-0.49040759736755357,-86.03772913449251,-0.0,-86.52813673186006,0.25959240263244643,53.018864567246254,0.42696629213483145,200
CNCc1cc(-c2nc(-c3ccc(C4C5CNCC4CNC5)s3)cs2)no1,-0.13953987227698472,-41.44916598294886,-0.0,-41.58870585522585,0.6104601277230153,30.72458299147443,0.3188405797101449,200
Cc1ccc(Cc2ccc(C3CCCCC4C(C(=O)NCCC5CCCC5=O)NC(c5ccccc5)N34)cc2)cc1,-0.40943730499083647,-31.068581339214816,-0.0,-31.47801864420565,0.34056269500916353,25.534290669607408,0.40540540540540543,200
O=C(C1CCOC1)N1CCCC(CCCN2CCCO2)C1c1nc(-c2ccc(-c3cc(CCF)no3)cc2Cl)cs1,-0.4831220207380643,-55.78918128598566,-0.0,-56.27230330672373,0.2668779792619357,37.89459064299283,0.367816091954023,200
O=C(C1CCOC1)N1CCC(OC2NOC(C3CNCCN3)N2)CC1c1ccc(C2CCCC(c3csc(-c4ccccc4)n3)C2)c(Cl)c1,-0.5011968802419466,-56.70723564306043,-0.0,-57.20843252330238,0.24880311975805333,38.353617821530214,0.37362637362637363,200
O=C1Nc2ccccc2OCC1CC(=O)N1CCN(C2CCCCN2)CC1c1ccc(C(F)Cc2ccccc2CCF)cc1,-0.4306442732695082,-59.39773296511683,-0.0,-59.82837723838634,0.3193557267304918,39.698866482558415,0.4875,200
CC(F)c1cc(-c2ccc(-c3ccc([SH]4C(NC(=O)CC5(N6CC=CC6)CCOCC5)NNC4C4CCCCC4)s3)s2)co1,-0.60768021704024,-43.71812928829596,-0.0,-44.3258095053362,0.14231978295976005,31.85906464414798,0.34444444444444444,200
O=C1N(CC2CC2)NC2C(c3cccc(-c4csc(-c5ccc(C6CCCC6)s5)n4)c3)CCCCN12,-0.38119659750969054,-33.103672189407014,-0.0,-33.48486878691671,0.36880340249030946,26.551836094703507,0.3170731707317073,200
CC(F)(c1ccco1)c1cc(-c2ccc(C3COCCN3C34NC(=O)NC(=O)C3NCC4=O)cc2)co1,-0.27082210434458864,-63.13843876330611,-0.0,-63.4092608676507,0.47917789565541136,41.569219381653056,0.425,200
CNCc1nc(-c2cc(-c3ccc(C4C=CCC(N5CCCC5)C4)c(Cl)c3)no2)cs1,-0.2686372714390601,-26.086874487211652,-0.0,-26.355511758650714,0.4813627285609399,23.043437243605826,0.35526315789473684,200
CC(F)c1ccc(-c2cc(-c3ccc(C4C(CCCN5CCCO5)CCCN4C(=O)C4CCOC4)s3)on2)s1,-0.4724350810704212,-44.74565622495459,-0.0,-45.21809130602501,0.2775649189295788,32.37282811247729,0.35714285714285715,200
O=C1NN(NCCN2CCNC2c2cccc(C(F)Cc3csc(-c4ccco4)n3)c2)C1CC1CC1,-0.38638451984026645,-38.0,-0.0,-38.38638451984026,0.36361548015973355,29.0,0.30337078651685395,200
Clc1ccccc1[NH2+]C1CCC(c2cccc(C3(c4ccc5c(c4)CC[NH2+]C5)C=CCC(CN4CCNc5ccccc54)C3)c2)C1,-0.5922786975821204,-108.54571171377131,-0.0,-109.13799041135343,0.1577213024178796,64.27285585688566,0.3333333333333333,200
N#Cc1cc(C2C=CCC(CN3CCNc4ccccc43)C2)ccc1S(=O)(=O)c1ccccc1,-0.2414707727385068,-47.70524351924303,-0.0,-47.946714291981536,0.5085292272614932,33.85262175962151,0.3375,200
Nc1cc(-c2ccc(-c3ccc(C4CC4CN4CCNC4CCC4CCCN4C(=O)CCN4CCCN4)s3)s2)no1,-0.45046253544935366,-37.3410847473258,-0.0,-37.791547282775156,0.29953746455064634,28.6705423736629,0.27380952380952384,200
C1=CC(c2cc(-c3ccc(Cc4ccoc4)cc3)no2)NC(CN2CCC(CCC3NC(C4CCOCC4)NO3)CC2)C1,-0.4726185349903669,-39.89991652748775,-0.0,-40.372535062478114,0.2773814650096331,29.949958263743873,0.37209302325581395,200
O=C(NC1CCCC1C(=O)N1CCc2ccccc2C1)C1=CC=C[SH]1c1cccc(CC(F)c2ccc(-c3nccs3)cc2)c1,-0.555245257431064,-47.675697262754525,-0.0,-48.230942520185586,0.19475474256893593,33.83784863137726,0.3333333333333333,200
O=S(=O)(c1ccccc1)N1CC(C2NC(Cc3ccccc3)NO2)C1c1ccc(Cc2ccc(CCF)cc2)cc1,-0.47505283039097856,-83.22790320451152,-0.0,-83.7029560349025,0.27494716960902144,51.61395160225576,0.25510204081632654,200
O=C1CCCC1CCNC(=O)C1NC(c2ccccc2)N2C(c3ccc(-c4cccc(C5CCCCC5)c4)cc3C3CCOC3)CCCCC12,-0.512163887660557,-38.34380858325929,-0.0,-38.855972470919845,0.23783611233944305,29.171904291629644,0.46153846153846156,200
Cc1ccc(C(C)(F)c2ccc(C3CN(c4ccccc4)CCN3C3=NCCN3C(=O)c3ccccc3)cc2)cc1,-0.4669281650358007,-74.42457307290302,-0.0,-74.89150123793881,0.2830718349641993,47.21228653645151,0.3333333333333333,200
CC(F)c1cc(-c2ccc(-c3ccc([SH]4C(NC(=O)CC5(N6CC=CC6)CCOCC5)NNC4C4CCCCC4)s3)s2)co1,-0.60768021704024,-43.71812928829596,-0.0,-44.3258095053362,0.14231978295976005,31.85906464414798,0.34444444444444444,200
Cc1ccc(-c2ccc(-c3cc(C4CCCCN5C(=O)N(CC6CC6)NC45)no3)s2)cc1,-0.20007690861096505,-40.56401571890688,-0.0,-40.76409262751785,0.549923091389035,30.28200785945344,0.35714285714285715,200
CC(c1ccc(C2CN(c3ccccc3)CCN2C2=NCCN2C(=O)c2ccccc2)cc1)c1ccccc1Cl,-0.47685541818982713,-74.31860898041276,-0.0,-74.79546439860259,0.27314458181017287,47.15930449020638,0.3380281690140845,200
Cc1coc(-c2ccc(-c3coc([SH]4C(NC(=O)CC5(N6CC=CC6)CCOCC5)NNC4C4CCCCC4)c3)s2)c1,-0.5706283375457218,-43.71812928829596,-0.0,-44.28875762584168,0.17937166245427819,31.85906464414798,0.3522727272727273,200
O=C(CC1(N2CC=CC2)CCOCC1)NC1NNC(C2CCCCC2)[SH]1c1ccc(-c2ccc(C3CCCCC3c3ccccc3Cl)s2)s1,-0.6196359079067368,-47.527772064536535,-0.0,-48.14740797244327,0.1303640920932632,33.76388603226827,0.31868131868131866,200
O=C(C1CNN(C2CC(c3ncno3)CCN2)C1)N1CCCC1c1ccc(Cc2coc(C3CCCC3)c2)cc1,-0.30146367322623213,-64.2852300228219,-0.0,-64.58669369604814,0.44853632677376787,42.14261501141095,0.34146341463414637,200
O=C(CCS(=O)(=O)C1=CC=CC2NCCC2C1)N1CCCN2NC(c3ccccc3)CC2C1Cc1ccc(Cc2cccc(Cl)c2)cc1,-0.4629215579371782,-50.39886362719217,-0.0,-50.86178518512935,0.2870784420628218,35.199431813596085,0.2872340425531915,200
Clc1cccc(C2(c3ccc(Cc4ccccc4)s3)NCCCC2CN2CNC3CCCNC32)c1,-0.3192762411491392,-50.25667228100119,-0.0,-50.57594852215033,0.4307237588508608,35.12833614050059,0.3,200
O=C(C1CCOC1)N1CCCC(CCCN2CCCO2)C1c1ccc(S(=O)(=O)c2ccc(-c3cccs3)s2)cc1,-0.4519443220635598,-47.29041536504289,-0.0,-47.74235968710645,0.2980556779364402,33.645207682521445,0.30434782608695654,200
C1=CC(c2cc(-c3coc(-c4ccc(C5CCCCC5)cc4)c3)on2)NC(CN2CCC(CCC3NC(C4CCOCC4)NO3)CC2)C1,-0.5555270531572369,-37.86190456595773,-0.0,-38.417431619114964,0.19447294684276303,28.930952282978865,0.37209302325581395,200
O=C(C1CCOC1)N1CCCC(CCCN2CCCO2)C1c1ccc(-c2ccc(-c3ccc(C4CCCC4)s3)s2)cc1Cl,-0.5156765280947804,-47.616566017507864,-0.0,-48.132242545602644,0.23432347190521968,33.80828300875393,0.38271604938271603,200
C1=CC(c2nnc(-c3ccc(C4CCCC4c4ccco4)cc3)o2)CC(C2NCCN3CCNC23)C1,-0.2399061600141703,-37.96550698475775,-0.0,-38.205413144771924,0.5100938399858297,28.982753492378876,0.35064935064935066,200
C=Cc1cc(-c2cc(-c3ccc(C4NCCN4CCNN4NC(=O)C4CC4CC4)s3)no2)co1,-0.3430946953987075,-35.42562584220407,-0.0,-35.768720537602775,0.4069053046012925,27.712812921102035,0.3,200
CN(C)C1(c2ccc(-c3coc(-c4cccs4)c3)s2)NCCN1CCNN1NC(=O)C1CC1CC1,-0.3652530728098318,-43.71812928829596,-0.0,-44.08338236110579,0.3847469271901682,31.85906464414798,0.3409090909090909,200
CC(F)S1(c2ccc(-c3cc(-c4ccco4)co3)s2)C=CC=C1C(=O)NC1CCCC1C(=O)N1CCc2ccccc2C1,-0.5218345562569615,-54.672618810377884,-0.0,-55.194453366634846,0.22816544374303843,37.33630940518894,0.37037037037037035,200
CC1CCCCC1c1cc(C2CNCCC2CN2CNNC2C2CCCN2C(=O)CC2CCNCC2)ccc1-c1ccc(-c2cccs2)s1,-0.5606053391023647,-54.081036709808544,-0.0,-54.64164204891091,0.18939466089763535,37.04051835490427,0.35443037974683544,200
O=C(CCN1CCCN1)N1CCCC1CCC1NCCN1CC1CC1c1cc(-c2ccc(-c3csc(C4CCCCC4)n3)s2)on1,-0.5157863824137263,-40.728905802755904,-0.0,-41.24469218516963,0.23421361758627363,30.364452901377952,0.3048780487804878,200
Sc1ccc(-c2cc(-c3cc(C4C=CCC(C5=CCC(N6CCOCC6)NN5)C4)on3)no2)s1,-0.3976508534073641,-29.59838707054898,-0.0,-29.996037923956344,0.3523491465926359,24.79919353527449,0.3411764705882353,200
CC(F)(c1cccc(Cl)c1)c1nc(-c2ccc([SH]3C(NC(=O)CC4(N5CC=CC5)CCOCC4)NNC3C3CCCCC3)s2)cs1,-0.6119290350936432,-46.51315659326356,-0.0,-47.125085628357205,0.13807096490635684,33.25657829663178,0.3118279569892473,200
CN(C)c1cc(-c2coc(-c3cc(N4CCC5CC=CCC54)on3)c2)co1,-0.1312202648123828,-27.958315233127195,-0.0,-28.08953549793958,0.6187797351876172,23.979157616563597,0.3472222222222222,200
O=C(Nc1ccccc1)N1CC(CC2NCNN2)C1c1ccc(C2CCCC(c3cccc(Cl)c3)C2C2CCCCC2)c(Cl)c1,-0.5427923014918358,-77.34474818910365,-0.0,-77.88754049059548,0.20720769850816423,48.67237409455183,0.25842696629213485,200
O=C(NC1CCCC1C(=O)N1CCc2ccccc2C1)C1=CC=C[SH]1c1csc(-c2cccc(C(F)Cc3cccc(Cl)c3)c2)n1,-0.5648164959713029,-56.446059414465566,-0.0,-57.010875910436866,0.18518350402869707,38.22302970723278,0.3253012048192771,200
O=C(NC1CCCC1C(=O)N1CCc2ccccc2C1)C1=CC=C[SH]1c1coc(Cc2ccc(C3CCCC3)cc2)c1,-0.45857305953450933,-51.860976892886725,-0.0,-52.319549952421234,0.29142694046549067,35.93048844644336,0.40789473684210525,200
CC(F)(c1ccc(Cc2ccccc2Cl)cc1Cl)C1CSCCN1C(=O)CCNC1C(c2ccccc2)NC2CNCCN21,-0.47066295377935735,-53.457470688827826,-0.0,-53.928133642607186,0.27933704622064265,36.72873534441391,0.35,200
O=C(CC1CCNCC1)N1CCCC1C1NNCN1CC1CCNCC1c1ccc(-c2ccc(-c3ccc(C4CCCCC4)s3)s2)s1,-0.556587287893875,-45.4828221749796,-0.0,-46.03940946287348,0.19341271210612498,32.7414110874898,0.3076923076923077,200
CN(Cc1ccc(-c2cc(C3CCCC4NNC(=O)CC43)on2)s1)c1cccs1,-0.1188236463295983,-37.96550698475775,-0.0,-38.08433063108735,0.6311763536704017,28.982753492378876,0.3875,200
O=C1NN(NCCN2CCNC2c2ccc(-c3csc(Nc4cccs4)n3)s2)C1CC1CC1,-0.41217717197274956,-42.609903369994115,-0.0,-43.022080541966865,0.33782282802725044,31.304951684997057,0.26136363636363635,200
O=C(CC1CCNCC1)N1CCCC1C1NNCN1CC1CCNCC1c1cccc(CC(F)c2ccc(-c3ccon3)s2)c1,-0.489847657695242,-43.40346993658943,-0.0,-43.893317594284674,0.260152342304758,31.701734968294716,0.3023255813953488,200
CNCc1cc(-c2cc(-c3cc(N4CCC5CC=CCC54)on3)co2)no1,-0.06309736802163235,-27.41307836451879,-0.0,-27.476175732540423,0.6869026319783677,23.706539182259394,0.3783783783783784,200
CC1CCCCC1c1ccc(Cc2cccc(C3CCCC34C(C(=O)NCC3CCCN3)c3ccccc3C(=O)N4C3C=CC=CC3)c2)cc1Cl,-0.5037222880584147,-36.60388679233962,-0.0,-37.107609080398035,0.24627771194158532,28.30194339616981,0.358974358974359,200
C=CC1(c2nc(-c3ccc(-c4cccs4)c(Cl)c3)cs2)C=CCC(C2=CCC(N3CCOCC3)NN2)C1,-0.4123601098274318,-50.68238818828917,-0.0,-51.0947482981166,0.3376398901725682,35.34119409414458,0.3068181818181818,200
O=C(C1CCOC1)N1CCC(OC2NOC(C3CNCCN3)N2)CC1c1ccc(CC(F)c2ccc(-c3ccco3)cc2)s1,-0.4664539902827592,-56.419892698171196,-0.0,-56.886346688453955,0.2835460097172408,38.2099463490856,0.38636363636363635,200
CNCc1csc(-c2cc(-c3ccc(C4C=CCC(N5CCCC5)C4)c(Cl)c3)on2)n1,-0.2686372714390601,-28.290785870598548,-0.0,-28.55942314203761,0.4813627285609399,24.145392935299274,0.3466666666666667,200
Cc1ccc(C(F)Cc2cccc(C3C=CCC(CN4CCNc5ccccc54)C3)c2)cc1,-0.3432107637080439,-55.259550888907114,-0.0,-55.60276165261516,0.4067892362919561,37.62977544445356,0.3787878787878788,200
Cc1ccc(Cc2cccc(C3CCCCC4C(C(=O)NCCC5CCCC5=O)NC(c5ccccc5)N34)c2)cc1Cl,-0.45236793790497126,-35.17245689653489,-0.0,-35.62482483443986,0.29763206209502874,27.586228448267445,0.3783783783783784,200
Cc1ccc(C2CCCCC2c2ccc(C3CN(c4ccccc4)CCN3C3=NCCN3C(=O)c3ccccc3)cc2Cl)s1,-0.5260869764246527,-67.54427451295716,-0.0,-68.07036148938181,0.22391302357534731,43.77213725647858,0.32432432432432434,200
O=C(CCC1CCCCC1)NC1CCN(C2CC(N3CCOCC3)CNN2)C1c1ccc(-c2ccc(-c3ccc(C4CCCCC4)s3)s2)s1,-0.554353037549582,-39.02541825349483,-0.0,-39.57977129104441,0.19564696245041802,29.512709126747414,0.35802469135802467,200
CC(F)c1nc(-c2ccc(-c3cc(C4C5CNCC4CNC5)on3)s2)cs1,-0.06392404736222923,-43.71812928829596,-0.0,-43.78205333565819,0.6860759526377708,31.85906464414798,0.2753623188405797,200
O=C(CC1CCNCC1)N1CCCC1C1NNCN1CC1CCNCC1c1ccc(Cc2ccc(-c3cccs3)s2)cc1,-0.4745173805557759,-43.02380502635492,-0.0,-43.498322406910695,0.2754826194442241,31.51190251317746,0.3076923076923077,200
O=C(c1ccccc1)N1CCN=C1N1CCN(c2ccccc2)CC1c1ccc(Cc2cccc(CCF)c2)c(Cl)c1,-0.5092054782647681,-75.35197952848173,-0.0,-75.86118500674651,0.2407945217352318,47.67598976424087,0.3333333333333333,200
O=C(C1CNN(C2CC(c3ncno3)CCN2)C1)N1CCCC1c1cccc(C2C(c3cccc(Cl)c3)CCCC2c2cccs2)c1,-0.535109981268234,-59.774682700716525,-0.0,-60.30979268198476,0.21489001873176602,39.88734135035826,0.2808988764044944,200
CC(F)c1ccc(C(C)(F)c2ccc(C3CN(c4ccccc4)CCN3C3=NCCN3C(=O)c3ccccc3)cc2Cl)cc1,-0.5283876780236924,-75.35197952848173,-0.0,-75.88036720650543,0.22161232197630765,47.67598976424087,0.33783783783783783,200
CC(F)c1cc(-c2ccc(-c3ccc(C4CCCCN5C(=O)N(CC6CC6)NC45)s3)s2)on1,-0.31255529342731425,-37.271284253105414,-0.0,-37.58383954653273,0.43744470657268575,28.635642126552707,0.3333333333333333,200
Cc1coc(-c2ccc(-c3ccc([SH]4C(NC(=O)CC5(N6CC=CC6)CCOCC5)NNC4C4CCCCC4)s3)s2)c1,-0.5838475978098648,-43.71812928829596,-0.0,-44.30197688610583,0.16615240219013513,31.85906464414798,0.3563218390804598,200
O=C(NC1CCCC1C(=O)N1CCc2ccccc2C1)C1=CC=CS1(c1ccc(C2CCCCC2)cc1)c1cc(-c2ccccc2Cl)co1,-0.5400378346109509,-70.46546302318913,-0.0,-71.00550085780009,0.20996216538904905,45.232731511594565,0.35,200
O=C1NC(c2ccccc2)NC2C1CCNC2c1ccc(Cc2ccc(C3CCCCC3)c(Cl)c2)c(Cl)c1,-0.43018411425752795,-47.882250993908556,-0.0,-48.312435108166085,0.31981588574247205,33.94112549695428,0.30985915492957744,200
CC(F)c1ccc(-c2nc(-c3coc(C4C5CNCC4CNC5)c3)cs2)cc1Cl,-0.16007360415172245,-35.749439459065414,-0.0,-35.90951306321713,0.5899263958482776,27.874719729532707,0.2753623188405797,200
CC1CCCCC1Cc1ccc(C2(c3ccccc3)CN(c3ccccc3)CCN2C2=NCCN2C(=O)c2ccccc2)cc1Cl,-0.5348147465395288,-130.0266642967176,-0.0,-130.56147904325712,0.21518525346047124,75.0133321483588,0.35135135135135137,200
CNCc1csc(-c2csc(-c3ccc(C4C5CNCC4CNC5)s3)n2)n1,-0.15507885445344916,-40.92618484691127,-0.0,-41.08126370136472,0.5949211455465508,30.463092423455635,0.2876712328767123,200
O=S(=O)(c1ccccc1)N1CC(C2NC(Cc3ccccc3)NO2)C1c1ccc(C2CCCC(c3ccccc3)C2CCF)c(Cl)c1,-0.5697668066774045,-90.07270324653611,-0.0,-90.64247005321351,0.1802331933225955,55.036351623268054,0.2524271844660194,200
CC(F)c1ccc(-c2csc(-c3nc(C4CNCCC4CN4CNNC4C4CCCN4C(=O)CC4CCNCC4)cs3)n2)cc1,-0.4863115243435941,-51.2460525222275,-0.0,-51.73236404657109,0.2636884756564059,35.62302626111375,0.30120481927710846,200
O=C(CCS(=O)(=O)C1=CC=CC2NCCC2C1)N1CCCN2NC(c3ccccc3)CC2C1Cc1ccc(Cc2ccccc2)cc1,-0.42552057639980223,-50.8519583356734,-0.0,-51.27747891207321,0.32447942360019777,35.4259791678367,0.3,200
O=C(CCN1CCCN1)N1CCCC1CCC1NCCN1CC1CC1c1cc(-c2ccc(-c3cc(C4CCCCC4)co3)s2)on1,-0.5167372008970886,-43.84355879804947,-0.0,-44.36029599894656,0.2332627991029114,31.921779399024736,0.32098765432098764,200
O=C(c1ccccc1)N1CCN=C1N1CCN(c2ccccc2)CC1c1ccc(C=Cc2ccc(CCF)c(Cl)c2)cc1,-0.5400249519163929,-71.10433579144299,-0.0,-71.64436074335939,0.2099750480836071,45.552167895721496,0.3287671232876712,200
O=C(CCC1CCCCC1)NC1CCN(C2CC(N3CCOCC3)CNN2)C1c1coc(-c2ccc(-c3ccc(C4CCCCC4)s3)s2)c1,-0.5520296655438849,-39.02541825349483,-0.0,-39.57744791903871,0.19797033445611514,29.512709126747414,0.3950617283950617,200
O=C(C1CNN(C2CC(c3ncno3)CCN2)C1)N1CCCC1c1ccc(C2CCC(c3ccoc3)C2c2ccccc2)cc1,-0.47349466937366347,-55.126559883971794,-0.0,-55.60005455334546,0.27650533062633653,37.5632799419859,0.3170731707317073,200
O=C(NCC1CCCO1)C1CCN(C2CNC(N3CCNCC3)NC2)CC1c1cc(-c2cc(Cc3ccccc3)on2)co1,-0.46087522187315827,-57.89736837660179,-0.0,-58.35824359847495,0.28912477812684173,38.948684188300895,0.3924050632911392,200
CC1CCCCC1c1ccc(Cc2ccc(C3CCCC34C(C(=O)NCC3CCCN3)c3ccccc3C(=O)N4C3C=CC=CC3)cc2)cc1,-0.4968569921890937,-37.271284253105414,-0.0,-37.76814124529451,0.2531430078109063,28.635642126552707,0.3783783783783784,200
Cc1ccccc1C(F)Cc1cc(C2CCCCC3C(C(=O)NCCC4CCCC4=O)NC(c4ccccc4)N23)co1,-0.44997794332364094,-46.18156843109719,-0.0,-46.63154637442083,0.30002205667635906,33.090784215548595,0.38666666666666666,200
O=C(NCC1CCCO1)C1CCN(C2CNC(N3CCNCC3)NC2)CC1c1cc(-c2ccc(C3CCCCC3c3ccccc3Cl)s2)co1,-0.5211840721101964,-58.35815209663893,-0.0,-58.87933616874913,0.2288159278898037,39.179076048319466,0.39759036144578314,200
O=S(=O)(c1ccccc1)N1CC(C2NC(Cc3ccccc3)NO2)C1c1ccc(C2CCCCC2c2ccc(C3CCCC3)cc2Cl)cc1Cl,-0.570309638867375,-81.92153844992725,-0.0,-82.49184808879463,0.1796903611326251,50.96076922496363,0.24509803921568626,200
O=C(NCC1CCCO1)C1CCN(C2CNC(N3CCNCC3)NC2)CC1c1ccc(-c2cc(-c3ccc(C4CCCCC4)s3)co2)s1,-0.5075996969889496,-57.40800992145451,-0.0,-57.915609618443455,0.24240030301105048,38.704004960727254,0.3924050632911392,200
O=C(C1CCOC1)N1CCCC(CCCN2CCCO2)C1c1ccc(C2CCOC2c2ccc(-c3ccoc3)c(Cl)c2)s1,-0.5062243423160161,-41.28621378417825,-0.0,-41.79243812649427,0.2437756576839839,30.643106892089126,0.3902439024390244,200
O=C1NC(=O)C2NCC(=O)C2(N2CCOCC2c2ccc(Cc3ccc(-c4cccs4)s3)cc2)N1,-0.26006150300282016,-57.045441137032896,-0.0,-57.30550264003571,0.48993849699717984,38.52272056851645,0.43209876543209874,200
C=CC(F)(Cc1ccc(C2CN(c3ccccc3)CCN2C2=NCCN2C(=O)c2ccccc2)cc1Cl)c1nccs1,-0.5298214329799465,-73.08061022576076,-0.0,-73.61043165874071,0.22017856702005342,46.54030511288038,0.2962962962962963,200
c1nc(-c2ccc(-c3cc(C4NCCCC4CN4CNC5CCCNC54)on3)cc2C2CCCCC2)cs1,-0.36277399899264084,-42.19324722186485,-0.0,-42.556021220857495,0.38722600100735916,31.096623610932426,0.3625,200
O=C(CCN1CCCN1)N1CCCC1CCC1NCCN1CC1CC1c1ccc(C=Cc2csc(-c3ccco3)n2)s1,-0.4617199519144341,-42.0644825967316,-0.0,-42.52620254864603,0.2882800480855659,31.0322412983658,0.3125,200
O=C1N(CC2CC2)NC2C(c3coc(-c4coc(-c5nc(CCF)cs5)c4)c3)CCCCN12,-0.25097648249159527,-33.81449618829484,-0.0,-34.065472670786434,0.49902351750840473,26.90724809414742,0.3411764705882353,200
O=CCNc1ccc(C(c2ccccc2)C2C=CCC(CN3CCNc4ccccc43)C2)cc1,-0.42158913863536696,-72.69304181005174,-0.0,-73.11463094868711,0.32841086136463304,46.34652090502587,0.3939393939393939,200
O=C(NCC1CCCN1)C1c2ccccc2C(=O)N(C2C=CC=CC2)C12CCCC2c1ccc(Cc2ccc(C3CCCC3)cc2Cl)cc1,-0.4981364247833021,-38.787753826796276,-0.0,-39.28589025157958,0.2518635752166979,29.393876913398138,0.3783783783783784,200
Cc1coc(Cc2ccc(C3CCCCC4C(C(=O)NCCC5CCCC5=O)NC(c5ccccc5)N34)cc2)c1,-0.38326307778965285,-29.759421218498915,-0.0,-30.142684296288568,0.36673692221034715,24.879710609249457,0.4084507042253521,200
C1=CC(c2ccc(-c3cscn3)cc2)(c2cc(C3CC3)on2)NC(CN2CCC(CCC3NC(C4CCOCC4)NO3)CC2)C1,-0.5000482794663604,-44.124878167525594,-0.0,-44.62492644699196,0.2499517205336396,32.0624390837628,0.3448275862068966,200
CC(F)c1cc(C2CSCCN2C(=O)CCNC2C(c3ccccc3)NC3CNCCN32)ccc1C(C)(F)c1cccs1,-0.4581978157064801,-61.2896057316063,-0.0,-61.74780354731278,0.2918021842935199,40.64480286580315,0.3625,200
Cc1cc(-c2csc(-c3csc(C4C5CNCC4CNC5)n3)n2)on1,-0.0147770026639229,-47.49814812274482,-0.0,-47.51292512540874,0.7352229973360771,33.74907406137241,0.2876712328767123,200
O=C(NC1=CCC2NC(=O)C3CCCN3C(=O)C2C1)C1=CCC(N2CNNN2)CC1c1ccc(-c2ccc(C3CCCCC3c3ccccc3Cl)cc2)s1,-0.5600102353787948,-64.71127433818948,-0.0,-65.27128457356828,0.18998976462120526,42.35563716909474,0.3020833333333333,200
C=Cc1ccc(-c2ccc(-c3cc([SH]4C(NC(=O)CC5(N6CC=CC6)CCOCC5)NNC4C4CCCCC4)on3)s2)cc1Cl,-0.6049763748637513,-48.992753242641356,-0.0,-49.59772961750511,0.1450236251362486,34.49637662132068,0.3125,200
O=C(C1CNN(C2CC(c3ncno3)CCN2)C1)N1CCCC1c1ccc(C2CCC(c3ccc(-c4ccoc4)s3)C2)cc1,-0.48909551678973096,-58.66384175718855,-0.0,-59.15293727397828,0.26090448321026904,39.331920878594275,0.3058823529411765,200
O=C(CCS(=O)(=O)C1=CC=CC2NCCC2C1)N1CCCN2NC(c3ccccc3)CC2C1c1ccc(-c2ccc(C3CCCCC3)cc2)cc1C1CCCC1,-0.5241214897343958,-57.252831663311866,-0.0,-57.776953153046264,0.22587851026560418,38.62641583165593,0.3111111111111111,200
O=C(Nc1ccccc1)N1CC(CC2NCNN2)C1Cc1ccc(C=Cc2ccccc2)cc1Cl,-0.39436716371101616,-66.04649905719582,-0.0,-66.44086622090683,0.35563283628898384,43.02324952859791,0.2222222222222222,200
Cc1ccccc1Cc1ccc(C2C3CC(c4ccccc4)NN3CCCN2C(=O)CCS(=O)(=O)C2=CC=CC3NCCC3C2)cc1Cl,-0.46632296481501206,-54.18894796396563,-0.0,-54.655270928780645,0.28367703518498794,37.094473981982816,0.3191489361702128,200
O=S(=O)(c1ccccc1)N1CC(C2NC(Cc3ccccc3)NO2)C1c1ccc(Cc2ccc(C3CCCC3)c(Cl)c2)cc1,-0.5402420929434765,-78.89388252060893,-0.0,-79.4341246135524,0.20975790705652356,49.44694126030446,0.24752475247524752,200
CNCc1ccc(-c2ccc(CC3C=CCC(CN4CCNc5ccccc54)C3)cc2)c(Cl)c1,-0.37845566918427853,-48.20557161991974,-0.0,-48.584027289104014,0.37154433081572147,34.10278580995987,0.3595505617977528,200
CC(F)C(c1ccccc1)c1cccc(C2C=CCC(CN3CCNc4ccccc43)C2)c1,-0.3407913217084709,-40.266076693277455,-0.0,-40.60686801498593,0.4092086782915291,30.133038346638727,0.3787878787878788,200
O=C(NC1=CCC2NC(=O)C3CCCN3C(=O)C2C1)C1=CCC(N2CNNN2)CC1c1ccc(CC(F)(c2ccccc2)c2cccc(Cl)c2)cc1,-0.52016648991924,-65.36978388165218,-0.0,-65.88995037157142,0.22983351008075997,42.68489194082609,0.3020833333333333,200
O=C1NC(c2ccccc2)NC2C1CCNC2c1ccc(-c2ccc(C3CCCC3)c(C3CCCC3)c2)cc1,-0.4132046179727561,-45.817930687617334,-0.0,-46.231135305590094,0.3367953820272439,32.90896534380867,0.29411764705882354,200
O=[SH](=O)c1ccc(C2NCCCC2CN2CNC3CCCNC32)c(-c2ccc(-c3cccs3)cc2Cl)c1,-0.41973802612322864,-61.067872798044974,-0.0,-61.4876108241682,0.33026197387677136,40.53393639902249,0.29347826086956524,200
Cc1ccc(C(C)(F)c2ccc(C3CN(c4ccccc4)CCN3C3=NCCN3C(=O)c3ccccc3)c(Cl)c2)cc1,-0.500602164600789,-76.76776322722355,-0.0,-77.26836539182435,0.24939783539921104,48.38388161361178,0.33783783783783783,200
O=C(NC1CCCC1C(=O)N1CCc2ccccc2C1)C1=CC=C[SH]1c1cccc(-c2cc(Cc3cccc(Cl)c3)co2)c1,-0.543462271431848,-56.81145747868608,-0.0,-57.35491975011793,0.20653772856815195,38.40572873934304,0.375,200
CC(F)c1cc(-c2ccc(-c3coc(C4NCCN4CCNN4NC(=O)C4CC4CC4)c3)s2)no1,-0.361612653496074,-36.0,-0.0,-36.361612653496074,0.388387346503926,28.0,0.3111111111111111,200
O=C(NC1=CCC2NC(=O)C3CCCN3C(=O)C2C1)C1=CCC(N2CNNN2)CC1c1ccc(CC(F)c2ccc(-c3cccs3)s2)cc1Cl,-0.5350382122332686,-63.30666239863412,-0.0,-63.841700610867385,0.21496178776673142,41.65333119931706,0.30927835051546393,200
Cc1ccc(C(F)Cc2ccc(C3C(C4NC(Cc5ccccc5)NO4)CN3S(=O)(=O)c3ccccc3)c(Cl)c2)cc1Cl,-0.5423319180060084,-82.70345661174214,-0.0,-83.24578852974815,0.20766808199399156,51.35172830587107,0.2376237623762376,200
Clc1cc(C2C=CCC(CN3CCNc4ccccc43)C2)ccc1C1CN(C2CCCC2)CCC1c1ccccc1,-0.44889885712858857,-47.022384320464155,-0.0,-47.471283177592746,0.30110114287141143,33.51119216023208,0.36231884057971014,200
CC(F)c1coc(-c2nc(-c3cc(C4C=CCC(CN5CCC(CCC6NC(C7CCOCC7)NO6)CC5)N4)no3)cs2)c1,-0.5089579688931649,-32.11525688318153,-0.0,-32.624214852074694,0.24104203110683503,26.057628441590765,0.3595505617977528,200
O=C1CCCC1CCNC(=O)C1NC(c2ccccc2)N2C1CCCCC2S(=O)c1ccc(-c2cc(C3CCCC3)co2)c(Cl)c1,-0.5029085648884799,-51.16178749862878,-0.0,-51.66469606351726,0.2470914351115201,35.58089374931439,0.36666666666666664,200
O=C1NC(=O)C2NCC(=O)C2(N2CCOCC2c2coc(-c3ccc(Cc4cccs4)cc3)c2)N1,-0.2502841909592092,-68.45337754998393,-0.0,-68.70366174094313,0.4997158090407908,44.22668877499196,0.43209876543209874,200
O=C(C1CCOC1)N1CCC(OC2NOC(C3CNCCN3)N2)CC1c1ccc(C2C(c3ccco3)CCCC2c2ccccc2Cl)cc1,-0.4944745495560631,-59.19595949289332,-0.0,-59.69043404244938,0.2555254504439369,39.59797974644666,0.3953488372093023,200
O=C(CC1(N2CC=CC2)CCOCC1)NC1NNC(C2CCCCC2)[SH]1c1coc(-c2ccc(C3CCCCC3c3ccccc3Cl)s2)c1,-0.6191462469597714,-47.527772064536535,-0.0,-48.14691831149631,0.13085375304022864,33.76388603226827,0.34065934065934067,200
O=C1N(CC2CC2)NC2C(c3ccc(-c4cc(-c5ccc(CCF)s5)no4)s3)CCCCN12,-0.29760417898908775,-28.82622246293481,-0.0,-29.123826641923895,0.45239582101091225,24.413111231467404,0.32558139534883723,200
O=C1N(CC2CC2)NC2C(c3ccc(-c4coc(C(=S)c5ccoc5)c4)s3)CCCCN12,-0.3730459825155019,-32.230259428802384,-0.0,-32.60330541131788,0.3769540174844981,26.115129714401192,0.35802469135802467,200
C1=CC(Oc2nnc(-c3ccc(-c4ccccc4)s3)o2)CC(C2=CCC(N3CCOCC3)NN2)C1,-0.25385490036319974,-42.609903369994115,-0.0,-42.863758270357316,0.49614509963680026,31.304951684997057,0.37362637362637363,200
C1=CCC2C(C1)CCN2c1nc(-c2cc(-c3cccc(C4CCCNC4)c3)no2)cs1,-0.19636892959849617,-26.086874487211652,-0.0,-26.283243416810148,0.5536310704015038,23.043437243605826,0.3291139240506329,200
O=C(CCS(=O)(=O)C1=CC=CC2NCCC2C1)N1CCCN2NC(c3ccccc3)CC2C1c1cccc(C(CCF)c2ccccc2Cl)c1,-0.5157868324413326,-55.28612089887484,-0.0,-55.80190773131618,0.2342131675586674,37.64306044943742,0.29473684210526313,200
Cc1ccc(C2CCOC2c2ccc(C3C=CCC(CN4CCNc5ccccc54)C3)cc2Cl)s1,-0.3932598961356093,-49.79971346646059,-0.0,-50.1929733625962,0.3567401038643907,34.899856733230294,0.4444444444444444,200
CC(F)c1coc(-c2ccc(-c3nc(C4C(CCCN5CCCO5)CCCN4C(=O)C4CCOC4)cs3)s2)c1,-0.4724350810704212,-51.888803022445714,-0.0,-52.361238103516136,0.2775649189295788,35.94440151122286,0.35294117647058826,200
C=Cc1csc(-c2nc(-c3csc(C4CC4CN4CCNC4CCC4CCCN4C(=O)CCN4CCCN4)n3)cs2)n1,-0.4510564075012555,-40.663003552412405,-0.0,-41.11405995991366,0.2989435924987445,30.331501776206203,0.25925925925925924,200
C1=CC(c2ccc(Cc3cccc(N4CCOCC4)c3)cc2)CC(CN2CCNc3ccccc32)C1,-0.3172400798036964,-37.688820407423826,-0.0,-38.00606048722752,0.4327599201963036,28.844410203711913,0.43373493975903615,200
O=C(NC1CCCC1C(=O)N1CCc2ccccc2C1)C1=CC=C[SH]1Cc1ccc(-c2nc(-c3nccs3)cs2)cc1,-0.5225002637339486,-56.733304373003506,-0.0,-57.25580463673745,0.22749973626605136,38.36665218650175,0.34615384615384615,200
O=C(c1ccccc1)N1CCN=C1N1CCN(c2ccccc2)CC1CC(F)c1ccc(Cc2cccc(Cl)c2)cc1,-0.5145664007617046,-61.975606127676784,-0.0,-62.490172528438485,0.23543359923829538,40.98780306383839,0.3194444444444444,200
O=C1CCCC1CCNC(=O)C1NC(c2ccccc2)N2C(c3ccc(C(F)Cc4ccccc4C4CCCC4)s3)CCCCC12,-0.5168413062830577,-46.18156843109719,-0.0,-46.698409737380246,0.23315869371694226,33.090784215548595,0.375,200
CC(F)(c1ccoc1)c1nc(-c2coc([SH]3C=CC=C3C(=O)NC3CCCC3C(=O)N3CCc4ccccc4C3)c2)cs1,-0.5288737185118542,-40.69596362197407,-0.0,-41.22483734048593,0.22112628148814578,30.347981810987037,0.34523809523809523,200
Clc1cccc(-c2ccc(-c3ccc(SC4C5CNCC4CNC5)s3)s2)c1,-0.19724008320920117,-43.245553203367585,-0.0,-43.44279328657679,0.5527599167907988,31.622776601683793,0.22388059701492538,200
O=C(CCN1CCCN1)N1CCCC1CCC1NCCN1CC1CC1c1coc(-c2ccc(-c3nc(C4CCCCC4)cs3)s2)c1,-0.5310563228870363,-39.295868321494375,-0.0,-39.826924644381414,0.21894367711296372,29.647934160747187,0.31645569620253167,200
O=C1NC(=O)C2NCC(=O)C2(N2CCOCC2c2ccc(-c3cc(C(F)Cc4cccc(Cl)c4)co3)s2)N1,-0.3249212314449847,-64.92349498224858,-0.0,-65.24841621369357,0.4250787685550153,42.46174749112429,0.4069767441860465,200
O=C(C1CNN(C2CC(c3ncno3)CCN2)C1)N1CCCC1c1ccc(C(F)(Cc2cccs2)C2CCCC2)cc1,-0.383840724092781,-71.41115905621152,-0.0,-71.7949997803043,0.366159275907219,45.70557952810576,0.28888888888888886,200
C1=CC(c2ccc(-c3cc(-c4ccco4)no3)s2)(C2CC2)NC(CN2CCC(CCC3NC(C4CCOCC4)NO3)CC2)C1,-0.509532358847815,-35.09990925582364,-0.0,-35.609441614671454,0.240467641152185,27.54995462791182,0.34782608695652173,200
FC(Cc1ccc(C2C=CCC(CN3CCNc4ccccc43)C2)c(C=S)c1)c1ccccc1,-0.46128877657794626,-49.9714227381436,-0.0,-50.43271151472155,0.28871122342205374,34.9857113690718,0.36764705882352944,200
FC(Cc1ccc(C2C=CCC(CN3CCNc4ccccc43)C2)c(Cl)c1)c1ccc(Oc2ccccc2)cc1,-0.5297061348135425,-47.64613810115105,-0.0,-48.1758442359646,0.22029386518645755,33.823069050575526,0.4367816091954023,200
CN(C)c1csc(-c2coc(-c3ccc(C4C5CNCC4CNC5)s3)c2)n1,-0.05092883433818396,-40.0,-0.0,-40.05092883433819,0.699071165661816,30.0,0.3188405797101449,200
Cc1cc(-c2ccc(C3CCCCC3C)cc2)ccc1C1CCCCC2C(C(=O)NCCC3CCCC3=O)NC(c3ccccc3)N12,-0.4890550343436508,-30.0,-0.0,-30.48905503434365,0.2609449656563492,25.0,0.3783783783783784,200
CC(F)c1coc(C(C)(F)c2ccc(C3N(C(=O)COc4ccccc4)CC(C4NCON4)C34CCOCC4)c(Cl)c2)c1,-0.42749732274504526,-68.52118390532291,-0.0,-68.94868122806795,0.32250267725495474,44.26059195266146,0.43023255813953487,200
O=C(C1CNN(C2CC(c3ncno3)CCN2)C1)N1CCCC1c1ccc(C2CCCCC2c2ccc(-c3ccccc3Cl)s2)cc1,-0.5392063310220213,-58.38367176906169,-0.0,-58.922878100083715,0.21079366897797872,39.191835884530846,0.29213483146067415,200
c1oc(-c2ccc(-c3csc(C4NCCCC4CN4CNC5CCCNC54)n3)s2)cc1C1CCCC1,-0.3687918137790621,-30.91168824543142,-0.0,-31.280480059210483,0.3812081862209379,25.45584412271571,0.35526315789473684,200
O=C(CC1CCNCC1)N1CCCC1C1NNCN1CC1CCNCC1c1coc(-c2nc(-c3ccc(C4CCCCC4)c(Cl)c3)cs2)c1,-0.5504964211302412,-39.464274989274024,-0.0,-40.014771410404265,0.19950357886975872,29.732137494637012,0.32954545454545453,200
O=C1Nc2ccccc2OCC1CC(=O)N1CCN(C2CCCCN2)CC1c1cccc(Cc2ccc(C3CCCC3)c(Cl)c2)c1,-0.4563611101429963,-65.22910301065006,-0.0,-65.68546412079306,0.2936388898570037,42.61455150532503,0.4810126582278481,200
c1cc(-c2csc(C3CCCCC3c3ccc(C4NCCCC4CN4CNC5CCCNC54)cc3)n2)co1,-0.3777742698487962,-36.462376853972415,-0.0,-36.84015112382121,0.3722257301512038,28.231188426986208,0.35526315789473684,200
CN(C)c1cc(-c2nc(-c3csc(C4C=CCC(N5CCCC5)C4)n3)cs2)no1,-0.20927780860716516,-51.860976892886725,-0.0,-52.07025470149389,0.5407221913928348,35.93048844644336,0.3150684931506849,200
O=C(NCC1CCCO1)C1CCN(C2CNC(N3CCNCC3)NC2)CC1c1coc(-c2cc(-c3ccccc3C3CCCCC3)co2)c1,-0.4921857386601131,-58.968348089598535,-0.0,-59.46053382825865,0.2578142613398869,39.48417404479927,0.42857142857142855,200
S=Cc1coc(-c2ccc(-c3cc(C4C5CNCC4CNC5)co3)cc2Cl)c1,-0.1435094203002384,-45.23802572120036,-0.0,-45.3815351415006,0.6064905796997616,32.61901286060018,0.30158730158730157,200
O=C(c1ccccc1)N1CCN=C1N1CCN(c2ccccc2)CC1c1ccc(C(F)CCc2ccccc2Cl)cc1,-0.5207800384043865,-76.39502061828712,-0.0,-76.9158006566915,0.22921996159561356,48.19751030914356,0.3333333333333333,200
CN(C)c1ccc(-c2nc(-c3ccc(C4CC4CN4CCNC4CCC4CCCN4C(=O)CCN4CCCN4)s3)cs2)s1,-0.4737092713267862,-34.36910887627275,-0.0,-34.84281814759953,0.2762907286732138,27.184554438136374,0.2926829268292683,200
O=C(CCS(=O)(=O)C1=CC=CC2NCCC2C1)N1CCCN2NC(c3ccccc3)CC2C1c1ccc(C2C(c3ccccc3)CCCC2C2CCCCC2)cc1,-0.524603377186394,-61.70679286326198,-0.0,-62.231396240448376,0.225396622813606,40.85339643163099,0.3,200
C1=CCC2C(C1)CCN2c1cc(-c2cc(-c3ccc(C4CCCNC4)s3)no2)co1,-0.20021882779353495,-20.987803063838392,-0.0,-21.188021891631927,0.549781172206465,20.493901531919196,0.34615384615384615,200
CNCC1(c2ccc(-c3csc(-c4ccccc4Cl)n3)s2)C=CCC(N2CCCC2)C1,-0.33056179220272724,-29.03060268852505,-0.0,-29.361164480727776,0.41943820779727276,24.515301344262525,0.3333333333333333,200
O=C(CCNC1C(c2ccccc2)NC2CNCCN21)N1CCSCC1c1ccc(Cc2ccc(C3CCCC3)c(Cl)c2)cc1,-0.4873842516553911,-51.66589146867567,-0.0,-52.15327572033106,0.2626157483446089,35.832945734337834,0.34615384615384615,200
Cc1cccc(C(F)Cc2ccc(C3C(C4NC(Cc5ccccc5)NO4)CN3S(=O)(=O)c3ccccc3)cc2Cl)c1,-0.5150993862804503,-79.43842315724842,-0.0,-79.95352254352888,0.23490061371954976,49.71921157862421,0.2376237623762376,200
CNCc1nc(-c2cc(-c3ccc(C4C=CCC(N5CCCC5)C4)cc3)no2)cs1,-0.1864333554346681,-40.266076693277455,-0.0,-40.45251004871212,0.5635666445653319,30.133038346638727,0.3472222222222222,200
Cc1ccc(Cc2ccc(C3N(C(=O)COc4ccccc4)CC(C4NCON4)C34CCOCC4)cc2)cc1,-0.27434679291791936,-63.42661445845684,-0.0,-63.70096125137476,0.47565320708208064,41.71330722922842,0.4431818181818182,200
O=C1NC(=O)C2NCC(=O)C2(N2CCOCC2c2ccc(Cc3ccc(-c4ccccc4)c(Cl)c3)s2)N1,-0.2867413520874508,-69.30845424706443,-0.0,-69.59519559915188,0.4632586479125492,44.654227123532216,0.4235294117647059,200
c1ccc(-c2nc(-c3ccc(NC4NCCCC4CN4CNC5CCCNC54)s3)cs2)cc1,-0.32615201626868895,-40.266076693277455,-0.0,-40.59222870954614,0.42384798373131105,30.133038346638727,0.3037974683544304,200
O=C(NC1=CCC2NC(=O)C3CCCN3C(=O)C2C1)C1=CCC(N2CNNN2)CC1c1ccc(Cc2coc(C3CCCC3)c2)cc1,-0.4380782932773301,-84.03845442911962,-0.0,-84.47653272239695,0.3119217067226699,52.01922721455981,0.35714285714285715,200
S=C(c1ccc(-c2nc(-c3cccc(Cl)c3)cs2)s1)C1C=CCC(C2NCCN3CCNC23)C1,-0.4964536214328088,-35.46169849544819,-0.0,-35.958152116880996,0.2535463785671912,27.730849247724095,0.28205128205128205,200
O=C1Nc2ccccc2OCC1CC(=O)N1CCN(C2CCCCN2)CC1c1cc(-c2ccc(C(F)Cc3ccoc3)cc2)co1,-0.5066597616980993,-74.23375191511798,-0.0,-74.74041167681608,0.24334023830190063,47.11687595755899,0.48,200
O=C1N(CC2CC2)NC2C(c3nc(Cc4ccc(-c5cccs5)s4)cs3)CCCCN12,-0.2524970159285869,-35.281099844341014,-0.0,-35.533596860269604,0.4975029840714131,27.640549922170507,0.3048780487804878,200
Clc1cccc(-c2nc(Sc3cc(C4C=CCC(C5NCCN6CCNC56)C4)on3)cs2)c1,-0.26403385896842163,-43.74950980203691,-0.0,-44.013543661005336,0.48596614103157837,31.874754901018456,0.30864197530864196,200
O=C1CCCC1CCNC(=O)C1NC(c2ccccc2)N2C(c3ccc(-c4ccccc4)c(C4CCOC4CCF)c3)CCCCC12,-0.507728766892692,-37.79273310719956,-0.0,-38.30046187409225,0.242271233107308,28.89636655359978,0.4444444444444444,200
c1csc(-c2cc(C3CCOC3c3ccc(C4C5CNCC4CNC5)s3)no2)n1,-0.08873973434203997,-49.856996786291916,-0.0,-49.94573652063396,0.66126026565796,34.92849839314596,0.3684210526315789,200
CC(F)(c1ccccc1)c1ccc(-c2ccc(C3CC(OC4NOC(C5CNCCN5)N4)CCN3C(=O)C3CCOC3)s2)s1,-0.45755226763027723,-57.45966692414834,-0.0,-57.917219191778614,0.29244773236972277,38.72983346207417,0.37777777777777777,200
O=C1Nc2ccccc2OCC1CC(=O)N1CCN(C2CCCCN2)CC1c1ccc(Cc2ccc(C3CCCC3)cc2)cc1,-0.4175877716306899,-60.29943959953893,-0.0,-60.71702737116962,0.3324122283693101,40.149719799769464,0.4625,200
Cc1ccc(C=Cc2ccc(C3C=CCC(CN4CCNc5ccccc54)C3)cc2)cc1Cl,-0.43782762657000385,-51.77743377970545,-0.0,-52.21526140627545,0.31217237342999615,35.888716889852724,0.37209302325581395,200
O=C(C1CCOC1)N1CCCC(CCCN2CCCO2)C1c1ccc(-c2csc(C(=S)c3cccc(Cl)c3)n2)s1,-0.5596296516906627,-38.92367945062494,-0.0,-39.4833091023156,0.1903703483093373,29.46183972531247,0.35714285714285715,200
S=Cc1coc(-c2csc(-c3ccc(N4CCC5CC=CCC54)cc3Cl)n2)c1,-0.40385685194544035,-32.80151512977634,-0.0,-33.20537198172178,0.34614314805455965,26.40075756488817,0.3333333333333333,200
C1=CC(c2csc(-c3ccc(-c4ccco4)s3)n2)(C2CCCCC2)NC(CN2CCC(CCC3NC(C4CCOCC4)NO3)CC2)C1,-0.5597419526328758,-38.75372328627353,-0.0,-39.3134652389064,0.19025804736712418,29.376861643136763,0.3488372093023256,200
O=C1N(CC2CC2)NC2C(c3ccc(-c4coc(-c5ccc(C6CCCC6)s5)c4)s3)CCCCN12,-0.3771149176682923,-37.93099343184095,-0.0,-38.30810834950925,0.3728850823317077,28.965496715920477,0.35,200
Cc1ccc(C(C)(F)c2ccc(C3CCCCC4C(C(=O)NCCC5CCCC5=O)NC(c5ccccc5)N34)cc2)cc1,-0.4509257757992381,-31.068581339214816,-0.0,-31.519507115014054,0.2990742242007619,25.534290669607408,0.37333333333333335,200
C=Cc1cccc(Cc2ccc(C3NCCC4C(=O)NC(c5ccccc5)NC43)cc2Cl)c1,-0.2456163600071064,-42.321745803531535,-0.0,-42.56736216353864,0.5043836399928936,31.160872901765767,0.273972602739726,200
O=C1Nc2ccccc2OCC1CC(=O)N1CCN(C2CCCCN2)CC1c1ccc(C2CCCC(c3ccccc3Cl)C2c2cccs2)cc1,-0.5498897044509953,-52.71863585079137,-0.0,-53.26852555524237,0.20011029554900472,36.359317925395686,0.4578313253012048,200
O=C1NC(=O)C2NCC(=O)C2(N2CCOCC2c2ccc(Cc3ccc(-c4cccs4)s3)s2)N1,-0.26585437087213903,-58.2559901860554,-0.0,-58.52184455692754,0.48414562912786097,39.1279950930277,0.43209876543209874,200
O=C(NCC1CCCO1)C1CCN(C2CNC(N3CCNCC3)NC2)CC1c1ccc(-c2cccc(C3CCCCC3c3cccs3)c2)cc1,-0.5081738291205908,-59.84985911070852,-0.0,-60.358032939829116,0.24182617087940922,39.92492955535426,0.379746835443038,200
Cc1ccc(Cc2ccc(C3N(C(=O)COc4ccccc4)CC(C4NCON4)C34CCOCC4)cc2)cc1,-0.27434679291791936,-63.42661445845684,-0.0,-63.70096125137476,0.47565320708208064,41.71330722922842,0.4431818181818182,200
O=C(NC1=CCC2NC(=O)C3CCCN3C(=O)C2C1)C1=CCC(N2CNNN2)CC1c1ccc(-c2ccc(C3CCCCC3c3ccccc3)cc2)s1,-0.5386203322068623,-66.48699324175861,-0.0,-67.02561357396547,0.21137966779313766,43.243496620879306,0.30434782608695654,200
c1csc(C2CCCCC2c2ccc(-c3cc(C4NCCCC4CN4CNC5CCCNC54)on3)cc2)c1,-0.3777742698487962,-34.881690936048976,-0.0,-35.25946520589777,0.3722257301512038,27.440845468024488,0.35,200
CC(F)c1coc(Cc2cccc(C3CCCCC4C(C(=O)NCCC5CCCC5=O)NC(c5ccccc5)N34)c2)c1,-0.45213136184893227,-35.82114294781145,-0.0,-36.27327430966039,0.29786863815106773,27.910571473905726,0.3972602739726027,200
CC(F)(Cc1ccc(C2CN(c3ccccc3)CCN2C2=NCCN2C(=O)c2ccccc2)c(Cl)c1)c1ccccc1,-0.506784242172615,-67.52142594816426,-0.0,-68.02821019033688,0.243215757827385,43.76071297408213,0.3333333333333333,200
O=C1N(CC2CC2)NC2C(c3coc(-c4ccc(-c5nc(C6CCCCC6)cs5)s4)c3)CCCCN12,-0.3842511147946306,-33.81449618829484,-0.0,-34.19874730308947,0.3657488852053694,26.90724809414742,0.35365853658536583,200
Cc1ccc(C(C)(F)c2ccc(C3C4CC(c5ccccc5)NN4CCCN3C(=O)CCS(=O)(=O)C3=CC=CC4NCCC4C3)cc2)cc1,-0.4654355354283249,-52.993150363578636,-0.0,-53.45858589900696,0.2845644645716751,36.49657518178932,0.30851063829787234,200
O=C(C1CNN(C2CC(c3ncno3)CCN2)C1)N1CCCC1c1ccc(-c2ccc(C3CCCC3c3cccs3)s2)c(Cl)c1,-0.532747870387356,-57.12327793863537,-0.0,-57.65602580902272,0.21725212961264395,38.561638969317684,0.29213483146067415,200
Clc1cccc(-c2nc(-c3ccc(C4(C5CCCO5)C=CCC(C5=CCC(N6CCOCC6)NN5)C4)s3)cs2)c1,-0.43693210420153045,-35.136195008360886,-0.0,-35.57312711256242,0.31306789579846955,27.568097504180443,0.3103448275862069,200
O=C(NC1CCCC1C(=O)N1CCc2ccccc2C1)C1=CC=C[SH]1c1ccc(-c2ccc(-c3cc(C4CCCCC4)on3)s2)s1,-0.5570163098207823,-47.55738301621814,-0.0,-48.11439932603892,0.1929836901792177,33.77869150810907,0.35802469135802467,200
O=C1CCCC1CCNC(=O)C1NC(c2ccccc2)N2C(c3ccc(-c4ccccc4CC4CCCCC4)cc3)CCCCC12,-0.49640374949115407,-31.73006862551025,-0.0,-32.2264723750014,0.25359625050884593,25.865034312755125,0.40540540540540543,200
Cc1ccc(Cc2ccc(C3CCCCC4C(C(=O)NCCC5CCCC5=O)NC(c5ccccc5)N34)cc2)cc1,-0.40943730499083647,-31.068581339214816,-0.0,-31.47801864420565,0.34056269500916353,25.534290669607408,0.40540540540540543,200
O=C(CC1(N2CC=CC2)CCOCC1)NC1NNC(C2CCCCC2)[SH]1c1ccc(-c2coc(-c3cc(CCF)co3)c2)s1,-0.5989263364719467,-43.71812928829596,-0.0,-44.31705562476791,0.15107366352805332,31.85906464414798,0.32967032967032966,200
CC1CCCCC1c1ccc(-c2ccc(CC3CN(c4ccccc4)CCN3C3=NCCN3C(=O)c3ccccc3)s2)cc1,-0.5251437076825927,-80.33942395688746,-0.0,-80.86456766457005,0.2248562923174074,50.16971197844373,0.35064935064935066,200
C#Cc1ccc(-c2cc(-c3nc(C4C=CCC(C5=CCC(N6CCOCC6)NN5)C4)cs3)co2)s1,-0.3822036455263776,-39.9666574022598,-0.0,-40.34886104778617,0.3677963544736224,29.9833287011299,0.34146341463414637,200
O=C(NC1CCCC1C(=O)N1CCc2ccccc2C1)C1=CC=C[SH]1Cc1ccc(-c2ccc(C3CCCC3)c(Cl)c2)cc1,-0.4907883418990258,-52.553428588868215,-0.0,-53.04421693076724,0.2592116581009742,36.27671429443411,0.34177215189873417,200
CC(F)C1CCCC(c2ccccc2Cl)C1c1ccc(C2CN(c3ccccc3)CCN2C2=NCCN2C(=O)c2ccccc2)cc1,-0.540099539743329,-71.62968951164245,-0.0,-72.16978905138578,0.20990046025667092,45.81484475582123,0.3472222222222222,200
O=C(CCS(=O)(=O)C1=CC=CC2NCCC2C1)N1CCCN2NC(c3ccccc3)CC2C1c1ccc(C(c2ccccc2)C2CCCCC2)cc1,-0.512842718588916,-56.993506219680626,-0.0,-57.50634893826954,0.23715728141108408,38.49675310984031,0.3,200
O=C(CCC1CCCCC1)NC1CCN(C2CC(N3CCOCC3)CNN2)C1c1ccc(-c2ccc(CC(F)c3ccoc3)s2)s1,-0.533059456164246,-42.0644825967316,-0.0,-42.59754205289585,0.21694054383575403,31.0322412983658,0.35714285714285715,200
CC(F)c1coc(-c2cc(-c3cc(C4C=CCC(C5=CCC(N6CCOCC6)NN5)C4)on3)on2)c1,-0.279162906422143,-33.59104402789705,-0.0,-33.87020693431919,0.470837093577857,26.795522013948524,0.36470588235294116,200
O=C1NN(NCCN2CCNC2(c2ccccc2)c2ccc(-c3coc(C4CCCCC4)c3)s2)C1CC1CC1,-0.4239308888943342,-40.89334939055332,-0.0,-41.31728027944765,0.3260691111056658,30.44667469527666,0.32941176470588235,200
O=C(CCC1CCCCC1)NC1CCN(C2CC(N3CCOCC3)CNN2)C1c1ccc(-c2nc(-c3ccc(C4CCCC4)cc3)cs2)s1,-0.5454859524129996,-43.49803146555018,-0.0,-44.04351741796318,0.20451404758700045,31.74901573277509,0.3493975903614458,200
O=C(NC1=CCC2NC(=O)C3CCCN3C(=O)C2C1)C1=CCC(N2CNNN2)CC1c1ccc(Cc2ccc(C3CCCCC3)c(Cl)c2)cc1,-0.4686411050596014,-71.71695590238481,-0.0,-72.18559700744441,0.2813588949403986,45.858477951192405,0.3225806451612903,200
C=Cc1ccc(-c2nc(-c3ccc(C4CNCCC4CN4CNNC4C4CCCN4C(=O)CC4CCNCC4)cc3)cs2)s1,-0.4838279205268726,-40.29925372672534,-0.0,-40.78308164725221,0.2661720794731274,30.14962686336267,0.2926829268292683,200
O=C(c1ccccc1)N1CCN=C1N1CCN(c2ccccc2)CC1c1ccc(Cc2ccc(CCF)cc2)cc1,-0.4714123680924296,-74.42457307290302,-0.0,-74.89598544099545,0.2785876319075704,47.21228653645151,0.3333333333333333,200
O=C1NC(c2ccccc2)NC2C1CCNC2c1ccc(C(c2ccccc2)C2CCCC2)c(Cl)c1,-0.352685123374211,-42.321745803531535,-0.0,-42.67443092690574,0.397314876625789,31.160872901765767,0.2777777777777778,200
O=C(COc1ccccc1)N1CC(C2NCON2)C2(CCOCC2)C1c1ccc(Cc2ccc(C3CCCCC3)c(Cl)c2)c(Cl)c1,-0.48853957083603905,-68.38551917593742,-0.0,-68.87405874677346,0.26146042916396095,44.19275958796871,0.43023255813953487,200
c1ccc(C2NCCCC2CN2CNC3CCCNC32)c(-c2ccc(-c3nc(C4CCCCC4)cs3)s2)c1,-0.4239941073739956,-38.0,-0.0,-38.42399410737399,0.3260058926260044,29.0,0.32894736842105265,200
CC(F)C1CCCC(c2ccc(C3C(C4NC(Cc5ccccc5)NO4)CN3S(=O)(=O)c3ccccc3)cc2Cl)C1c1ccccc1Cl,-0.5670872523329727,-80.81666528902848,-0.0,-81.38375254136145,0.18291274766702728,50.40833264451424,0.27450980392156865,200
FCCc1csc(-c2cc(-c3cc(C4C=CCC(C5=CCC(N6CCOCC6)NN5)C4)no3)no2)n1,-0.29598842163377326,-34.99090833947008,-0.0,-35.286896761103854,0.45401157836622674,27.49545416973504,0.3409090909090909,200
CC1CCCCC1C(c1ccccc1)c1ccc(C2CCCC23C(C(=O)NCC2CCCN2)c2ccccc2C(=O)N3C2C=CC=CC2)cc1Cl,-0.5037939427168527,-39.59865770300536,-0.0,-40.10245164572221,0.2462060572831473,29.79932885150268,0.358974358974359,200
CC(F)c1ccc(-c2ccc(-c3cc(C4NCCN4CCNN4NC(=O)C4CC4CC4)co3)s2)s1,-0.3860907421912886,-35.92852581643825,-0.0,-36.31461655862954,0.3639092578087114,27.964262908219126,0.3103448275862069,200
CC(F)(c1ccc(C2COCCN2C23NC(=O)NC(=O)C2NCC3=O)cc1)c1ccc(-c2ccccc2)c(Cl)c1,-0.31139341459687947,-73.53074360871938,-0.0,-73.84213702331625,0.43860658540312053,46.76537180435969,0.40963855421686746,200
O=C(C1CCOC1)N1CCC(OC2NOC(C3CNCCN3)N2)CC1c1ccc(-c2ccc(C3CCCC(c4ccccn4)C3)cc2)cc1,-0.47487457823762214,-61.2896057316063,-0.0,-61.764480309843925,0.27512542176237786,40.64480286580315,0.39325842696629215,200
O=C1NC(c2ccccc2)NC2C1CCNC2c1ccc(Cc2ccc(CCF)cc2Cl)cc1,-0.2760036410885862,-42.0644825967316,-0.0,-42.34048623782019,0.4739963589114138,31.0322412983658,0.2916666666666667,200
CC(F)(c1nc(-c2cc(N3CCC4CC=CCC43)no2)cs1)c1ccccc1Cl,-0.28915629092326994,-30.714889332423866,-0.0,-31.004045623347135,0.46084370907673006,25.357444666211933,0.32098765432098764,200
O=C(Nc1ccccc1)N1CC(CC2NCNN2)C1c1ccc(CC(F)Cc2ccccc2)c(Cl)c1,-0.4053127942340151,-75.66608594481119,-0.0,-76.07139873904521,0.3446872057659849,47.83304297240559,0.23333333333333334,200
O=C(CC1(N2CC=CC2)CCOCC1)NC1NNC(C2CCCCC2)[SH]1c1ccc(-c2ccc(-c3ccc(CCF)s3)s2)cc1,-0.6143959236967903,-45.60487786742691,-0.0,-46.2192737911237,0.1356040763032097,32.802438933713454,0.3146067415730337,200
O=C(NC1CCCC1C(=O)N1CCc2ccccc2C1)C1=CC=C[SH]1c1ccc(C(=O)c2ccc(-c3ccco3)s2)cc1,-0.5728577179975688,-43.2771680782255,-0.0,-43.85002579622307,0.17714228200243123,31.63858403911275,0.37662337662337664,200
O=C1N(CC2CC2)NC2C(c3coc(-c4coc(-c5ccc(C=S)s5)c4)c3)CCCCN12,-0.28989926126615323,-37.654141221598294,-0.0,-37.944040482864445,0.46010073873384677,28.827070610799147,0.35365853658536583,200
O=C1CCCC1CCNC(=O)C1NC(c2ccccc2)N2C(c3ccccc3Cc3ccc(C4CCCCC4)cc3)CCCCC12,-0.4955826134087922,-38.412327466040935,-0.0,-38.90791007944973,0.2544173865912078,29.206163733020468,0.40540540540540543,200
CC(c1ccccc1)c1ccc(C2CCCCC3C(C(=O)NCCC4CCCC4=O)NC(c4ccccc4)N23)cc1Cl,-0.4584955685191891,-32.91502622129181,-0.0,-33.373521789811,0.2915044314808109,26.457513110645905,0.3783783783783784,200
O=C(NC1CCCC1C(=O)N1CCc2ccccc2C1)C1=CC=C[SH]1c1cc(C2CCCC(c3ccco3)C2c2nccs2)co1,-0.5511711289613171,-66.44073113989724,-0.0,-66.99190226885855,0.19882887103868288,43.22036556994862,0.3670886075949367,200
O=C(CCS(=O)(=O)C1=CC=CC2NCCC2C1)N1CCCN2NC(c3ccccc3)CC2C1c1ccc(C2CCCCC2)c(C2CCCC2c2cccc(Cl)c2)c1,-0.5256460903821274,-55.07329751649384,-0.0,-55.59894360687596,0.22435390961787255,37.53664875824692,0.2978723404255319,200
O=C(C1CCOC1)N1CCC(OC2NOC(C3CNCCN3)N2)CC1c1ccc(-c2ccc(C3CCCCC3c3cccs3)cc2)s1,-0.49452963516054377,-59.49842765740716,-0.0,-59.99295729256771,0.25547036483945623,39.74921382870358,0.3695652173913043,200
O=C(c1ccccc1)N1CCN=C1N1CCN(c2ccccc2)CC1c1ccc(C2CCCC(C3CCCCC3)C2c2ccccc2Cl)c(Cl)c1,-0.5508083660138053,-65.55699854482975,-0.0,-66.10780691084356,0.1991916339861947,42.77849927241488,0.323943661971831,200
C1=CCC2C(C1)CCN2c1cc(-c2csc(-c3coc(C4CCCCC4)c3)n2)on1,-0.3085892934892298,-30.07993610219566,-0.0,-30.38852539568489,0.4414107065107702,25.03996805109783,0.32432432432432434,200
CC(F)(c1ccc(-c2cc(-c3cccs3)no2)s1)C1CCCCN2C(=O)N(CC3CC3)NC12,-0.2923166258827086,-40.959002616512684,-0.0,-41.25131924239539,0.4576833741172914,30.479501308256342,0.3372093023255814,200
C=Cc1nc(-c2ccc(-c3cc(C4C=CCC(C5=CCC(N6CCOCC6)NN5)C4)on3)cc2)cs1,-0.3000927845983115,-41.806148561449774,-0.0,-42.10624134604809,0.4499072154016885,30.903074280724887,0.32941176470588235,200
O=C(CC1CCNCC1)N1CCCC1C1NNCN1CC1CCNCC1c1ccc(-c2cc(-c3csc(C4CCCCC4)n3)on2)s1,-0.5115031451882134,-43.49803146555018,-0.0,-44.00953461073839,0.23849685481178662,31.74901573277509,0.3333333333333333,200
O=C(NC1CCCC1C(=O)N1CCc2ccccc2C1)C1=CC=C[SH]1c1cc(-c2ccc(Cc3cccs3)s2)co1,-0.5310732183076045,-41.6765757804371,-0.0,-42.2076489987447,0.21892678169239554,30.83828789021855,0.3815789473684211,200
O=C1NC(=O)C2NCC(=O)C2(N2CCOCC2c2ccc(Cc3ccc(-c4nccs4)s3)c(Cl)c2)N1,-0.2968341691972645,-63.92854103342914,-0.0,-64.22537520262641,0.4531658308027355,41.96427051671457,0.41379310344827586,200
Cc1ccc(Cc2ccc(C3CCCCC4C(C(=O)NCCC5CCCC5=O)NC(c5ccccc5)N34)cc2)cc1,-0.40943730499083647,-31.068581339214816,-0.0,-31.47801864420565,0.34056269500916353,25.534290669607408,0.40540540540540543,200
O=C(CCNC1C(c2ccccc2)NC2CNCCN21)N1CCSCC1c1ccccc1CC(F)c1ccc(-c2ccccc2)s1,-0.5597472686745181,-67.54427451295716,-0.0,-68.10402178163167,0.1902527313254819,43.77213725647858,0.34615384615384615,200
C=Cc1cc(C(C)(F)c2cccc(Cl)c2)ccc1C1CSCCN1C(=O)CCNC1C(c2ccccc2)NC2CNCCN21,-0.46940563227225424,-51.66589146867567,-0.0,-52.13529710094792,0.28059436772774576,35.832945734337834,0.3373493975903614,200
CC(F)(c1ccoc1)c1ccc(-c2ccc(C3NCCN3CCNN3NC(=O)C3CC3CC3)s2)s1,-0.3744945495636002,-35.641710972974224,-0.0,-36.016205522537824,0.3755054504363998,27.820855486487112,0.29213483146067415,200
CC1CCCCC1C(c1ccccc1)c1ccc(C2C3CC(c4ccccc4)NN3CCCN2C(=O)CCS(=O)(=O)C2=CC=CC3NCCC3C2)cc1,-0.5166742837938193,-61.60882305241266,-0.0,-62.12549733620648,0.23332571620618073,40.80441152620633,0.34444444444444444,200
CC1CCCCC1C(c1ccccc1Cl)c1ccc(C2CCCC23C(C(=O)NCC2CCCN2)c2ccccc2C(=O)N3C2C=CC=CC2)cc1Cl,-0.5077865719197404,-45.665820637528014,-0.0,-46.17360720944775,0.24221342808025956,32.83291031876401,0.358974358974359,200
CC(F)(c1ccc(CCF)c(Cl)c1)c1ccc(C2CCCC23C(C(=O)NCC2CCCN2)c2ccccc2C(=O)N3C2C=CC=CC2)c(Cl)c1,-0.5171558876736689,-47.201190465645766,-0.0,-47.71834635331943,0.23284411232633107,33.60059523282288,0.3684210526315789,200
CNCc1cc(-c2cc(-c3coc(C4C=CCC(C5=CCC(N6CCOCC6)NN5)C4)c3)co2)on1,-0.32659830665724227,-27.958315233127195,-0.0,-28.284913539784437,0.42340169334275773,23.979157616563597,0.38271604938271603,200
O=S(=O)(c1ccccc1)N1CC(C2NC(Cc3ccccc3)NO2)C1c1ccc(CC(F)(CCF)c2ccccc2)cc1,-0.5242766111663301,-79.91996797437437,-0.0,-80.4442445855407,0.22572338883366996,49.95998398718719,0.24752475247524752,200
CNCc1ccc(-c2ccc(-c3ccc(C4C=CCC(N5CCCC5)C4)s3)s2)cc1Cl,-0.37149470603974977,-33.0659966456864,-0.0,-33.437491351726145,0.37850529396025023,26.5329983228432,0.34328358208955223,200
CNCc1nc(-c2ccc(-c3ccc(C4C=CCC(N5CCCC5)C4)s3)cc2Cl)cs1,-0.34831569395142703,-36.568542494923804,-0.0,-36.91685818887523,0.40168430604857297,28.284271247461902,0.32857142857142857,200
CC1CCCCC1c1ccc(Cc2ccc(C3CN(C4CCCCN4)CCN3C(=O)CC3COc4ccccc4NC3=O)cc2)cc1,-0.45384094494970795,-63.54639429682169,-0.0,-64.00023524177139,0.29615905505029205,41.773197148410844,0.48148148148148145,200
Clc1cc(-c2nc(C3C4CNCC3CNC4)cs2)ccc1C1CCC(c2ccoc2)C1,-0.21293715909141686,-36.28498911788115,-0.0,-36.49792627697257,0.5370628409085831,28.142494558940577,0.3055555555555556,200
C1=CC(c2coc(-c3coc(-c4cc(-c5cccs5)no4)c3)c2)NC(CN2CCC(CCC3NC(C4CCOCC4)NO3)CC2)C1,-0.5862547388258682,-39.76621118993574,-0.0,-40.3524659287616,0.16374526117413177,29.88310559496787,0.35555555555555557,200
CC(F)(c1ccccc1)c1cc(-c2ccc(C3CNCCC3CN3CNNC3C3CCCN3C(=O)CC3CCNCC3)s2)on1,-0.475071560063443,-42.385895841928885,-0.0,-42.860967401992326,0.274928439936557,31.192947920964443,0.3181818181818182,200
O=C1CCCC1CCNC(=O)C1NC(c2ccccc2)N2C(c3cc(Cc4ccccc4)ccc3C3CCCCC3)CCCCC12,-0.4955826134087922,-36.568542494923804,-0.0,-37.0641251083326,0.2544173865912078,28.284271247461902,0.40540540540540543,200
CN(Cc1ccc(-c2cc(C3CNCCC3CN3CNNC3C3CCCN3C(=O)CC3CCNCC3)on2)s1)c1cccs1,-0.4861505662576078,-52.801098892805186,-0.0,-53.28724945906279,0.2638494337423922,36.40054944640259,0.3181818181818182,200
Clc1cc(-c2cc(C3C4CNCC3CNC4)no2)ccc1C=Cc1ccoc1,-0.06011405870883357,-42.73754856543249,-0.0,-42.797662624141324,0.6898859412911664,31.368774282716245,0.2571428571428571,200
CC(F)c1ccc(-c2cc(-c3ccc(C4COCCN4C45NC(=O)NC(=O)C4NCC5=O)s3)co2)s1,-0.28562332518509304,-65.76712656956627,-0.0,-66.05274989475137,0.46437667481490696,42.883563284783136,0.4166666666666667,200
CNCc1ccc(-c2coc(-c3nc(C4CCCC5NNC(=O)CC54)cs3)c2)s1,-0.1804879833022378,-27.32863826479693,-0.0,-27.509126248099168,0.5695120166977622,23.664319132398465,0.37333333333333335,200
CC(F)(c1ccc(C2CCCCC2)s1)c1ccc(C2CN(c3ccccc3)CCN2C2=NCCN2C(=O)c2ccccc2)cc1Cl,-0.5417453741545448,-72.21713506718802,-0.0,-72.75888044134257,0.20825462584545523,46.10856753359401,0.3116883116883117,200
c1sc(-c2ccc(C3CCCC3)s2)nc1-c1nc(C2NCCCC2CN2CNC3CCCNC32)cs1,-0.37356576615820347,-36.24944444170093,-0.0,-36.62301020785913,0.37643423384179653,28.124722220850465,0.3157894736842105,200
Clc1ccccc1C1CCN(c2cc(-c3ccc(N4CCC5CC=CCC54)c(Cl)c3)no2)CC1,-0.3997573881532633,-46.81317235396027,-0.0,-47.21292974211353,0.3502426118467367,33.406586176980134,0.3287671232876712,200
O=C1Nc2ccccc2OCC1CC(=O)N1CCN(C2CCCCN2)CC1c1ccc(C2C(c3ccccc3)CCC2c2nccs2)c(Cl)c1,-0.5439210834554511,-61.04319835741924,-0.0,-61.587119440874694,0.20607891654454896,40.52159917870962,0.4470588235294118,200
CC(F)(c1ccc([SH]2C=CC=C2C(=O)NC2CCCC2C(=O)N2CCc3ccccc3C2)cc1)c1coc(-c2cccs2)c1,-0.5447166367163395,-45.23802572120036,-0.0,-45.782742357916696,0.20528336328366045,32.61901286060018,0.37037037037037035,200
O=C1N(CC2CC2)NC2C(c3ccc(-c4nc(-c5cc(C6CCCC6)on5)cs4)cc3)CCCCN12,-0.32687327911893366,-32.421369688324624,-0.0,-32.74824296744356,0.42312672088106634,26.210684844162312,0.3411764705882353,200
C1=CC(c2cnc(-c3nc(Cc4ccco4)cs3)nc2)CC(C2NCCN3CCNC23)C1,-0.16900211686080724,-45.513357416636794,-0.0,-45.6823595334976,0.5809978831391928,32.7566787083184,0.3783783783783784,200
O=C(C1CCOC1)N1CCC(OC2NOC(C3CNCCN3)N2)CC1c1ccc(CC(F)c2cccc(C3CCCCC3)c2)s1,-0.4302540686171386,-83.05338422390601,-0.0,-83.48363829252315,0.3197459313828614,51.526692111953004,0.38636363636363635,200
CC1CCCCC1c1cc(Cc2ccc(C3CCCC34C(C(=O)NCC3CCCN3)c3ccccc3C(=O)N4C3C=CC=CC3)cc2)co1,-0.49354773136467356,-35.53377350765928,-0.0,-36.027321239023955,0.25645226863532644,27.76688675382964,0.4,200
Oc1ccc(-c2cc(-c3ccc(C4NCCCC4CN4CNC5CCCNC54)s3)no2)s1,-0.29987363499323577,-32.72570530585627,-0.0,-33.025578940849506,0.45012636500676423,26.362852652928137,0.4125,200
O=C(CC1CCNCC1)N1CCCC1C1NNCN1CC1CCNCC1C(F)Cc1cc(-c2ccc(-c3cccs3)s2)no1,-0.4897287151660483,-54.16198487095663,-0.0,-54.651713586122675,0.2602712848339517,37.080992435478315,0.313953488372093,200
CC1(c2ccc(Cc3cccc(Cl)c3)c(Cl)c2)N(C(=O)COc2ccccc2)CC(C2NCON2)C12CCOCC2,-0.3765605258007287,-68.38551917593742,-0.0,-68.76207970173814,0.3734394741992713,44.19275958796871,0.43023255813953487,200
CC1CCCCC1c1cc(Cc2cccc(Cl)c2)ccc1C1CCCC12C(C(=O)NCC1CCCN1)c1ccccc1C(=O)N2C1C=CC=CC1,-0.5037222880584147,-37.41080037762929,-0.0,-37.914522665687706,0.24627771194158532,28.705400188814647,0.358974358974359,200
CC(F)c1ccc(-c2ccc(-c3nc(C4CNCCC4CN4CNNC4C4CCCN4C(=O)CC4CCNCC4)cs3)s2)cc1,-0.5010985740159091,-46.72330927044911,-0.0,-47.22440784446501,0.24890142598409087,33.36165463522455,0.30120481927710846,200
CC(F)c1ccc(C(F)Cc2ccc(C3CN(c4ccccc4)CCN3C3=NCCN3C(=O)c3ccccc3)s2)cc1Cl,-0.5396976093823209,-63.85702117294652,-0.0,-64.39671878232883,0.21030239061767902,41.92851058647326,0.3333333333333333,200
Clc1cc(-c2nc(-c3cc(-c4ccco4)co3)cs2)ccc1C1C2CNCC1CNC2,-0.3217336245188719,-43.7808748764079,-0.0,-44.10260850092677,0.4282663754811281,31.89043743820395,0.3013698630136986,200
O=C1CCCC1CCNC(=O)C1NC(c2ccccc2)N2C(c3cccc(CC(F)c4ccc(C5CCCC5)cc4)c3)CCCCC12,-0.5151562054225753,-37.619441163551734,-0.0,-38.13459736897431,0.23484379457742466,28.809720581775867,0.37662337662337664,200
O=C1Nc2ccccc2OCC1CC(=O)N1CCN(C2CCCCN2)CC1c1ccc(Cc2ccc(-c3cscn3)s2)s1,-0.48413850956554916,-81.88228501560023,-0.0,-82.36642352516579,0.26586149043445084,50.941142507800116,0.4642857142857143,200
O=C1NC(=O)C2NCC(=O)C2(N2CCOCC2c2ccc(-c3ccc(Cc4ccoc4)s3)s2)N1,-0.2560974889156357,-63.21057625085888,-0.0,-63.466673739774514,0.4939025110843643,41.60528812542944,0.43209876543209874,200
CC(F)Cc1coc(-c2ccc(C3NCCC4C(=O)NC(c5ccccc5)NC43)c(Cl)c2)c1,-0.25294221480467444,-49.68500556073738,-0.0,-49.93794777554206,0.49705778519532556,34.84250278036869,0.2857142857142857,200
CNCc1ccc(-c2ccc(-c3cc(C4CC4CN4CCNC4CCC4CCCN4C(=O)CCN4CCCN4)no3)s2)s1,-0.49436404704777737,-36.24944444170093,-0.0,-36.743808488748705,0.25563595295222263,28.124722220850465,0.30120481927710846,200
O=C(COc1ccccc1)N1CC(C2NCON2)C2(CCOCC2)C1c1ccc(C(F)Cc2ccc(-c3ccoc3)c(Cl)c2)cc1,-0.5387822345012452,-69.37561188601732,-0.0,-69.91439412051857,0.21121776549875484,44.68780594300866,0.42528735632183906,200
CC(F)c1cc(-c2ccc(-c3ccc(C4C(NC(=O)CCC5CCCCC5)CCN4C4CC(N5CCOCC5)CNN4)s3)s2)co1,-0.5328352977783746,-39.02541825349483,-0.0,-39.558253551273204,0.21716470222162537,29.512709126747414,0.38095238095238093,200
CC(F)c1ccc(-c2coc(C(C)(F)C3CCCN3C(=O)C3CNN(C4CC(c5ncno5)CCN4)C3)c2)s1,-0.314876125730336,-80.2197585309404,-0.0,-80.53463465667073,0.435123874269664,50.1098792654702,0.3333333333333333,200
O=C(CC1CCNCC1)N1CCCC1C1NNCN1CC1CCNCC1c1ccc(-c2cc(C3CCC(c4cccs4)C3)on2)cc1Cl,-0.5287331648097907,-42.73754856543249,-0.0,-43.266281730242284,0.22126683519020932,31.368774282716245,0.3218390804597701,200
c1csc(-c2ccnc(Nc3ccc(C4C5CNCC4CNC5)s3)c2)c1,-0.11522910622626248,-41.28621378417825,-0.0,-41.40144289040451,0.6347708937737375,30.643106892089126,0.22535211267605634,200
CC(F)(c1ccc(CCF)cc1)c1cccc(C2C(C3NC(Cc4ccccc4)NO3)CN2S(=O)(=O)c2ccccc2)c1,-0.5105411850080581,-94.12274094149684,-0.0,-94.6332821265049,0.23945881499194183,57.06137047074842,0.26,200
O=C(c1ccccc1)N1CCN=C1N1CCN(c2ccccc2)CC1c1ccc(C(CCF)c2cccc(Cl)c2)cc1,-0.5181347612969417,-74.40338976964757,-0.0,-74.92152453094451,0.23186523870305828,47.20169488482379,0.3194444444444444,200
Cc1ccc(Cc2ccc(C3C(CC4NCNN4)CN3C(=O)Nc3ccccc3)cc2Cl)s1,-0.3450591853792043,-52.93833011524188,-0.0,-53.28338930062109,0.4049408146207957,36.46916505762094,0.25,200
Cc1cc(-c2csc(-c3coc(C4NCCCC4CN4CNC5CCCNC54)c3)n2)co1,-0.21021019757072446,-31.845925587262883,-0.0,-32.05613578483361,0.5397898024292755,25.92296279363144,0.38961038961038963,200
O=C1CCCC1CCNC(=O)C1NC(c2ccccc2)N2C(c3ccc(-c4ccc(C5CCCC5)c(C5CCCC5)c4)c(Cl)c3)CCCCC12,-0.5155067007935901,-31.845925587262883,-0.0,-32.36143228805647,0.23449329920640993,25.92296279363144,0.3835616438356164,200
C1=CCC2C(C1)CCN2c1cc(-c2csc(-c3csc(C4CCCCC4)n3)n2)co1,-0.34244694592951075,-31.76871642217914,-0.0,-32.11116336810865,0.40755305407048925,25.88435821108957,0.3142857142857143,200
C=Cc1nc(-c2nc(-c3ccc(C4NCCN4CCNN4NC(=O)C4CC4CC4)s3)cs2)cs1,-0.3677704722750242,-46.15134163416491,-0.0,-46.519112106439934,0.3822295277249758,33.075670817082454,0.26136363636363635,200
CC(F)C1CCCC(c2ccc(C3C(C4NC(Cc5ccccc5)NO4)CN3S(=O)(=O)c3ccccc3)cc2)C1c1cccc(Cl)c1,-0.5597632644516366,-78.71170143402453,-0.0,-79.27146469847617,0.1902367355483634,49.35585071701227,0.2647058823529412,200
Cc1ccc(C(C)(F)c2ccc(C3C(C4NC(Cc5ccccc5)NO4)CN3S(=O)(=O)c3ccccc3)cc2Cl)cc1Cl,-0.5309199429804643,-83.01456207740729,-0.0,-83.54548202038775,0.2190800570195357,51.507281038703645,0.24509803921568626,200
O=C(CCS(=O)(=O)C1=CC=CC2NCCC2C1)N1CCCN2NC(c3ccccc3)CC2C1c1ccc(C(c2ccccc2)C2CCCCC2)cc1,-0.512842718588916,-56.993506219680626,-0.0,-57.50634893826954,0.23715728141108408,38.49675310984031,0.3,200
C1=CC(c2cc(-c3ccc(Nc4ccccc4)s3)on2)CC(C2=CCC(N3CCOCC3)NN2)C1,-0.34082015435589375,-29.79959839195493,-0.0,-30.140418546310823,0.40917984564410625,24.899799195977465,0.32941176470588235,200
S=Cc1cc(-c2ccc(-c3nc(C4C=CCC(CN5CCC(CCC6NC(C7CCOCC7)NO6)CC5)N4)cs3)s2)co1,-0.5708079622224447,-36.28498911788115,-0.0,-36.8557970801036,0.1791920377775553,28.142494558940577,0.35294117647058826,200
CC(F)(c1ccc(C2CCCC2)c(Cl)c1)c1ccc(C2CC(OC3NOC(C4CNCCN4)N3)CCN2C(=O)C2CCOC2)cc1Cl,-0.4517956574937133,-73.91485505499116,-0.0,-74.36665071248488,0.2982043425062867,46.95742752749558,0.39325842696629215,200
CNCc1ccc(-c2cc(-c3ccc(C4NCCCC4CN4CNC5CCCNC54)s3)on2)s1,-0.35562254690069023,-31.807335387954474,-0.0,-32.162957934855164,0.39437745309930977,25.903667693977237,0.358974358974359,200
Cc1cc(-c2ccc(-c3ccc(C4NCCN4CCNN4NC(=O)C4CC4CC4)s3)s2)no1,-0.32060862117109656,-36.0,-0.0,-36.3206086211711,0.42939137882890344,28.0,0.3103448275862069,200
O=CC1(c2nc(-c3ccc(-c4cccs4)s3)cs2)C=CCC(CN2CCC(CCC3NC(C4CCOCC4)NO3)CC2)N1,-0.5548662695059846,-37.96550698475775,-0.0,-38.52037325426374,0.19513373049401536,28.982753492378876,0.34444444444444444,200
O=C1N(CC2CC2)NC2C(c3cc(-c4cc(Cc5ccccc5Cl)no4)on3)CCCCN12,-0.19116575299012017,-35.569775957799216,-0.0,-35.76094171078934,0.5588342470098798,27.784887978899608,0.3493975903614458,200
O=C(CC1CCNCC1)N1CCCC1C1NNCN1CC1CCNCC1c1ccc(-c2ccc(-c3nc(C4CCCC4)cs3)s2)s1,-0.5298478325444667,-40.92618484691127,-0.0,-41.45603267945574,0.2201521674555333,30.463092423455635,0.3,200
CC(F)c1ccc(C2(c3cc(-c4cscn4)no3)NCCCC2CN2CNC3CCCNC32)cc1Cl,-0.32263228151913437,-55.86830695356264,-0.0,-56.19093923508177,0.42736771848086563,37.93415347678132,0.34146341463414637,200
CNCc1ccc(-c2cc(-c3ccnc(C4C=CCC(N5CCCC5)C4)c3)co2)cc1Cl,-0.2987033749438468,-42.321745803531535,-0.0,-42.62044917847538,0.4512966250561532,31.160872901765767,0.4,200
O=C(CC1CCNCC1)N1CCCC1C1NNCN1CC1CCNCC1c1ccc(-c2csc(-c3ccc(C4CCCCC4)s3)n2)cc1,-0.5412800950010186,-40.29925372672534,-0.0,-40.84053382172636,0.20871990499898146,30.14962686336267,0.3,200
Cc1ccc(Cc2ccc(C3C4CC(c5ccccc5)NN4CCCN3C(=O)CCS(=O)(=O)C3=CC=CC4NCCC4C3)cc2)cc1Cl,-0.466322964815012,-52.88346863315439,-0.0,-53.34979159796941,0.283677035184988,36.4417343165772,0.30851063829787234,200
S=Cc1ccc(-c2csc(-c3coc(C4C=CCC(C5=CCC(N6CCOCC6)NN5)C4)c3)n2)s1,-0.42709021522121016,-33.32916650389353,-0.0,-33.756256719114745,0.32290978477878984,26.664583251946766,0.34146341463414637,200
CC1CCCCC1c1cc(CC(F)c2ccccc2Cl)ccc1C1C(CC2NCNN2)CN1C(=O)Nc1ccccc1,-0.5299387685226793,-57.56287771866127,-0.0,-58.092816487183946,0.22006123147732065,38.781438859330635,0.27906976744186046,200
CC(F)(c1coc(-c2ccc(C3COCCN3C34NC(=O)NC(=O)C3NCC4=O)cc2)c1)c1ccccc1Cl,-0.3048985943833411,-67.58995376183276,-0.0,-67.8948523562161,0.4451014056166589,43.79497688091638,0.40963855421686746,200
CC(F)c1cccc(-c2cc(N(C)CN3CCC4CC=CCC43)on2)c1,-0.029068264572812197,-60.870266476622916,-0.0,-60.89933474119573,0.7209317354271878,40.43513323831146,0.3116883116883117,200
O=C(C1CNN(C2CC(c3ncno3)CCN2)C1)N1CCCC1c1ccc(C2CCCCC2c2ccc(-c3ccoc3)cc2)cc1,-0.5037877509106213,-54.4043009509531,-0.0,-54.90808870186372,0.24621224908937864,37.20215047547655,0.3170731707317073,200
CC1CCCCC1c1ccc(Cc2cccc(C3CCCC34C(C(=O)NCC3CCCN3)c3ccccc3C(=O)N4C3C=CC=CC3)c2)c(Cl)c1,-0.5037222880584147,-36.462376853972415,-0.0,-36.96609914203083,0.24627771194158532,28.231188426986208,0.358974358974359,200
O=C(Nc1ccccc1)N1CC(CC2NCNN2)C1c1ccc(Cc2ccc(C3CCCCC3)c(Cl)c2)cc1Cl,-0.5106736659756974,-56.0,-0.0,-56.510673665975695,0.23932633402430262,38.0,0.25842696629213485,200
O=C1NC(=O)C2NCC(=O)C2(N2CCOCC2c2ccc(-c3ccc(C(F)Cc4cccs4)cc3Cl)cc2)N1,-0.33139409602830733,-65.55699854482975,-0.0,-65.88839264085806,0.41860590397169267,42.77849927241488,0.4186046511627907,200
Cc1ccccc1C(=S)c1cccc(C2C=CCC(CN3CCNc4ccccc43)C2)c1,-0.48038320605047247,-36.95612346359257,-0.0,-37.43650666964304,0.26961679394952753,28.478061731796284,0.3939393939393939,200
O=C1NC(c2ccccc2)NC2C1CCNC2c1cccc(Cc2ccc(C3CCCC3)c(Cl)c2)c1,-0.34828900860148665,-43.84355879804947,-0.0,-44.191847806650955,0.40171099139851335,31.921779399024736,0.2916666666666667,200
CC(F)(c1cc(-c2ccno2)on1)c1cc(C2C=CCC(CN3CCC(CCC4NC(C5CCOCC5)NO4)CC3)N2)co1,-0.4757946222377881,-33.777318638995006,-0.0,-34.25311326123279,0.2742053777622119,26.888659319497503,0.367816091954023,200
O=C(CC1(N2CC=CC2)CCOCC1)NC1NNC(C2CCCCC2)[SH]1c1ccc(-c2ccc(-c3ccc(C4CCCC4)s3)s2)s1,-0.6163236222016119,-43.71812928829596,-0.0,-44.334452910497575,0.13367637779838817,31.85906464414798,0.3218390804597701,200
O=C(CCS(=O)(=O)C1=CC=CC2NCCC2C1)N1CCCN2NC(c3ccccc3)CC2C1c1ccc(C2CCCCC2)c(C2CCCCC2c2ccccc2)c1,-0.5248138137908788,-57.30459236035075,-0.0,-57.82940617414163,0.22518618620912123,38.65229618017538,0.3111111111111111,200
O=C1N(CC2CC2)NC2C(c3nc(-c4ccc(C5CCCC5c5ccco5)cc4)cs3)CCCCN12,-0.3426094414452433,-36.178287620752556,-0.0,-36.5208970621978,0.4073905585547567,28.089143810376278,0.35365853658536583,200
CC1CCCCC1c1ccc(Cc2ccc(C3CN(C4CCCCN4)CCN3C(=O)CC3COc4ccccc4NC3=O)cc2)cc1,-0.45384094494970795,-63.54639429682169,-0.0,-64.00023524177139,0.29615905505029205,41.773197148410844,0.48148148148148145,200
CC(C)Cc1ccc(N2CCC3CC=CCC32)cc1-c1csc(-c2ccon2)n1,-0.2765939607735805,-43.874877690685246,-0.0,-44.15147165145883,0.4734060392264195,31.937438845342623,0.3380281690140845,200
NNC1(c2ccc(-c3nc(C4CC4)cs3)s2)C=CCC(C2=CCC(N3CCOCC3)NN2)C1,-0.46607553083541897,-80.71742649611338,-0.0,-81.1835020269488,0.28392446916458103,50.35871324805669,0.29069767441860467,200
O=C1N(CC2CC2)NC2C(c3nc(-c4coc(-c5coc(CCF)c5)c4)cs3)CCCCN12,-0.25097648249159527,-34.699177324709375,-0.0,-34.95015380720097,0.49902351750840473,27.349588662354687,0.35294117647058826,200
O=S(=O)(c1ccccc1)N1CC(C2NC(Cc3ccccc3)NO2)C1c1ccc(C2CCCC2c2ccc(C3CCCCC3)c(Cl)c2)cc1,-0.5668003134277662,-78.71170143402453,-0.0,-79.2785017474523,0.18319968657223384,49.35585071701227,0.24509803921568626,200
Clc1cc(C2C=CCC(CN3CCNc4ccccc43)C2)ccc1C1OCCC1c1cc(-c2cccs2)co1,-0.5094400306850531,-64.19026071939675,-0.0,-64.6997007500818,0.24055996931494697,42.09513035969837,0.4383561643835616,200
O=C(NCC1CCCO1)C1CCN(C2CNC(N3CCNCC3)NC2)CC1c1ccc(-c2cc(-c3nc(C4CCCCC4)cs3)co2)c(Cl)c1,-0.5132243196427249,-58.612976028134185,-0.0,-59.12620034777691,0.23677568035727511,39.30648801406709,0.38823529411764707,200
Cc1cccc(Cc2cccc(C3CCCCC4C(C(=O)NCCC5CCCC5=O)NC(c5ccccc5)N34)c2)c1,-0.40943730499083647,-36.568542494923804,-0.0,-36.97797979991464,0.34056269500916353,28.284271247461902,0.4,200
CNCc1ccc(-c2ccc(-c3cc(C4C=CCC(N5CCCC5)C4)on3)s2)c(Cl)c1,-0.3081513154923895,-29.79959839195493,-0.0,-30.10774970744732,0.4418486845076105,24.899799195977465,0.3561643835616438,200
Cc1nc(-c2cc(-c3ccc(C4NCCCC4CN4CNC5CCCNC54)cc3)on2)cs1,-0.2193039987755384,-36.53317610041028,-0.0,-36.75248009918582,0.5306960012244616,28.26658805020514,0.3625,200
CC(F)c1ccc(Cc2ccc(C3C(C4NC(Cc5ccccc5)NO4)CN3S(=O)(=O)c3ccccc3)cc2)cc1,-0.47974642279914637,-83.22790320451152,-0.0,-83.70764962731067,0.27025357720085363,51.61395160225576,0.23232323232323232,200
O=C(C1CNN(C2CC(c3ncno3)CCN2)C1)N1CCCC1c1ccc(CC(F)c2ccc(-c3cccc(Cl)c3)s2)cc1,-0.5146649734934768,-57.56287771866127,-0.0,-58.07754269215474,0.2353350265065232,38.781438859330635,0.28888888888888886,200
O=C(C1CCOC1)N1CCCC(CCCN2CCCO2)C1c1ccc(CC(F)c2ccc(-c3ccno3)s2)cc1,-0.46712888771536354,-45.05382386916237,-0.0,-45.52095275687773,0.28287111228463646,32.526911934581186,0.35714285714285715,200
CNCc1nc(-c2cc(-c3ccc(C4CC4CN4CCNC4CCC4CCCN4C(=O)CCN4CCCN4)s3)no2)cs1,-0.4889764443346873,-35.96427431853289,-0.0,-36.453250762867576,0.2610235556653127,27.982137159266443,0.30952380952380953,200
O=C(CC1CCNCC1)N1CCCC1C1NNCN1CC1CCNCC1c1ccc(Cc2csc(-c3cccs3)n2)cc1,-0.46452233239939866,-38.137767414994535,-0.0,-38.60228974739393,0.28547766760060134,29.068883707497267,0.3,200
O=C(CCNC1C(c2ccccc2)NC2CNCCN21)N1CCSCC1c1cc(CC(F)c2coc(C3CCCC3)c2)co1,-0.46788406525214754,-71.58602513484249,-0.0,-72.05390920009464,0.28211593474785246,45.79301256742124,0.4,200
CC1CCCCC1c1ccc(Cc2cccc(C3CCCC34C(C(=O)NCC3CCCN3)c3ccccc3C(=O)N4C3C=CC=CC3)c2)cc1,-0.4968569921890937,-35.89275444992848,-0.0,-36.38961144211758,0.2531430078109063,27.94637722496424,0.3783783783783784,200
Clc1ccccc1C1CCOC1c1csc(-c2ccc3c(c2)C2C=CCC2C(C2C=CCC(CN4CCNc5ccccc54)C2)N3)n1,-0.5482423883078669,-55.86830695356264,-0.0,-56.41654934187051,0.20175761169213316,37.93415347678132,0.4025974025974026,200
O=C1Nc2ccccc2OCC1CC(=O)N1CCN(C2CCCCN2)CC1c1ccc(CC(F)c2coc(-c3cccs3)c2)c(Cl)c1,-0.5452384817192157,-69.10667763978185,-0.0,-69.65191612150106,0.2047615182807842,44.553338819890925,0.45121951219512196,200
C=Cc1ccc(C(C)(F)c2cccc(C3CCCCC4C(C(=O)NCCC5CCCC5=O)NC(c5ccccc5)N34)c2)cc1,-0.4784117395314769,-36.568542494923804,-0.0,-37.04695423445528,0.2715882604685231,28.284271247461902,0.3684210526315789,200
O=C(C1CCOC1)N1CCCC(CCCN2CCCO2)C1c1ccc(C2CCOC2c2ccc(-c3cscn3)s2)cc1,-0.48481251567822226,-48.760453750684334,-0.0,-49.245266266362556,0.26518748432177774,34.38022687534217,0.35365853658536583,200
Nc1ccc(-c2cc(-c3ccc(C4C=CCC(C5=CCC(N6CCOCC6)NN5)C4)s3)on2)s1,-0.31186588235252083,-32.076866265166146,-0.0,-32.38873214751867,0.43813411764747917,26.038433132583073,0.32558139534883723,200
CC1CCCCC1C(c1ccoc1)c1ccc(C2CN(c3ccccc3)CCN2C2=NCCN2C(=O)c2ccccc2)cc1Cl,-0.5322939338461403,-72.21713506718802,-0.0,-72.74942900103416,0.21770606615385968,46.10856753359401,0.3561643835616438,200
CC1CCCCC1C1(Cc2ccc(-c3ccccc3)cc2)C2CC(c3ccccc3)NN2CCCN1C(=O)CCS(=O)(=O)C1=CC=CC2NCCC2C1,-0.5144100099828403,-72.52026804976302,-0.0,-73.03467805974586,0.23558999001715974,46.26013402488151,0.34065934065934067,200
c1cc(-c2ccc(C3(c4ccc(C5CCCCC5)s4)NCCCC3CN3CNC4CCCNC43)s2)on1,-0.3748578455108283,-45.60487786742691,-0.0,-45.97973571293774,0.3751421544891717,32.802438933713454,0.345679012345679,200
Cc1ccccc1Cc1ccc(C2C=CCC(CN3CCNc4ccccc43)C2)cc1,-0.2695012667698908,-40.92618484691127,-0.0,-41.19568611368116,0.4804987332301092,30.463092423455635,0.3855421686746988,200
O=C(Nc1ccccc1)N1CC(CC2NCNN2)C1c1ccc(Cc2cc(C3CCCCC3)co2)cc1Cl,-0.4571916911018385,-52.055534138607285,-0.0,-52.512725829709126,0.2928083088981615,36.02776706930364,0.30337078651685395,200
C(=NC1NCCCC1CN1CNC2CCCNC21)c1coc(-c2ccc(-c3ccccc3)s2)c1,-0.28746606017481124,-47.527772064536535,-0.0,-47.81523812471135,0.46253393982518876,33.76388603226827,0.36363636363636365,200
FCCC1(c2cc(-c3cc(-c4cccc(Cl)c4)co3)on2)C2CNCC1CNC2,-0.0995749229480426,-39.49789912257407,-0.0,-39.59747404552211,0.6504250770519574,29.748949561287034,0.3055555555555556,200
CC(F)c1cc(C(C)(F)c2ccc(C3CN(c4ccccc4)CCN3C3=NCCN3C(=O)c3ccccc3)cc2Cl)co1,-0.5216277131400306,-72.21713506718802,-0.0,-72.73876278032806,0.22837228685996933,46.10856753359401,0.36486486486486486,200
O=S(=O)(c1ccccc1)N1CC(C2NC(Cc3ccccc3)NO2)C1c1ccc(C(c2ccccc2Cl)C2CCCC2)s1,-0.5443131689467413,-86.22617379911601,-0.0,-86.77048696806276,0.20568683105325875,53.113086899558006,0.24509803921568626,200
O=C(NCC1CCCO1)C1CCN(C2CNC(N3CCNCC3)NC2)CC1c1ccc(-c2ccc(-c3ccc(C4CCCCC4)s3)s2)s1,-0.5227694976804672,-57.40800992145451,-0.0,-57.93077941913497,0.22723050231953282,38.704004960727254,0.379746835443038,200
CN(Cc1ccc(-c2cc(N3CCC4CC=CCC43)no2)s1)c1cccs1,-0.2288129156670763,-34.22176684690383,-0.0,-34.45057976257091,0.5211870843329237,27.110883423451916,0.36619718309859156,200
CNCc1nc(-c2ccc(-c3nc(C4C=CCC(N5CCCC5)C4)cs3)cc2Cl)cs1,-0.3150637678575123,-37.79273310719956,-0.0,-38.10779687505707,0.4349362321424877,28.89636655359978,0.32857142857142857,200
CC(F)c1coc(-c2cc(-c3ccc([SH]4C(NC(=O)CC5(N6CC=CC6)CCOCC5)NNC4C4CCCCC4)s3)co2)c1,-0.6005919673107498,-43.71812928829596,-0.0,-44.31872125560671,0.14940803268925015,31.85906464414798,0.33695652173913043,200
CNCC1(c2ccc(-c3ccc(-c4nccs4)s3)s2)C=CCC(CN2CCC(CCC3NC(C4CCOCC4)NO3)CC2)N1,-0.5516304799444027,-33.36665625650534,-0.0,-33.91828673644974,0.19836952005559727,26.68332812825267,0.3411764705882353,200
Cc1ccc(-c2ccc(-c3csc(C4CCCC5NNC(=O)CC54)n3)s2)s1,-0.1307701357005746,-35.389529696504916,-0.0,-35.52029983220549,0.6192298642994254,27.694764848252458,0.27631578947368424,200
O=S(=O)(c1ccccc1)N1CC(C2NC(Cc3ccccc3)NO2)C1c1ccc(Cc2ccc(C3CCCC3)c(Cl)c2)s1,-0.5429014286967028,-86.3766891757776,-0.0,-86.91959060447431,0.20709857130329723,53.1883445878888,0.24509803921568626,200
CC(F)(c1ccc([SH]2C(NC(=O)CC3(N4CC=CC4)CCOCC3)NNC2C2CCCCC2)cc1)c1ccc(-c2ccon2)s1,-0.5889275267860746,-39.93329625508679,-0.0,-40.52222378187286,0.16107247321392534,29.966648127543394,0.3191489361702128,200
N#CC1(c2csc(-c3ccc(-c4cccs4)c(Cl)c3)n2)C2CNCC1CNC2,-0.09849997200443017,-44.49806198638839,-0.0,-44.596561958392826,0.6515000279955698,32.2490309931942,0.24324324324324326,200
O=C(CC1(N2CC=CC2)CCOCC1)NC1NNC(C2CCCCC2)[SH]1c1coc(-c2ccc(C(F)Cc3cccs3)cc2)c1,-0.6081003387028638,-44.373907757724325,-0.0,-44.98200809642719,0.14189966129713616,32.18695387886216,0.3333333333333333,200
O=Cc1ccc(-c2ccc(-c3ccc(C4C=CCC(CN5CCC(CCC6NC(C7CCOCC7)NO6)CC5)N4)s3)s2)cc1,-0.5783808504848381,-36.85068161420758,-0.0,-37.42906246469242,0.17161914951516188,28.42534080710379,0.36046511627906974,200
O=C(COc1ccccc1)N1CC(C2NCON2)C2(CCOCC2)C1c1ccc(C2CCCC2c2ccc(C3CCCC3)cc2Cl)cc1,-0.4951910282987402,-65.44003745317531,-0.0,-65.93522848147404,0.2548089717012598,42.720018726587654,0.43023255813953487,200
C1=CC(c2cc(-c3cc(-c4nc(C5CCCCC5)cs4)on3)no2)NC(CN2CCC(CCC3NC(C4CCOCC4)NO3)CC2)C1,-0.53357082848985,-36.85068161420758,-0.0,-37.38425244269743,0.21642917151014998,28.42534080710379,0.35555555555555557,200
C=Cc1ccc(Cc2ccc(C3CCCCC4C(C(=O)NCCC5CCCC5=O)NC(c5ccccc5)N34)cc2)cc1,-0.44663832800123543,-31.068581339214816,-0.0,-31.51521966721605,0.30336167199876457,25.534290669607408,0.3815789473684211,200
Cc1ccc(Cc2ccc(C3NCCC4C(=O)NC(c5ccccc5)NC43)cc2Cl)cc1,-0.20367809747445065,-42.321745803531535,-0.0,-42.525423901005986,0.5463219025255494,31.160872901765767,0.2777777777777778,200
Cc1ccc(-c2cc(-c3ccc(C4C(NC(=O)CCC5CCCCC5)CCN4C4CC(N5CCOCC5)CNN4)s3)on2)cc1,-0.46491102539424134,-43.118935352238,-0.0,-43.58384637763224,0.28508897460575866,31.559467676119,0.38823529411764707,200
ClC1(c2ccc(-c3ccccc3)cc2C2CCOC2)C=CCC(CN2CCNc3ccccc32)C1,-0.44390263341973585,-40.89334939055332,-0.0,-41.33725202397306,0.30609736658026415,30.44667469527666,0.4117647058823529,200
CC(F)(Cc1ccc(C2NCCC3C(=O)NC(c4ccccc4)NC32)cc1Cl)c1ccccc1,-0.27715420880643116,-57.84600182411425,-0.0,-58.12315603292068,0.47284579119356884,38.92300091205713,0.2631578947368421,200
CC(F)c1ccc(-c2cc(-c3ccc(C4NCCCC4CN4CNC5CCCNC54)s3)on2)s1,-0.3154523493804495,-29.315312023751808,-0.0,-29.63076437313226,0.4345476506195505,24.657656011875904,0.35365853658536583,200
N#CC1(c2ccc(-c3csc(-c4cccc(Cl)c4)n3)s2)C=CCC(N2CCCC2)C1,-0.33924650688975405,-29.959983987187186,-0.0,-30.29923049407694,0.41075349311024595,24.979991993593593,0.2638888888888889,200
O=C(NC1=CCC2NC(=O)C3CCCN3C(=O)C2C1)C1=CCC(N2CNNN2)CC1c1ccc(-c2ccc(C3CCCC3c3cccc(Cl)c3)cc2)s1,-0.5481218190389773,-64.42748367682174,-0.0,-64.97560549586072,0.2018781809610227,42.21374183841087,0.2916666666666667,200
CC(F)CC(F)c1ccc(-c2coc(C3N(C(=O)COc4ccccc4)CC(C4NCON4)C34CCOCC4)c2)c(Cl)c1,-0.45097611096787205,-86.03772913449251,-0.0,-86.48870524546038,0.29902388903212795,53.018864567246254,0.43023255813953487,200
Cc1cc(C2CCCCC3C(C(=O)NCCC4CCCC4=O)NC(c4ccccc4)N23)ccc1C(C)(F)c1cccs1,-0.4553535963377775,-29.759421218498915,-0.0,-30.21477481483669,0.2946464036622225,24.879710609249457,0.38961038961038963,200
CC(F)c1coc(-c2nc(-c3csc(C4C=CCC(CN5CCC(CCC6NC(C7CCOCC7)NO6)CC5)N4)n3)cs2)c1,-0.5268533839795833,-35.09990925582364,-0.0,-35.626762639803225,0.2231466160204168,27.54995462791182,0.3563218390804598,200
O=C(C1CNN(C2CC(c3ncno3)CCN2)C1)N1CCCC1c1ccc(-c2ccc(C3CCCC3c3ccoc3)cc2)s1,-0.48909551678973096,-55.232971495216105,-0.0,-55.72206701200584,0.26090448321026904,37.61648574760805,0.3058823529411765,200
O=C(C1CCOC1)N1CCC(OC2NOC(C3CNCCN3)N2)CC1c1cccc(Cc2cc(-c3ccccc3Cl)co2)c1,-0.4498263785413997,-63.97618710086806,-0.0,-64.42601347940946,0.3001736214586003,41.98809355043403,0.4069767441860465,200
CNCc1ccc(-c2nc(-c3ccc(N4CCC5CC=CCC54)s3)cs2)s1,-0.21929248449366656,-23.634848458542855,-0.0,-23.854140943036523,0.5307075155063334,21.817424229271428,0.3333333333333333,200
O=C(NCC1CCCO1)C1CCN(C2CNC(N3CCNCC3)NC2)CC1c1ccc(C2CCCC2c2coc(-c3ccccc3)c2)s1,-0.48583015302071003,-56.28892449104261,-0.0,-56.774754644063314,0.26416984697928997,38.144462245521304,0.3924050632911392,200
O=C(C1CNN(C2CC(c3ncno3)CCN2)C1)N1CCCC1c1ccc(C2CCCC(c3ccco3)C2c2cccs2)c(Cl)c1,-0.526775384614574,-62.70429251254133,-0.0,-63.2310678971559,0.22322461538542604,41.352146256270665,0.3146067415730337,200
Clc1cc(C2C=CCC(CN3CCNc4ccccc43)C2)ccc1Cc1ccc(-c2ccoc2)s1,-0.47991651603331714,-64.61678320522472,-0.0,-65.09669972125803,0.27008348396668286,42.30839160261236,0.375,200
O=C1Nc2ccccc2OCC1CC(=O)N1CCN(C2CCCCN2)CC1c1ccc(C=Cc2ccc(C3CCCC3)c(Cl)c2)cc1,-0.49112191856508985,-57.45966692414834,-0.0,-57.95078884271343,0.25887808143491015,38.72983346207417,0.475,200
CC(F)c1nc(C(C)(F)c2ccc(C3N(C(=O)COc4ccccc4)CC(C4NCON4)C34CCOCC4)cc2Cl)cs1,-0.4273402926334771,-69.44271909999159,-0.0,-69.87005939262507,0.3226597073665229,44.721359549995796,0.4222222222222222,200
O=C1N(CC2CC2)NC2C(c3ccc(-c4ccc(C5CCCCC5c5ccccc5Cl)s4)s3)CCCCN12,-0.42611837591370516,-41.05735008989499,-0.0,-41.48346846580869,0.32388162408629484,30.528675044947494,0.3333333333333333,200
O=C(C1CCOC1)N1CCC(OC2NOC(C3CNCCN3)N2)CC1c1ccc(C2CCC(c3cc(-c4cccs4)co3)C2)c(Cl)c1,-0.49145357733311335,-61.092539730853176,-0.0,-61.58399330818629,0.25854642266688665,40.54626986542659,0.38202247191011235,200
c1oc(C2C3CNCC2CNC3)cc1-c1ccc(-c2cc(C3CCCO3)on2)s1,-0.07480428466626443,-39.19459434779497,-0.0,-39.26939863246123,0.6751957153337356,29.597297173897484,0.3684210526315789,200
O=S(=O)(c1ccccc1)N1CC(C2NC(Cc3ccccc3)NO2)C1c1ccc(C(CCF)c2ccccc2Cl)cc1Cl,-0.5517662660388455,-83.86529738079028,-0.0,-84.41706364682912,0.1982337339611545,51.93264869039514,0.25742574257425743,200
O=C1N(CC2CC2)NC2C(c3cc(-c4ccc(C(F)Cc5ccon5)s4)co3)CCCCN12,-0.2561234437612189,-43.21392251711643,-0.0,-43.47004596087765,0.4938765562387811,31.606961258558215,0.3333333333333333,200
CC(F)(c1ccc(CCF)s1)c1ccc(C2CN(c3ccccc3)CCN2C2=NCCN2C(=O)c2ccccc2)cc1Cl,-0.5349594992283521,-72.21713506718802,-0.0,-72.75209456641637,0.2150405007716479,46.10856753359401,0.3246753246753247,200
O=C(NCC1CCCO1)C1CCN(C2CNC(N3CCNCC3)NC2)CC1c1ccc(Cc2ccc(-c3cccs3)s2)s1,-0.46504968764254406,-54.9933330370107,-0.0,-55.45838272465324,0.28495031235745594,37.49666651850535,0.379746835443038,200
c1cc(C2NCCCC2CN2CNC3CCCNC32)ccc1-c1csc(-c2nc(C3CCCC3)cs2)n1,-0.36582842965115536,-37.271284253105414,-0.0,-37.637112682756566,0.38417157034884464,28.635642126552707,0.3157894736842105,200
O=C1N(CC2CC2)NC2C(c3ccc(-c4coc(C(F)Cc5cccs5)c4)s3)CCCCN12,-0.3382030427203849,-42.0644825967316,-0.0,-42.40268563945199,0.4117969572796151,31.0322412983658,0.3373493975903614,200
O=C(CCS(=O)(=O)C1=CC=CC2NCCC2C1)N1CCCN2NC(c3ccccc3)CC2C1(c1ccc(C2CCCCC2c2ccccc2)c(Cl)c1)C1CCCC1,-0.5254605792676903,-56.026311234992846,-0.0,-56.55177181426053,0.22453942073230967,38.01315561749642,0.29473684210526313,200
C1=CCC2C(C1)CCN2c1cc(-c2cc(-c3cc(C4CCCNC4)no3)no2)no1,-0.10106744445660942,-30.27922035990614,-0.0,-30.38028780436275,0.6489325555433906,25.13961017995307,0.35443037974683544,200
O=C1NN(NCCN2CCNC2c2ccc(-c3csc(CC(F)c4cccs4)n3)s2)C1CC1CC1,-0.4046766088772973,-40.266076693277455,-0.0,-40.67075330215475,0.3453233911227027,30.133038346638727,0.25842696629213485,200
CC(F)(c1ccc(C2CN(C3CNC(N4CCNCC4)NC3)CCC2C(=O)NCC2CCCO2)cc1)c1ccc(-c2nccs2)s1,-0.4743458303287618,-50.45565981523414,-0.0,-50.93000564556291,0.2756541696712382,35.22782990761707,0.36046511627906974,200
Cc1ccc(CC(F)c2ccc(C3C(C4NC(Cc5ccccc5)NO4)CN3S(=O)(=O)c3ccccc3)cc2)cc1,-0.4773715569710947,-79.91996797437437,-0.0,-80.39733953134547,0.2726284430289053,49.95998398718719,0.23232323232323232,200
CC1CCCCC1c1ccc(Cc2ccc(C3CCCC34C(C(=O)NCC3CCCN3)c3ccccc3C(=O)N4C3C=CC=CC3)cc2Cl)c(Cl)c1,-0.5077635715167855,-45.665820637528014,-0.0,-46.1735842090448,0.24223642848321444,32.83291031876401,0.358974358974359,200
O=C1CC2C(CCCC2c2cc(Cc3csc(-c4ccoc4)n3)on2)NN1,-0.032840970550461535,-36.49778756730214,-0.0,-36.5306285378526,0.7171590294495385,28.24889378365107,0.3291139240506329,200
O=C1NN(NCCN2CCNC2c2cc(-c3ccc(-c4csc(-c5ccco5)n4)s3)co2)C1CC1CC1,-0.47420716124434764,-51.38627319029899,-0.0,-51.860480351543345,0.27579283875565236,35.6931365951495,0.313953488372093,200
CC1CCCCC1c1ccc(CC(F)c2cc(C3CN(C4CCCCN4)CCN3C(=O)CC3COc4ccccc4NC3=O)on2)cc1Cl,-0.49212312424923027,-72.41212041718337,-0.0,-72.9042435414326,0.25787687575076973,46.20606020859169,0.41379310344827586,200
Cc1ccnc(C2CCOC2c2csc(C3C4CNCC3CNC4)n2)c1,-0.0,-77.54998718605759,-0.0,-77.54998718605759,0.8697706909111586,48.774993593028796,0.3888888888888889,200
O=C1CC2C(CCCC2c2ccc(Cc3ccc(-c4cscn4)s3)c(Cl)c2)NN1,-0.18226449241256493,-36.74504383644443,-0.0,-36.927308328856995,0.5677355075874351,28.372521918222215,0.2875,200
CC1CCCCC1c1coc(C(F)Cc2ccc(C3CCCC34C(C(=O)NCC3CCCN3)c3ccccc3C(=O)N4C3C=CC=CC3)c(Cl)c2)c1,-0.5192122462837622,-50.02856560004639,-0.0,-50.547777846330156,0.23078775371623783,35.014282800023196,0.375,200
CC1CCCCC1C(F)(Cc1ccc(C2CN(c3ccccc3)CCN2C2=NCCN2C(=O)c2ccccc2)c(Cl)c1)c1ccccc1,-0.5516258941757584,-67.52142594816426,-0.0,-68.07305184234002,0.19837410582424167,43.76071297408213,0.3466666666666667,200
O=C(C1CCOC1)N1CCC(OC2NOC(C3CNCCN3)N2)CC1c1ccc(-c2cc(C(F)Cc3ccccc3Cl)co2)cc1,-0.4801687925369757,-59.974996092528826,-0.0,-60.455164885065805,0.2698312074630243,39.98749804626441,0.40229885057471265,200
CNCc1cc(-c2cc(-c3ccc(N4CCC5CC=CCC54)s3)on2)co1,-0.11461706860804532,-21.376321731154405,-0.0,-21.49093879976245,0.6353829313919547,20.688160865577203,0.39436619718309857,200
O=C(NC1CCCC1C(=O)N1CCc2ccccc2C1)C1=CC=C[SH]1c1coc(C(=O)c2cc(C3CCCC3)co2)c1,-0.5023700751142353,-62.68010643437755,-0.0,-63.182476509491785,0.24762992488576469,41.340053217188775,0.3670886075949367,200
CC1CCCCC1c1ccc(Cc2ccc(C3CN(C4CCCCN4)CCN3C(=O)CC3COc4ccccc4NC3=O)cc2)cc1,-0.45384094494970795,-63.54639429682169,-0.0,-64.00023524177139,0.29615905505029205,41.773197148410844,0.48148148148148145,200
O=Cc1coc(-c2ccc(-c3nc(C4CCCCN5C(=O)N(CC6CC6)NC45)cs3)s2)c1,-0.24614296429304638,-33.51635264103861,-0.0,-33.76249560533166,0.5038570357069536,26.758176320519304,0.34523809523809523,200
CNCc1ccc(-c2nc(-c3coc(C4CCCC5NNC(=O)CC54)c3)cs2)s1,-0.1804879833022378,-24.181444068749045,-0.0,-24.361932052051284,0.5695120166977622,22.090722034374522,0.3684210526315789,200
Cc1ccc(-c2ccc(-c3ccc(C4CNCCC4CN4CNNC4C4CCCN4C(=O)CC4CCNCC4)s3)s2)s1,-0.47643718254158635,-45.4828221749796,-0.0,-45.95925935752119,0.27356281745841365,32.7414110874898,0.32051282051282054,200
Cc1ccc(-c2cc(-c3cc(C4C5CNCC4CNC5)no3)on2)c(Cl)c1,-0.030412916953720504,-36.10704055642215,-0.0,-36.13745347337587,0.7195870830462795,28.053520278211074,0.25,200
O=C(C1CNN(C2CC(c3ncno3)CCN2)C1)N1CCCC1c1ccc(CC(F)c2coc(-c3ccno3)c2)cc1,-0.43371302954819774,-58.66384175718855,-0.0,-59.09755478673675,0.31628697045180226,39.331920878594275,0.3372093023255814,200
CC(F)(Cc1ccccc1)c1ccc(C2CN(c3ccccc3)CCN2C2=NCCN2C(=O)c2ccccc2)cc1,-0.4724033477130999,-77.85703858180054,-0.0,-78.32944192951364,0.2775966522869001,48.92851929090027,0.3287671232876712,200
O=[SH](=O)c1cc(Cc2ccc(C3C=CCC(CN4CCNc5ccccc54)C3)cc2)co1,-0.33191986206147583,-48.81860213634101,-0.0,-49.15052199840249,0.41808013793852417,34.40930106817051,0.3373493975903614,200
O=CCc1ccc(-c2ccc(-c3nc(C4CNCCC4CN4CNNC4C4CCCN4C(=O)CC4CCNCC4)cs3)s2)cc1,-0.5051230505113378,-50.9365914038728,-0.0,-51.44171445438413,0.24487694948866226,35.4682957019364,0.30864197530864196,200
CNCc1cc(-c2ccc(-c3csc(N4CCC5CC=CCC54)n3)s2)no1,-0.12366846310885182,-27.74934554525329,-0.0,-27.873014008362144,0.6263315368911482,23.874672772626646,0.36486486486486486,200
O=C(CC1CCNCC1)N1CCCC1C1NNCN1CC1CCNCC1(c1cc(-c2nc(-c3ccccc3)cs2)co1)C1CCCCC1,-0.5153727454036239,-52.773621594641014,-0.0,-53.28899434004464,0.23462725459637607,36.38681079732051,0.3253012048192771,200
Cc1ccc(N(C)Cc2ccc(C3CNCCC3CN3CNNC3C3CCCN3C(=O)CC3CCNCC3)s2)cc1,-0.3872692816983711,-73.35952013587045,-0.0,-73.74678941756882,0.3627307183016289,46.67976006793523,0.3170731707317073,200
C=Cc1nc(-c2cc(-c3coc(C4CC4CN4CCNC4CCC4CCCN4C(=O)CCN4CCCN4)c3)no2)cs1,-0.4328458175547639,-34.91812087098393,-0.0,-35.35096668853869,0.3171541824452361,27.459060435491963,0.30952380952380953,200
O=C1CCCC1CCNC(=O)C1NC(c2ccccc2)N2C(c3ccc(-c4cc(C5CCCC5)no4)c(C4CCCC4)c3)CCCCC12,-0.5079503260295658,-32.57375771237966,-0.0,-33.081708038409225,0.2420496739704342,26.28687885618983,0.38666666666666666,200
Cc1ccc(-c2cc(-c3cc([SH]4C(NC(=O)CC5(N6CC=CC6)CCOCC5)NNC4C4CCCCC4)no3)co2)s1,-0.5559363767941008,-53.67496182557545,-0.0,-54.23089820236955,0.19406362320589915,36.837480912787726,0.3333333333333333,200
O=C(CCC1CCCCC1)NC1CCN(C2CC(N3CCOCC3)CNN2)C1c1ccc(-c2ccc(-c3ccc(-c4ccno4)s3)s2)s1,-0.5871749144880783,-67.52142594816426,-0.0,-68.10860086265234,0.16282508551192162,43.76071297408213,0.3764705882352941,200
O=C1CCCN1c1cc(-c2ccc(-c3coc(C4C=CCC(C5NCCN6CCNC56)C4)c3)s2)on1,-0.24374846736215017,-37.654141221598294,-0.0,-37.89788968896045,0.5062515326378498,28.827070610799147,0.39759036144578314,200
CC(F)c1ccc(-c2ccc(C3(c4ccccc4Cl)C=CCC(CN4CCC(CCC5NC(C6CCOCC6)NO5)CC4)N3)s2)s1,-0.5617673026341099,-29.15282290977803,-0.0,-29.71459021241214,0.18823269736589004,24.576411454889016,0.34831460674157305,200
Cc1cccc(Cc2ccc(C3C=CCC(CN4CCNc5ccccc54)C3)cc2)c1,-0.2695012667698907,-40.92618484691127,-0.0,-41.19568611368116,0.4804987332301093,30.463092423455635,0.4,200
O=CCc1ccc(-c2cc(-c3ccc([SH]4C=CC=C4C(=O)NC4CCCC4C(=O)N4CCc5ccccc5C4)s3)co2)s1,-0.589056901975892,-52.111025509279784,-0.0,-52.70008241125568,0.16094309802410797,36.05551275463989,0.4025974025974026,200
O=S(=O)(c1ccccc1)N1CC(C2NC(Cc3ccccc3)NO2)C1c1ccc(C2CCCC(c3cccc(Cl)c3)C2CCF)cc1,-0.5697668066774045,-92.08925015361643,-0.0,-92.65901696029384,0.1802331933225955,56.04462507680822,0.24271844660194175,200
C1=CCC2C(C1)CCN2c1cc(-c2cc(-c3ccc(C4CCCCC4)s3)no2)on1,-0.3085892934892297,-28.12483766206386,-0.0,-28.43342695555309,0.4414107065107703,24.06241883103193,0.32432432432432434,200
O=C1Nc2ccccc2OCC1CC(=O)N1CCN(C2CCCCN2)CC1c1ccc(CC(F)c2ccc(-c3ccno3)s2)c(Cl)c1,-0.5340259173257472,-70.26627277117406,-0.0,-70.80029868849981,0.21597408267425275,45.13313638558703,0.42528735632183906,200
O=C1N(CC2CC2)NC2C(c3cc(-c4cc(-c5ccc(C6CCCC6)s5)no4)co3)CCCCN12,-0.32862725394978803,-28.82622246293481,-0.0,-29.154849716884595,0.42137274605021197,24.413111231467404,0.3411764705882353,200
CC(F)c1cc(-c2ccc(-c3ccc(C4COCCN4C45NC(=O)NC(=O)C4NCC5=O)s3)s2)co1,-0.28562332518509304,-65.76712656956627,-0.0,-66.05274989475137,0.46437667481490696,42.883563284783136,0.4166666666666667,200
O=C(C1CNN(C2CC(c3ncno3)CCN2)C1)N1CCCC1c1cc(C2CCCC2c2cc(-c3cccs3)no2)co1,-0.4526956906138071,-56.941536246685374,-0.0,-57.39423193729918,0.2973043093861929,38.47076812334269,0.3170731707317073,200
O=C(C1CCOC1)N1CCC(OC2NOC(C3CNCCN3)N2)CC1c1ccc(C2CCCCC2c2coc(-c3cccs3)c2)c(Cl)c1,-0.5063805314973835,-56.52450587883597,-0.0,-57.03088641033335,0.24361946850261645,38.262252939417984,0.38202247191011235,200
CN(C)c1coc(-c2csc(-c3nc(N4CCC5CC=CCC54)cs3)n2)c1,-0.18031219350754557,-31.76871642217914,-0.0,-31.949028615686686,0.5696878064924544,25.88435821108957,0.373134328358209,200
C=CC(c1ccc(C2CCCCC3C(C(=O)NCCC4CCCC4=O)NC(c4ccccc4)N23)cc1)c1cccc(Cl)c1,-0.4983602491015313,-31.22499389946279,-0.0,-31.72335414856432,0.2516397508984687,25.612496949731394,0.3625,200
O=C1N(CC2CC2)NC2C(c3ccc(-c4ccc(-c5cc(C6CCCC6)no5)s4)cc3)CCCCN12,-0.35478331765872767,-37.02630971753301,-0.0,-37.38109303519174,0.39521668234127233,28.513154858766505,0.34523809523809523,200
O=C1N(CC2CC2)NC2C(c3ccc(-c4ccc(C5CCCCC5c5cccs5)cc4)cc3)CCCCN12,-0.3971682695888568,-37.79273310719956,-0.0,-38.18990137678842,0.3528317304111432,28.89636655359978,0.3375,200
O=C1CC2C(CC(F)c3ccc(-c4csc(-c5ccco5)n4)s3)CCCC2NN1,-0.17791763065883515,-46.483080554378645,-0.0,-46.66099818503748,0.5720823693411649,33.24154027718932,0.3037974683544304,200
O=C(NCC1CCCO1)C1CCN(C2CNC(N3CCNCC3)NC2)CC1c1ccc(-c2coc(C3CCCC(c4cccc(Cl)c4)C3)c2)s1,-0.5211840721101964,-63.498502980592406,-0.0,-64.01968705270261,0.2288159278898037,41.7492514902962,0.37349397590361444,200
C1=CCC2C(C1)CCN2c1ccc(-c2cc(Nc3cccs3)no2)cc1,-0.14548865225120922,-30.11985634456667,-0.0,-30.26534499681788,0.6045113477487908,25.059928172283335,0.3108108108108108,200
O=C(NC1CCCC1C(=O)N1CCc2ccccc2C1)C1=CC=C[SH]1c1ccc(N=Cc2ccc(-c3ccco3)s2)cc1,-0.580137196981177,-42.25752966509352,-0.0,-42.8376668620747,0.16986280301882295,31.12876483254676,0.3670886075949367,200
CNCc1ccc(-c2nc(-c3ccc(C4CCCCN5C(=O)N(CC6CC6)NC45)s3)cs2)s1,-0.30352012772032766,-32.421369688324624,-0.0,-32.72488981604495,0.44647987227967234,26.210684844162312,0.3132530120481928,200
O=Cc1cc(-c2coc(-c3coc(C4C(CCCN5CCCO5)CCCN4C(=O)C4CCOC4)c3)c2)co1,-0.4028050139550871,-54.377415927148206,-0.0,-54.780220941103295,0.3471949860449129,37.1887079635741,0.35,200
O=C(C1CCOC1)N1CCCC(CCCN2CCCO2)C1c1ccc(-c2cc(C3CCOC3c3ccco3)co2)s1,-0.46704785190857967,-53.53910524340094,-0.0,-54.00615309530952,0.28295214809142033,36.76955262170047,0.345679012345679,200
O=C1N(CC2CC2)NC2C(c3csc(-c4cc(-c5cc(C6CCCCC6)co5)no4)n3)CCCCN12,-0.33183215298461316,-33.62835071116769,-0.0,-33.9601828641523,0.41816784701538684,26.814175355583846,0.3488372093023256,200
CCc1ccc(-c2ccc(C3NCCC4C(=O)NC(c5ccccc5)NC43)cc2)cc1,-0.15183372868617073,-45.817930687617334,-0.0,-45.969764416303505,0.5981662713138293,32.90896534380867,0.2948717948717949,200
CNCc1ccc(-c2ccc(-c3ccc(C4CC4CN4CCNC4CCC4CCCN4C(=O)CCN4CCCN4)s3)s2)s1,-0.5242757290315063,-40.09991680526688,-0.0,-40.62419253429839,0.22572427096849365,30.04995840263344,0.27848101265822783,200
O=CCc1ccc(-c2ccc(-c3ccc(C4COCCN4C45NC(=O)NC(=O)C4NCC5=O)c(Cl)c3)s2)s1,-0.3598859647036112,-73.38094023943002,-0.0,-73.74082620413363,0.3901140352963888,46.69047011971501,0.4235294117647059,200
CC(F)(c1csc(-c2ccco2)n1)c1ccc(C2C(CCCN3CCCO3)CCCN2C(=O)C2CCOC2)s1,-0.4561089285013015,-41.87083319303208,-0.0,-42.32694212153338,0.2938910714986985,30.93541659651604,0.3448275862068966,200
O=C1CC2C(CCCC2c2coc(-c3csc(-c4nc(C5CCCCC5)cs4)n3)c2)NN1,-0.24808151060916628,-33.028294334251406,-0.0,-33.276375844860574,0.5019184893908337,26.514147167125703,0.2987012987012987,200
O=C(CCN1CCCN1)N1CCCC1CCC1NCCN1CC1CC1c1ccc(-c2csc(-c3ccc(C=S)s3)n2)s1,-0.5018520694083708,-33.178943201233324,-0.0,-33.680795270641696,0.24814793059162918,26.589471600616662,0.2625,200
O=C1NC(=O)C2NCC(=O)C2(N2CCOCC2c2ccc(Cc3cc(-c4ccco4)co3)s2)N1,-0.24877923405846836,-58.2559901860554,-0.0,-58.50476942011387,0.5012207659415316,39.1279950930277,0.43209876543209874,200
O=C(CCNC1C(c2ccccc2)NC2CNCCN21)N1CCSCC1c1ccc(-c2ccc(C3CCCCC3)c(C3CCCO3)c2)cc1,-0.5186707335032584,-73.12357381458253,-0.0,-73.64224454808578,0.23132926649674154,46.561786907291264,0.43243243243243246,200
O=C(CC1(N2CC=CC2)CCOCC1)NC1NNC(C2CCCCC2)[SH]1c1ccc(-c2csc(-c3ccc(C4CCCC4)c(Cl)c3)n2)s1,-0.6188783617327207,-49.10861017268398,-0.0,-49.7274885344167,0.13112163826727932,34.55430508634199,0.31521739130434784,200
CC(F)c1ccc(C(C)(F)c2ccc(C3CN(c4ccccc4)CCN3C3=NCCN3C(=O)c3ccccc3)cc2)s1,-0.512653155941802,-74.78396488858229,-0.0,-75.2966180445241,0.23734684405819798,47.391982444291145,0.32,200
O=C(NC1CCCC1C(=O)N1CCc2ccccc2C1)C1=CC=CS1(c1ccc(-c2ccco2)cc1)c1ccc(C=S)s1,-0.537208798257888,-67.26969691708571,-0.0,-67.8069057153436,0.212791201742112,43.634848458542855,0.37662337662337664,200
CC(F)c1ccc(-c2ccc(-c3csc(C4CCCCN5C(=O)N(CC6CC6)NC45)n3)s2)s1,-0.35017919477455317,-34.699177324709375,-0.0,-35.04935651948393,0.39982080522544683,27.349588662354687,0.3058823529411765,200
O=C1N(CC2CC2)NC2C(c3ccc(-c4cc(C5CCCCC5c5ccco5)on4)s3)CCCCN12,-0.3465664777668649,-39.16079783099616,-0.0,-39.50736430876302,0.4034335222331351,29.58039891549808,0.35714285714285715,200
Clc1cc(C2C3CNCC2CNC3)ccc1-c1cc(-c2cc(C3CCCCC3)no2)on1,-0.18522860084230397,-34.954526656136345,-0.0,-35.139755256978646,0.564771399157696,27.477263328068172,0.29577464788732394,200
CC(F)(c1cccc(Cl)c1)c1cc(-c2ccc(C3COCCN3C34NC(=O)NC(=O)C3NCC4=O)s2)co1,-0.30991469413055184,-62.92164976651152,-0.0,-63.231564460642076,0.44008530586944816,41.46082488325576,0.40229885057471265,200
O=C(C1CCOC1)N1CCC(OC2NOC(C3CNCCN3)N2)CC1c1ccc(C2CCCC2c2ccnc(-c3ccccc3)c2)s1,-0.4672131850777572,-59.27168473042566,-0.0,-59.73889791550342,0.2827868149222428,39.63584236521283,0.3804347826086957,200
O=C(CC1CCNCC1)N1CCCC1C1NNCN1CC1CCNCC1c1nc(-c2ccc(-c3ccc(C4CCCCC4)s3)s2)cs1,-0.5438209894493927,-43.74950980203691,-0.0,-44.293330791486305,0.2061790105506073,31.874754901018456,0.3,200
CC(F)C(c1ccccc1)c1ccc(C2N(C(=O)COc3ccccc3)CC(C3NCON3)C23CCOCC3)cc1Cl,-0.3963775630852104,-64.38009243891595,-0.0,-64.77647000200116,0.3536224369147896,42.190046219457976,0.43529411764705883,200
Cc1cc(-c2cc(-c3ccc(C4CNCCC4CN4CNNC4C4CCCN4C(=O)CC4CCNCC4)s3)no2)co1,-0.4394720862000858,-41.05735008989499,-0.0,-41.49682217609507,0.3105279137999142,30.528675044947494,0.34523809523809523,200
O=C(NC1CCCC1C(=O)N1CCc2ccccc2C1)C1=CC=C[SH]1c1coc(-c2nc(C3CCCC3c3cccs3)cs2)c1,-0.552828263789198,-41.741396161732524,-0.0,-42.29422442552172,0.19717173621080197,30.870698080866262,0.38271604938271603,200
CNCc1ccc(-c2cc(-c3cc(C4CCCC5NNC(=O)CC54)no3)co2)s1,-0.15767623417837062,-28.0,-0.0,-28.15767623417837,0.5923237658216294,24.0,0.3670886075949367,200
O=C(CCC1CCCCC1)NC1CCN(C2CC(N3CCOCC3)CNN2)C1c1ccc(CC(F)c2cccc(-c3cscn3)c2)s1,-0.5286736592111069,-38.1033561853358,-0.0,-38.632029844546906,0.2213263407888931,29.0516780926679,0.3372093023255814,200
C1=CCC2C(C1)CCN2Nc1cc(-c2cc(-c3cccs3)co2)co1,-0.13257976180988063,-23.954521951671822,-0.0,-24.0871017134817,0.6174202381901194,21.97726097583591,0.2727272727272727,200
CC1(c2ccc(-c3ccc(-c4ccon4)s3)cc2Cl)C=CCC(CN2CCC(CCC3NC(C4CCOCC4)NO3)CC2)N1,-0.5220979525705853,-34.55272678794342,-0.0,-35.074824740514,0.22790204742941467,27.27636339397171,0.36666666666666664,200
CNCc1cc(-c2cc(-c3ccc(N4CCC5CC=CCC54)s3)co2)no1,-0.11461706860804532,-23.954521951671822,-0.0,-24.069139020279867,0.6353829313919547,21.97726097583591,0.3835616438356164,200
CC(F)c1ccc(C(c2ccccc2Cl)C2CSCCN2C(=O)CCNC2C(c3ccccc3)NC3CNCCN32)cc1,-0.4495352293039111,-58.968348089598535,-0.0,-59.41788331890245,0.3004647706960889,39.48417404479927,0.35443037974683544,200
Cc1ccc(-c2nc(-c3cc(C4C=CCC(C5=CCC(N6CCOCC6)NN5)C4)no3)cs2)s1,-0.2635001926368606,-34.3323108288245,-0.0,-34.59581102146136,0.4864998073631394,27.16615541441225,0.3411764705882353,200
O=C1CC2C(CCCC2c2cc(-c3ccc(-c4ccc(C5CCCC5)cc4Cl)s3)on2)NN1,-0.31303721572433973,-39.0592922409336,-0.0,-39.372329456657944,0.43696278427566027,29.5296461204668,0.3170731707317073,200
S=Cc1ccc(-c2nc(-c3coc(N4CCC5CC=CCC54)c3)cs2)s1,-0.3533778006484874,-26.647615158762406,-0.0,-27.000992959410894,0.3966221993515126,23.323807579381203,0.3,200
CC(F)(c1ccc([SH]2C=CC=C2C(=O)NC2CCCC2C(=O)N2CCc3ccccc3C2)cc1)c1coc(-c2cscn2)c1,-0.5386163475555434,-42.161081071680215,-0.0,-42.69969741923576,0.2113836524444566,31.080540535840107,0.37209302325581395,200
C=Cc1ccc(Cc2cccc(C3CCCCC4C(C(=O)NCCC5CCCC5=O)NC(c5ccccc5)N34)c2)cc1,-0.44663832800123543,-36.568542494923804,-0.0,-37.01518082292504,0.30336167199876457,28.284271247461902,0.3815789473684211,200
CC1CCCCC1C1(c2ccc(Cc3ccccc3)c(Cl)c2)N(C(=O)COc2ccccc2)CC(C2NCON2)C12CCOCC2,-0.4650759296965046,-64.38009243891595,-0.0,-64.84516836861246,0.2849240703034954,42.190046219457976,0.42528735632183906,200
C1=CC(c2ccc(-c3ccc(-c4ccc(C5CCCNC5)s4)s3)cc2)CC(C2=CCC(N3CCOCC3)NN2)C1,-0.462885434536743,-40.92618484691127,-0.0,-41.389070281448014,0.287114565463257,30.463092423455635,0.3125,200
O=C1N(CC2CC2)NC2C(c3ccc(-c4nc(-c5ccc(C6CCCNC6)s5)cs4)s3)CCCCN12,-0.3647458607296844,-35.67764362830022,-0.0,-36.0423894890299,0.3852541392703156,27.83882181415011,0.3333333333333333,200
CC(F)(c1cccs1)c1ccc(-c2cc(C3C=CCC(C4=CCC(N5CCOCC5)NN4)C3)on2)s1,-0.3531988328469624,-41.83849933496123,-0.0,-42.19169816780819,0.3968011671530376,30.919249667480614,0.32954545454545453,200
C=Cc1ccc(-c2ccc(-c3ccc(C4CNCCC4CN4CNNC4C4CCCN4C(=O)CC4CCNCC4)s3)s2)s1,-0.5052254713964187,-45.4828221749796,-0.0,-45.988047646376025,0.24477452860358126,32.7414110874898,0.3,200
O=C(C1CCOC1)N1CCCC(CCCN2CCCO2)C1c1csc(-c2ccc(Nc3ccccc3)cc2)n1,-0.409583704150449,-55.365774725667094,-0.0,-55.775358429817544,0.340416295849551,37.68288736283355,0.3780487804878049,200
O=C(C1CNN(C2CC(c3ncno3)CCN2)C1)N1CCCC1c1ccc(Cc2coc(-c3ccoc3)c2)cc1,-0.393730106633218,-52.63607918933951,-0.0,-53.02980929597273,0.356269893366782,36.318039594669756,0.3493975903614458,200
CN(C)c1csc(-c2ccc3c(c2)OCC(c2ccc(C4C=CCC(C5NCCN6CCNC56)C4)s2)O3)n1,-0.30251672634499216,-38.65151319446072,-0.0,-38.95402992080571,0.44748327365500784,29.32575659723036,0.4146341463414634,200
CC(F)C1CCCC1c1ccc(-c2ccc(C3CN(C4CCCCN4)CCN3C(=O)CC3COc4ccccc4NC3=O)cc2Cl)cc1,-0.4790434850235946,-75.83318840568751,-0.0,-76.3122318907111,0.2709565149764054,47.916594202843754,0.46153846153846156,200
Oc1ccc(-c2ccc(-c3nc(C4C=CCC(N5CCCC5)C4)cs3)cc2Cl)s1,-0.29869476862839295,-36.7097875150313,-0.0,-37.008482283659696,0.45130523137160705,28.35489375751565,0.37142857142857144,200
Sc1ccc(-c2cc(-c3ccc(C4C5CNCC4CNC5)s3)co2)s1,-0.1735497690466251,-40.794736614282655,-0.0,-40.96828638332928,0.5764502309533749,30.397368307141328,0.273972602739726,200
O=C(CC1(N2CC=CC2)CCOCC1)NC1NNC(C2CCCCC2)[SH]1c1ccc(-c2ccc(-c3cc(CCF)on3)s2)s1,-0.5983597109487848,-42.76941930590086,-0.0,-43.367779016849646,0.15164028905121513,31.38470965295043,0.3225806451612903,200
Cc1ccc(C(C)(F)c2ccc(C3N(C(=O)COc4ccccc4)CC(C4NCON4)C34CCOCC4)cc2Cl)cc1Cl,-0.430528779592591,-68.38551917593742,-0.0,-68.81604795553001,0.319471220407409,44.19275958796871,0.43023255813953487,200
CN(C)c1ccc(-c2csc(-c3ccc(C4CCCCN5C(=O)N(CC6CC6)NC45)cc3)n2)s1,-0.28202088442061973,-33.665631459994955,-0.0,-33.94765234441557,0.46797911557938027,26.832815729997478,0.35365853658536583,200
O=C(CC1(N2CC=CC2)CCOCC1)NC1NNC(C2CCCCC2)[SH]1c1ccc(-c2nc(C3CCCC3c3ccccc3Cl)cs2)s1,-0.6181817374405985,-50.02856560004639,-0.0,-50.64674733748699,0.13181826255940154,35.014282800023196,0.31521739130434784,200
CC(F)c1nc(-c2cc(-c3ccc(N4CCC5CC=CCC54)s3)on2)cs1,-0.25469676449143513,-29.234134500364682,-0.0,-29.488831264856117,0.49530323550856487,24.61706725018234,0.3108108108108108,200
CNCc1ccc(-c2cc(-c3ccc(C4C=CCC(N5CCCC5)C4)s3)no2)cc1Cl,-0.3081513154923895,-27.833042972405593,-0.0,-28.14119428789798,0.4418486845076105,23.916521486202797,0.3561643835616438,200
C1=CC(Nc2ccc(-c3ccc(N4CCCCC4)cc3)cc2)CC(CN2CCNc3ccccc32)C1,-0.3773160625871968,-52.91090453423274,-0.0,-53.28822059681994,0.3726839374128032,36.45545226711637,0.36923076923076925,200
O=C(CC1CCNCC1)N1CCCC1C1NNCN1CC1CCNCC1c1ccc(-c2ccc(-c3ccc(C=S)s3)s2)s1,-0.5169174030524809,-43.71812928829596,-0.0,-44.235046691348444,0.23308259694751907,31.85906464414798,0.3037974683544304,200
Cc1nc(-c2coc(-c3coc(C4CC4CN4CCNC4CCC4CCCN4C(=O)CCN4CCCN4)c3)c2)cs1,-0.41077233105188926,-39.295868321494375,-0.0,-39.70664065254626,0.33922766894811074,29.647934160747187,0.325,200
Cc1ccc(Cc2ccc(C3N(C(=O)COc4ccccc4)CC(C4NCON4)C34CCOCC4)cc2Cl)c(Cl)c1,-0.38377920476707744,-70.08884503644167,-0.0,-70.47262424120875,0.36622079523292256,45.044422518220834,0.44047619047619047,200
CC1CCCCC1c1ccc(-c2cc(C3C4CC(c5ccccc5)NN4CCCN3C(=O)CCS(=O)(=O)C3=CC=CC4NCCC4C3)ccc2C2CCCC2)cc1,-0.5248955093422059,-64.0,-0.0,-64.5248955093422,0.22510449065779417,42.0,0.35294117647058826,200
O=C(CC1CCNCC1)N1CCCC1C1NNCN1CC1CCNCC1c1nc(-c2ccc(CC(F)c3ccccc3)s2)cs1,-0.5014071207676036,-50.0,-0.0,-50.5014071207676,0.2485928792323963,35.0,0.2891566265060241,200
S=Cc1ccc(-c2nc(-c3csc(N4CCC5CC=CCC54)n3)cs2)cc1,-0.34940681564786397,-30.714889332423866,-0.0,-31.06429614807173,0.40059318435213603,25.357444666211933,0.2714285714285714,200
CC1CCCCC1c1cc(C2CCCC23C(C(=O)NCC2CCCN2)c2ccccc2C(=O)N3C2C=CC=CC2)ccc1Cc1ccccc1Cl,-0.5037222880584147,-38.787753826796276,-0.0,-39.29147611485469,0.24627771194158532,29.393876913398138,0.358974358974359,200
CC(F)c1cc(C2CCCCC3C(C(=O)NCCC4CCCC4=O)NC(c4ccccc4)N23)ccc1Cc1ccccc1,-0.4679444421058053,-31.068581339214816,-0.0,-31.53652578132062,0.2820555578941947,25.534290669607408,0.3783783783783784,200
O=C(C1CNN(C2CC(c3ncno3)CCN2)C1)N1CCCC1c1ccc(-c2nc(C3CCCC3C3CCCC3)cs2)c(Cl)c1,-0.4511977292997088,-73.72299611087985,-0.0,-74.17419384017956,0.2988022707002912,46.861498055439924,0.28888888888888886,200
C1=CCC2C(C1)CCN2c1cc(-c2nc(-c3ccc(C4CCNCC4)s3)cs2)co1,-0.2524005557377304,-25.077710678338576,-0.0,-25.330111234076305,0.4975994442622696,22.538855339169288,0.3424657534246575,200
O=C(NC1CCCC1C(=O)N1CCc2ccccc2C1)C1=CC=CS1(c1csc(-c2coc(-c3ccoc3)c2)n1)C1CCCCC1,-0.5336760523647446,-52.553428588868215,-0.0,-53.08710464123296,0.21632394763525545,36.27671429443411,0.3625,200
CC(F)c1coc(C(F)Cc2ccc(C3C(C4NC(Cc5ccccc5)NO4)CN3S(=O)(=O)c3ccccc3)cc2Cl)c1,-0.5437754417484366,-75.60334722173695,-0.0,-76.14712266348539,0.20622455825156333,47.80167361086848,0.25742574257425743,200
O=C(NC1=CCC2NC(=O)C3CCCN3C(=O)C2C1)C1=CCC(N2CNNN2)CC1c1coc(CC(F)c2ccc(-c3nccs3)cc2)c1,-0.5093451562858801,-58.10249675906654,-0.0,-58.61184191535242,0.24065484371411996,39.05124837953327,0.3402061855670103,200
CNCc1csc(-c2cc(-c3ccc(C4C5CNCC4CNC5)s3)on2)n1,-0.13953987227698483,-39.86651818838306,-0.0,-40.006058060660045,0.6104601277230152,29.93325909419153,0.30434782608695654,200
CC(F)(c1cccc(Cl)c1)c1nc(-c2cc(C3C=CCC(C4=CCC(N5CCOCC5)NN4)C3)no2)cs1,-0.37631136370710244,-35.96427431853289,-0.0,-36.34058568223999,0.37368863629289756,27.982137159266443,0.31521739130434784,200
CC(F)Cc1ccc(-c2ccc(C3CCCCC4C(C(=O)NCCC5CCCC5=O)NC(c5ccccc5)N34)cc2)c(Cl)c1,-0.4915155697995183,-32.15361924162119,-0.0,-32.64513481142071,0.2584844302004817,26.076809620810597,0.3684210526315789,200
Cc1ccc(Cc2ccc3c(C4CN(C5CNC(N6CCNCC6)NC5)CCC4C(=O)NCC4CCCO4)c[nH]c3c2)s1,-0.480485451296953,-55.49834435270749,-0.0,-55.97882980400444,0.269514548703047,37.749172176353746,0.425,200
C1=CC(c2nc(-c3cc(-c4coc(C5CCCCC5)c4)on3)cs2)CC(C2NCCN3CCNC23)C1,-0.2979019553229754,-35.24490926773253,-0.0,-35.54281122305551,0.4520980446770246,27.622454633866266,0.34615384615384615,200
O=C(NCC1CCCN1)C1c2ccccc2C(=O)N(C2C=CC=CC2)C12CCCC2c1ccc(Cc2ccc(C3CCCCC3)c(Cl)c2)c(Cl)c1,-0.506376153665677,-45.909028213136324,-0.0,-46.415404366802,0.24362384633432305,32.95451410656816,0.3783783783783784,200
Cc1ccc(Cc2cccc(C3CN(C4CCCCN4)CCN3C(=O)CC3COc4ccccc4NC3=O)c2)cc1,-0.2951460855152057,-66.44073113989724,-0.0,-66.73587722541244,0.4548539144847943,43.22036556994862,0.4625,200
C=Cc1ccnc(-c2csc(-c3ccc(C4CCCCN5C(=O)N(CC6CC6)NC45)s3)n2)c1,-0.26424273416376093,-33.777318638995006,-0.0,-34.041561373158764,0.48575726583623907,26.888659319497503,0.32142857142857145,200
O=C1N(CC2CC2)NC2C(c3cc(Cc4coc(-c5cccs5)c4)no3)CCCCN12,-0.15352194770742134,-34.99090833947008,-0.0,-35.1444302871775,0.5964780522925787,27.49545416973504,0.34523809523809523,200
O=C(C1CCOC1)N1CCCC(CCCN2CCCO2)C1(c1ccc(-c2cccc(Cl)c2)s1)c1ccc(N2CCCC2)s1,-0.5095063515839363,-61.78019320104349,-0.0,-62.289699552627425,0.24049364841606366,40.890096600521744,0.3717948717948718,200
CC(F)(c1cccs1)C(C)(F)c1ccc(C2CN(c3ccccc3)CCN2C2=NCCN2C(=O)c2ccccc2)cc1Cl,-0.5290573270580806,-67.54427451295716,-0.0,-68.07333184001524,0.2209426729419194,43.77213725647858,0.3246753246753247,200
CC(F)C1CCC(c2cccs2)C1c1ccc(C2CN(c3ccccc3)CCN2C2=NCCN2C(=O)c2ccccc2)cc1Cl,-0.5375717544126801,-67.54427451295716,-0.0,-68.08184626736984,0.2124282455873199,43.77213725647858,0.3466666666666667,200
Cc1ccc(-c2cc(-c3cccc(C4CNCCC4CN4CNNC4C4CCCN4C(=O)CC4CCNCC4)c3)on2)s1,-0.44482293474987145,-42.6418390534633,-0.0,-43.08666198821317,0.30517706525012855,31.32091952673165,0.3373493975903614,200
CC1CCCCC1c1ccc(C2CCCC2c2ccc(C3C(C4NC(Cc5ccccc5)NO4)CN3S(=O)(=O)c3ccccc3)cc2)cc1Cl,-0.5684502664029745,-78.71170143402453,-0.0,-79.28015170042751,0.18154973359702556,49.35585071701227,0.28431372549019607,200
CC(F)C1(c2cc(-c3ccc(-c4ccno4)s3)no2)C=CCC(C2=CCC(N3CCOCC3)NN2)C1,-0.2877385356346058,-36.213877290220786,-0.0,-36.50161582585539,0.4622614643653942,28.106938645110393,0.3522727272727273,200
CC(F)Cc1coc(-c2ccc(C3NCCC4C(=O)NC(c5ccccc5)NC43)cc2)c1,-0.1881524708018696,-50.710678118654755,-0.0,-50.89883058945662,0.5618475291981304,35.35533905932738,0.3013698630136986,200
Cc1ccc(-c2cc(-c3ccc([SH]4C(NC(=O)CC5(N6CC=CC6)CCOCC5)NNC4C4CCCCC4)s3)co2)cc1,-0.5813378000329833,-45.60487786742691,-0.0,-46.18621566745989,0.1686621999670167,32.802438933713454,0.3563218390804598,200
C1=CCC2C(C1)CCN2c1ccc(Cc2ccc(-c3nccs3)cc2)cc1,-0.22354610664291075,-41.70899448216605,-0.0,-41.93254058880896,0.5264538933570893,30.854497241083024,0.30303030303030304,200
O=C(CCN1CCCN1)N1CCCC1CCC1NCCN1CC1CC1c1coc(-c2csc(-c3ccc(-c4cccc(Cl)c4)s3)n2)c1,-0.5865352718467021,-48.49817515817483,-0.0,-49.08471043002153,0.16346472815329793,34.249087579087416,0.3132530120481928,200
CC1CCCCC1c1ccc(Cc2ccc(C3COCCN3C34NC(=O)NC(=O)C3NCC4=O)s2)c(Cl)c1,-0.231211593601644,-83.6532681587995,-0.0,-83.88447975240115,0.518788406398356,51.82663407939975,0.43529411764705883,200
C=Cc1ccc(C2CCCCC2c2ccc(C3CCCC34C(C(=O)NCC3CCCN3)c3ccccc3C(=O)N4C3C=CC=CC3)cc2Cl)c(Cl)c1,-0.5076496636689948,-47.70524351924303,-0.0,-48.21289318291202,0.24235033633100522,33.85262175962151,0.37333333333333335,200
O=C(CC1(N2CC=CC2)CCOCC1)NC1NNC(C2CCCCC2)[SH]1c1cc(CC(F)c2ccc(-c3ccon3)cc2)co1,-0.5858865343172243,-49.91423317179414,-0.0,-50.50011970611136,0.16411346568277574,34.95711658589707,0.30526315789473685,200
FCCc1ccc(-c2cc(-c3nc(C4C5CNCC4CNC5)cs3)co2)s1,-0.07852557938999882,-45.14598989960932,-0.0,-45.224515478999315,0.6714744206100012,32.57299494980466,0.3333333333333333,200
O=C(CCS(=O)(=O)C1=CC=CC2NCCC2C1)N1CCCN2NC(c3ccccc3)CC2C1c1ccc(C2CCCCC2c2ccc(C3CCCCC3)cc2)cc1,-0.5248138137908788,-53.810568348983736,-0.0,-54.335382162774614,0.22518618620912123,36.90528417449187,0.3,200
O=C(CC1CCNCC1)N1CCCC1C1NNCN1CC1CCNCC1c1ccc(-c2ccc(-c3ccc(C4CCCC4)s3)s2)s1,-0.5461324033386752,-45.4828221749796,-0.0,-46.02895457831828,0.20386759666132476,32.7414110874898,0.3076923076923077,200
CC(F)c1ccc(C(C)(F)c2cccc(C3C(C4NC(Cc5ccccc5)NO4)CN3S(=O)(=O)c3ccccc3)c2)cc1Cl,-0.5428276410865723,-89.78160137290766,-0.0,-90.32442901399423,0.20717235891342764,54.89080068645383,0.24509803921568626,200
C#Cc1ccc(-c2ccc(C)cc2)cc1C1CCCCC2C(C(=O)NCCC3CCCC3=O)NC(c3ccccc3)N12,-0.42432110875660495,-43.118935352238,-0.0,-43.543256460994606,0.32567889124339505,31.559467676119,0.39436619718309857,200
c1nc(-c2ccc(C3(c4cc(C5CC5)no4)C4CNCC3CNC4)s2)cs1,-0.0453188010687241,-59.974996092528826,-0.0,-60.02031489359755,0.7046811989312759,39.98749804626441,0.28169014084507044,200
O=C(NC1CCCC1C(=O)N1CCc2ccccc2C1)C1=CC=C[SH]1c1cc(-c2ccc(C3CCCCC3c3ccno3)cc2)on1,-0.547487835640515,-49.16646586316233,-0.0,-49.71395369880285,0.20251216435948502,34.583232931581165,0.34523809523809523,200
CNCc1cc(-c2ccc(-c3ccc(C4NCCCC4CN4CNC5CCCNC54)s3)s2)co1,-0.36277887839368766,-30.714889332423866,-0.0,-31.077668210817553,0.38722112160631234,25.357444666211933,0.41333333333333333,200
Cc1ccc(-c2csc(-c3cc(C4CN(C5CNC(N6CCNCC6)NC5)CCC4C(=O)NCC4CCCO4)co3)n2)s1,-0.44919011313310414,-57.56287771866127,-0.0,-58.012067831794376,0.30080988686689586,38.781438859330635,0.3950617283950617,200
O=C1NC(=O)C2NCC(=O)C2(N2CCOCC2c2coc(-c3csc(Cc4ccccc4Cl)n3)c2)N1,-0.28960238656703313,-64.970583144992,-0.0,-65.26018553155905,0.46039761343296687,42.485291572496,0.41379310344827586,200
O=S(=O)(c1ccccc1)N1CC(C2NC(Cc3ccccc3)NO2)C1c1ccc(Cc2ccc(CCF)c(Cl)c2)cc1,-0.5117323992006688,-78.89388252060893,-0.0,-79.4056149198096,0.23826760079933115,49.44694126030446,0.25742574257425743,200
C1=CC(c2coc(-c3csc(-c4csc(C5CCCCC5)n4)n3)c2)NC(CN2CCC(CCC3NC(C4CCOCC4)NO3)CC2)C1,-0.5579317066669864,-33.32916650389353,-0.0,-33.88709821056052,0.19206829333301356,26.664583251946766,0.35714285714285715,200
O=C(CC1CCNCC1)N1CCCC1C1NNCN1CC1CCNCC1c1ccc(-c2cc(-c3nc(C4CCCC4)cs3)on2)cc1,-0.4944065126180936,-44.52906321960671,-0.0,-45.023469732224804,0.2555934873819064,32.264531609803356,0.3333333333333333,200
OC1(c2ccc(-c3csc(-c4ccccc4Cl)n3)s2)C2CNCC1CNC2,-0.14400136110963335,-34.11099703387473,-0.0,-34.25499839498436,0.6059986388903666,27.055498516937366,0.32432432432432434,200
Clc1cccc(-c2cc(-c3ccc(C=NC4C5CNCC4CNC5)s3)on2)c1,-0.11326504657341285,-35.71355310873648,-0.0,-35.82681815530989,0.6367349534265871,27.85677655436824,0.25675675675675674,200
c1csc(-c2nc(-c3ccc(CC4NCCCC4CN4CNC5CCCNC54)s3)cs2)c1,-0.26839288174577913,-35.71355310873648,-0.0,-35.98194599048226,0.48160711825422087,27.85677655436824,0.3157894736842105,200
Cc1csc(-c2ccc(-c3csc(C4C(NC(=O)CCC5CCCCC5)CCN4C4CC(N5CCOCC5)CNN4)n3)s2)n1,-0.46841895450941284,-55.86830695356264,-0.0,-56.33672590807205,0.28158104549058716,37.93415347678132,0.3614457831325301,200
CC(F)(c1ccc(C2COCCN2C23NC(=O)NC(=O)C2NCC3=O)c(Cl)c1)c1ccc(-c2ccco2)s1,-0.3099146941305511,-59.17070165155795,-0.0,-59.480616345688496,0.4400853058694489,39.585350825778974,0.41379310344827586,200
O=C1CCCC1CCNC(=O)C1NC(c2ccccc2)N2C(c3ccc(C=Cc4ccccc4C4CCCCC4)c(Cl)c3)CCCCC12,-0.5259648591897838,-42.0,-0.0,-42.525964859189784,0.22403514081021625,31.0,0.3783783783783784,200
Cc1ccc(Cc2cccc(C3C(CC4NCNN4)CN3C(=O)Nc3ccccc3)c2)cc1,-0.28628154875668593,-60.274528961557905,-0.0,-60.56081051031459,0.46371845124331407,40.13726448077895,0.24705882352941178,200
Cc1ccc(C(F)Cc2ccc(C3C(C4NC(Cc5ccccc5)NO4)CN3S(=O)(=O)c3ccccc3)cc2)c(Cl)c1,-0.5150993862804503,-78.71170143402453,-0.0,-79.22680082030499,0.23490061371954976,49.35585071701227,0.2376237623762376,200
O=C(Nc1ccccc1)N1CC(CC2NCNN2)C1CC(F)(c1ccc(CCF)cc1)c1cccc(Cl)c1,-0.4545109289255151,-116.63088962602856,-0.0,-117.08540055495408,0.2954890710744849,68.31544481301428,0.22826086956521738,200
Cc1cccc(Cc2ccc(C3N(C(=O)COc4ccccc4)CC(C4NCON4)C34CCOCC4)cc2Cl)c1,-0.3281283560054388,-64.38009243891595,-0.0,-64.70822079492139,0.4218716439945612,42.190046219457976,0.43529411764705883,200
O=C1NN(NCCN2CCNC2c2ccc(-c3cc(-c4cc(C5CCCCC5)no4)co3)cc2)C1CC1CC1,-0.39936073736017474,-39.09314681077663,-0.0,-39.49250754813681,0.35063926263982526,29.546573405388315,0.3409090909090909,200
O=C1CCCC1CCNC(=O)C1NC(c2ccccc2)N2C(c3ccc(C(c4ccccc4)c4ccco4)cc3)CCCCC12,-0.5392236592462961,-52.63607918933951,-0.0,-53.17530284858581,0.21077634075370388,36.318039594669756,0.4189189189189189,200
CC(F)c1ccc(-c2coc(C(C)(F)C3CSCCN3C(=O)CCNC3C(c4ccccc4)NC4CNCCN43)c2)cc1Cl,-0.4711958471357583,-70.31057523900509,-0.0,-70.78177108614085,0.2788041528642417,45.155287619502545,0.36585365853658536,200
C1=CCC2C(C1)CCN2c1cccc(-c2nc(C=Cc3cccs3)cs2)c1,-0.2826527404105195,-32.03844732503075,-0.0,-32.32110006544127,0.4673472595894805,26.019223662515376,0.2878787878787879,200
CC(F)C1CCCC(c2ccccc2)C1c1ccc(C2CN(c3ccccc3)CCN2C2=NCCN2C(=O)c2ccccc2)cc1Cl,-0.540099539743329,-67.79521627059188,-0.0,-68.3353158103352,0.20990046025667092,43.89760813529594,0.3472222222222222,200
CNCc1cc(-c2ccc(-c3coc(C4NCCCC4CN4CNC5CCCNC54)c3)s2)no1,-0.34234602204484893,-31.65268628057983,-0.0,-31.99503230262468,0.40765397795515107,25.826343140289914,0.3974358974358974,200
O=C(NC1=CCC2NC(=O)C3CCCN3C(=O)C2C1)C1=CCC(N2CNNN2)CC1c1ccc(-c2cc(CC(F)c3ccccc3)co2)s1,-0.5103543187115452,-68.24964589164084,-0.0,-68.76000021035239,0.23964568128845476,44.12482294582042,0.3368421052631579,200
O=C(NCC1CCCO1)C1CCN(C2CNC(N3CCNCC3)NC2)CC1c1ccc(-c2ccc(-c3ccc(C4CCCC4)s3)cc2)s1,-0.5052672485886961,-60.67217612039482,-0.0,-61.17744336898352,0.24473275141130393,40.33608806019741,0.379746835443038,200
O=C1N(CC2CC2)NC2C(c3cc(-c4nc(C5CCCC5c5ccccc5Cl)cs4)co3)CCCCN12,-0.39258253494778383,-36.42694391866354,-0.0,-36.819526453611324,0.35741746505221617,28.21347195933177,0.3488372093023256,200
O=C(C1CNN(C2CC(c3ncno3)CCN2)C1)N1CCCC1c1cc(-c2ccc(Cc3ccccc3Cl)s2)co1,-0.4490086420167498,-54.16198487095663,-0.0,-54.61099351297338,0.3009913579832502,37.080992435478315,0.3258426966292135,200
O=C(NCC1CCCO1)C1CCN(C2CNC(N3CCNCC3)NC2)CC1c1ccc(C2CCC(c3cccc(-c4ccccc4)c3)C2)cc1,-0.49184641284841685,-62.72847151978574,-0.0,-63.22031793263416,0.25815358715158315,41.36423575989287,0.39473684210526316,200
CC(F)c1csc(-c2ccc(-c3ccc([SH]4C(NC(=O)CC5(N6CC=CC6)CCOCC5)NNC4C4CCCCC4)s3)s2)n1,-0.6081272641794147,-42.76941930590086,-0.0,-43.37754657008028,0.1418727358205853,31.38470965295043,0.31868131868131866,200
Cc1ccc(Cc2ccccc2)c(C2CSCCN2C(=O)CCNC2C(c3ccccc3)NC3CNCCN32)c1,-0.3604662100885887,-56.75936424958195,-0.0,-57.11983045967054,0.3895337899114113,38.379682124790975,0.3783783783783784,200
CC(F)(c1cccc(C2C(CC3NCNN3)CN2C(=O)Nc2ccccc2)c1)c1ccc(CCF)c(Cl)c1,-0.45195310698615804,-57.53708789992051,-0.0,-57.98904100690667,0.29804689301384196,38.768543949960254,0.2608695652173913,200
Clc1cc(C2OCCC2C2C3CNCC2CNC3)ccc1-c1ccc(-c2ccco2)c(Cl)c1,-0.27574350853213403,-69.42035562443263,-0.0,-69.69609913296476,0.47425649146786597,44.710177812216315,0.36046511627906974,200
CC(C)(Oc1cc(-c2ccc(C3C=CCC(C4=CCC(N5CCOCC5)NN4)C3)s2)no1)c1ccccc1Cl,-0.43207641812249864,-37.688820407423826,-0.0,-38.120896825546325,0.31792358187750136,28.844410203711913,0.43820224719101125,200
CC(SC1NCCCC1CN1CNC2CCCNC21)c1nc(-c2coc(-c3cccs3)c2)cs1,-0.34995082939901817,-40.13318551349163,-0.0,-40.48313634289065,0.40004917060098183,30.066592756745816,0.37662337662337664,200
O=C(C1CNN(C2CC(c3ncno3)CCN2)C1)N1CCCC1c1ccc(C2CCCC2c2ccc(-c3ccccc3Cl)cc2)s1,-0.5304461867645007,-56.419892698171196,-0.0,-56.9503388849357,0.21955381323549933,38.2099463490856,0.29213483146067415,200
O=C(CCC1CCCCC1)NC1CCN(C2CC(N3CCOCC3)CNN2)C1c1cccc(C2CCCCC2c2csc(-c3ccoc3)n2)c1,-0.5408528225008774,-39.464274989274024,-0.0,-40.005127811774905,0.20914717749912257,29.732137494637012,0.37349397590361444,200
Cc1cccc(Cc2ccc(C3C4CC(c5ccccc5)NN4CCCN3C(=O)CCS(=O)(=O)C3=CC=CC4NCCC4C3)cc2)c1,-0.4292995301356389,-52.993150363578636,-0.0,-53.42244989371427,0.3207004698643611,36.49657518178932,0.32222222222222224,200
O=C(NCC1CCCO1)C1CCN(C2CNC(N3CCNCC3)NC2)CC1c1ccc(-c2ccc(-c3cc(C4CCCC4)co3)cc2Cl)s1,-0.5158772273216126,-64.73488065725944,-0.0,-65.25075788458105,0.2341227726783874,42.36744032862972,0.3855421686746988,200
O=C1N(CC2CC2)NC2C(c3cc(-c4cc(C5CCC(c6ccoc6)C5)no4)co3)CCCCN12,-0.2680420063704777,-42.44997998398398,-0.0,-42.71802199035446,0.4819579936295223,31.22498999199199,0.36363636363636365,200
O=C(NCC1CCCO1)C1CCN(C2CNC(N3CCNCC3)NC2)CC1c1ccc(C2CCCC2c2ccc(-c3ccco3)s2)cc1Cl,-0.5073400025005235,-55.019997334044206,-0.0,-55.52733733654473,0.24265999749947648,37.5099986670221,0.3855421686746988,200
CNCC1(c2ccc(-c3csc(-c4ccoc4)n3)cc2)C=CCC(N2CCCC2)C1,-0.20241025885234454,-46.483080554378645,-0.0,-46.68549081323099,0.5475897411476555,33.24154027718932,0.34782608695652173,200
CNCC1(c2cc(-c3coc(-c4cccs4)c3)on2)CC1CN1CCNC1CCC1CCCN1C(=O)CCN1CCCN1,-0.4817173963336242,-44.09368143584827,-0.0,-44.57539883218189,0.2682826036663758,32.046840717924134,0.313953488372093,200
CC(F)(c1ccccc1)c1cc(-c2ccc([SH]3C(NC(=O)CC4(N5CC=CC5)CCOCC4)NNC3C3CCCCC3)s2)on1,-0.5889275267860746,-49.33974329343886,-0.0,-49.92867082022493,0.16107247321392534,34.66987164671943,0.32978723404255317,200
O=C(CCS(=O)(=O)C1=CC=CC2NCCC2C1)N1CCCN2NC(c3ccccc3)CC2C1c1ccc(C2CCCC2Cc2ccccc2)c(Cl)c1,-0.5154555485467907,-71.62968951164245,-0.0,-72.14514506018925,0.2345444514532093,45.81484475582123,0.2978723404255319,200
CC(F)C1(c2ccc(-c3ccc(-c4ccoc4)s3)c(Cl)c2)CCCN1C(=O)C1CNN(C2CC(c3ncno3)CCN2)C1,-0.48445694214112367,-61.65782265037441,-0.0,-62.142279592515536,0.26554305785887633,40.82891132518721,0.32608695652173914,200
CC(F)C1CCC(c2ccco2)C1c1ccc(C2CN(c3ccccc3)CCN2C2=NCCN2C(=O)c2ccccc2)c(Cl)c1,-0.531484296812405,-66.7179335547152,-0.0,-67.24941785152761,0.21851570318759497,43.3589667773576,0.3698630136986301,200
O=C(C1CCOC1)N1CCCC(CCCN2CCCO2)C1c1cc(C(c2cccc(Cl)c2)c2cscn2)co1,-0.44900230501546523,-73.637599285757,-0.0,-74.08660159077247,0.30099769498453477,46.8187996428785,0.36904761904761907,200
CC(F)c1cc(-c2nc(-c3ccc(C4CNCCC4CN4CNNC4C4CCCN4C(=O)CC4CCNCC4)s3)cs2)co1,-0.4885844622289408,-40.530983801686226,-0.0,-41.01956826391517,0.2614155377710592,30.265491900843113,0.3333333333333333,200
C#Cc1ccc(C2(c3ccc(-c4ccccc4Cl)s3)C=CCC(CN3CCC(CCC4NC(C5CCOCC5)NO4)CC3)N2)s1,-0.5799248561301569,-34.405882034941776,-0.0,-34.98580689107193,0.17007514386984315,27.202941017470888,0.33707865168539325,200
C1=CCC2C(C1)CCN2Cc1ccc(-c2nc(-c3cccs3)cs2)s1,-0.24777005070461855,-28.166378315169183,-0.0,-28.414148365873803,0.5022299492953815,24.08318915758459,0.328125,200
O=C1N(CC2CC2)NC2C(c3cc(-c4cccc(CC(F)c5ccco5)c4)no3)CCCCN12,-0.24556809764494536,-39.76621118993574,-0.0,-40.01177928758069,0.5044319023550546,29.88310559496787,0.35714285714285715,200
CC(F)c1coc(-c2ccc(-c3ccc(C4COCCN4C45NC(=O)NC(=O)C4NCC5=O)s3)cc2)c1,-0.27993073837975246,-68.0,-0.0,-68.27993073837975,0.47006926162024754,44.0,0.4166666666666667,200
O=C(NCC1CCCO1)C1CCN(C2CNC(N3CCNCC3)NC2)CC1c1coc(-c2ccc(C3CCCCC3c3ccccc3Cl)cc2)c1,-0.5185644875636635,-57.30459236035075,-0.0,-57.82315684791442,0.2314355124363366,38.65229618017538,0.4,200
FC(Cc1csc(-c2ccc(C3C=CCC(CN4CCC(CCC5NC(C6CCOCC6)NO5)CC4)N3)s2)n1)c1cccc(Cl)c1,-0.568538317891734,-31.380930314660517,-0.0,-31.94946863255225,0.181461682108266,25.69046515733026,0.3146067415730337,200
O=C1NC(c2ccccc2)NC2C1CCNC2c1ccc(Cc2ccc(C3CCCC3)c(Cl)c2)cc1,-0.34828900860148665,-40.4979338490167,-0.0,-40.84622285761818,0.40171099139851335,30.24896692450835,0.2916666666666667,200
O=C1NN(NCCN2CCNC2c2ccc(-c3coc(Cc4ccoc4)c3)s2)C1CC1CC1,-0.32758549748883925,-35.641710972974224,-0.0,-35.969296470463064,0.42241450251116075,27.820855486487112,0.3333333333333333,200
C=Cc1ccc(C(c2ccc(C3C=CCC(CN4CCNc5ccccc54)C3)cc2)C(C)C)cc1Cl,-0.4213362320767883,-37.1314274283428,-0.0,-37.55276366041959,0.3286637679232117,28.5657137141714,0.3582089552238806,200
CC(F)C(c1cccc(Cl)c1)c1coc(C2N(C(=O)COc3ccccc3)CC(C3NCON3)C23CCOCC3)c1,-0.37331843688511107,-68.34025130143111,-0.0,-68.71356973831622,0.37668156311488893,44.170125650715555,0.42528735632183906,200
O=C(NCC1CCCO1)C1CCN(C2CNC(N3CCNCC3)NC2)CC1c1ccc(Cc2ccc(-c3nccs3)cc2)s1,-0.4644780786681785,-60.02499609497022,-0.0,-60.4894741736384,0.2855219213318215,40.01249804748511,0.37037037037037035,200
O=C(CC1CCNCC1)N1CCCC1C1NNCN1CC1CCNCC1c1ccc(-c2coc(-c3csc(C4CCCCC4)n3)c2)cc1,-0.526004002011583,-41.87083319303208,-0.0,-42.39683719504366,0.22399599798841693,30.93541659651604,0.3333333333333333,200
O=S(=O)(c1ccc(-c2nc(-c3cccs3)cs2)s1)C1C=CCC(C2NCCN3CCNC23)C1,-0.2508593523986552,-38.75372328627353,-0.0,-39.00458263867218,0.4991406476013448,29.376861643136763,0.27586206896551724,200
C1=CCC2C(C1)CCN2c1ccc(-c2cc(-c3csc(C4CCCNC4)n3)no2)s1,-0.20774953947814745,-22.04759208325728,-0.0,-22.255341622735425,0.5422504605218526,21.02379604162864,0.33766233766233766,200
O=C1NN(NCCN2CCNC2c2cc(Cc3ccc(-c4ccccc4)s3)co2)C1CC1CC1,-0.3349408435817597,-41.155539405682624,-0.0,-41.49048024926439,0.4150591564182403,30.577769702841312,0.32142857142857145,200
Cc1ccc(Cc2cccc(C3C(CC4NCNN4)CN3C(=O)Nc3ccccc3)c2)cc1,-0.28628154875668593,-60.274528961557905,-0.0,-60.56081051031459,0.46371845124331407,40.13726448077895,0.24705882352941178,200
CC(F)(CC(F)c1ccc(C2CN(c3ccccc3)CCN2C2=NCCN2C(=O)c2ccccc2)cc1Cl)c1cccs1,-0.5397080717918518,-68.18163074019441,-0.0,-68.72133881198626,0.21029192820814824,44.090815370097204,0.32051282051282054,200
C1=CC(c2cc(-c3ccc(-c4csc(C5CCCCC5)n4)cc3)co2)NC(CN2CCC(CCC3NC(C4CCOCC4)NO3)CC2)C1,-0.5612681446982289,-37.86190456595773,-0.0,-38.42317271065596,0.18873185530177108,28.930952282978865,0.35714285714285715,200
O=C(NC1CCCC1C(=O)N1CCc2ccccc2C1)C1=CC=C[SH]1c1cc(-c2ccc(C3CCCCC3c3ccco3)s2)co1,-0.5539854415759129,-42.960304954788775,-0.0,-43.514290396364686,0.1960145584240871,31.480152477394387,0.37662337662337664,200
Cc1ccc(-c2nc(-c3ccc(C4CCCCN5C(=O)N(CC6CC6)NC45)cc3)cs2)s1,-0.25320554253851973,-27.539457296018853,-0.0,-27.792662838557373,0.49679445746148027,23.769728648009426,0.32926829268292684,200
CC1CCCCC1c1ccc(-c2cc(C3(c4ccoc4)C=CCC(CN4CCC(CCC5NC(C6CCOCC6)NO5)CC4)N3)co2)cc1,-0.5601518996414836,-36.85068161420758,-0.0,-37.41083351384906,0.18984810035851646,28.42534080710379,0.4090909090909091,200
O=C(C1CNN(C2CC(c3ncno3)CCN2)C1)N1CCCC1c1ccc(CC(F)c2ccc(-c3cccs3)s2)cc1,-0.4840419185703277,-53.72923436466705,-0.0,-54.21327628323738,0.2659580814296723,36.864617182333525,0.29545454545454547,200
CNCc1coc(-c2cc(-c3nc(N4CCC5CC=CCC54)cs3)no2)c1,-0.0870527998149574,-23.726422218150894,-0.0,-23.813475017965853,0.6629472001850426,21.863211109075447,0.3466666666666667,200
Clc1cc(C2C3CNCC2CNC3)ccc1-c1nc(-c2csc(C3CCCCC3)n2)cs1,-0.28458618348279724,-35.24490926773253,-0.0,-35.529495451215325,0.46541381651720276,27.622454633866266,0.273972602739726,200
O=C(CCNC1C(c2ccccc2)NC2CNCCN21)N1CCSCC1c1ccc(C2CCCCC2c2cc(-c3ccco3)co2)c(Cl)c1,-0.5797649304911101,-56.2102355330306,-0.0,-56.79000046352171,0.17023506950888995,38.1051177665153,0.3924050632911392,200
O=C(CCC1CCCCC1)NC1CCN(C2CC(N3CCOCC3)CNN2)C1c1ccc(-c2ccc(C(F)Cc3cccs3)s2)s1,-0.5459490823135186,-42.0644825967316,-0.0,-42.61043167904512,0.20405091768648143,31.0322412983658,0.34523809523809523,200
CNCc1coc(-c2cc(-c3cc(N4CCC5CC=CCC54)co3)co2)c1,-0.10886840590927083,-24.13615298142782,-0.0,-24.24502138733709,0.6411315940907292,22.06807649071391,0.421875,200
CC(F)c1ccc(-c2coc(-c3cc(C4CNCCC4CN4CNNC4C4CCCN4C(=O)CC4CCNCC4)co3)c2)s1,-0.48765877827339277,-45.4828221749796,-0.0,-45.970480953252995,0.26234122172660723,32.7414110874898,0.35294117647058826,200
O=C1NC(c2ccccc2)NC2C1CCNC2c1cccc(C(c2ccccc2)C2CCCC2)c1,-0.2800860431500967,-57.56287771866127,-0.0,-57.84296376181137,0.4699139568499033,38.781438859330635,0.2987012987012987,200
O=C1NN(NCCN2CCNC2c2cc(-c3cc(-c4csc(C5CCCC5)n4)no3)co2)C1CC1CC1,-0.38333341069247256,-43.686733312362634,-0.0,-44.070066723055106,0.36666658930752744,31.843366656181317,0.30337078651685395,200
CC1CCCCC1c1ccc(Cc2ccc(C3N(C(=O)COc4ccccc4)CC(C4NCON4)C34CCOCC4)cc2Cl)cc1,-0.47471473009669046,-64.38009243891595,-0.0,-64.85480716901264,0.27528526990330954,42.190046219457976,0.42528735632183906,200
S=Cc1cc(-c2nc(-c3cc(C4C=CCC(C5=CCC(N6CCOCC6)NN5)C4)on3)cs2)on1,-0.3749180877853453,-36.0,-0.0,-36.374918087785346,0.3750819122146547,28.0,0.3372093023255814,200
CC1CCCCC1c1cccc(C2CCCCC2c2ccc(C3NCCC4C(=O)NC(c5ccccc5)NC43)cc2Cl)c1,-0.4729688939217103,-57.84600182411425,-0.0,-58.31897071803596,0.2770311060782897,38.92300091205713,0.28,200
CC(F)C1(c2ccc(-c3cc(-c4ccccc4)on3)s2)CCCN1C(=O)C1CNN(C2CC(c3ncno3)CCN2)C1,-0.4305216402828408,-67.7040477971228,-0.0,-68.13456943740564,0.3194783597171592,43.8520238985614,0.3333333333333333,200
CC(F)c1coc(-c2cc(-c3csc(C4CCCC5NNC(=O)CC54)n3)on2)c1,-0.0937873428801882,-33.028294334251406,-0.0,-33.1220816771316,0.6562126571198118,26.514147167125703,0.30952380952380953,200
Cc1ccc(C(C)(F)c2ccc(C3N(C(=O)COc4ccccc4)CC(C4NCON4)C34CCOCC4)cc2)cc1,-0.32581031967793866,-63.42661445845684,-0.0,-63.75242477813478,0.42418968032206134,41.71330722922842,0.43023255813953487,200
O=C(CC1CCNCC1)N1CCCC1C1NNCN1CC1CCNCC1c1ccc(-c2ccc(C3CCOC3c3ccccc3)s2)s1,-0.5107178962690456,-48.0,-0.0,-48.51071789626904,0.23928210373095438,34.0,0.37037037037037035,200
C#CC(=O)c1ccc(-c2ccc(C3C=CCC(CN4CCNc5ccccc54)C3)cc2)s1,-0.5276644505338529,-50.142711667000725,-0.0,-50.67037611753458,0.22233554946614706,35.07135583350036,0.391304347826087,200
O=C(NCC1CCCO1)C1CCN(C2CNC(N3CCNCC3)NC2)CC1c1cc(-c2cccc(Cc3cccc(Cl)c3)c2)on1,-0.47106237169059945,-68.90444308357148,-0.0,-69.37550545526207,0.27893762830940055,44.45222154178574,0.3764705882352941,200
Cc1cccc(Cc2ccc(C3C4CC(c5ccccc5)NN4CCCN3C(=O)CCS(=O)(=O)C3=CC=CC4NCCC4C3)s2)c1,-0.43397475061229657,-55.33923280734945,-0.0,-55.77320755796174,0.31602524938770343,37.66961640367472,0.31868131868131866,200
O=C(CC1(N2CC=CC2)CCOCC1)NC1NNC(C2CCCCC2)[SH]1c1ccc(-c2nc(-c3ccc(CCF)cc3)cs2)s1,-0.606589603112083,-48.64400920692205,-0.0,-49.250598810034134,0.14341039688791707,34.322004603461025,0.3111111111111111,200
Cc1ccc(Cc2ccc(C3NCCC4C(=O)NC(c5ccccc5)NC43)cc2)cc1,-0.14223707287655807,-43.592452382338585,-0.0,-43.73468945521515,0.6077629271234419,31.796226191169293,0.2987012987012987,200
O=C(CC1CCNCC1)N1CCCC1C1NNCN1CC1CCNCC1c1cccc(Cc2cc(-c3cccs3)no2)c1,-0.45623106978336847,-38.82176467941097,-0.0,-39.27799574919434,0.29376893021663153,29.410882339705484,0.3253012048192771,200
O=C1NN(NCCN2CCNC2c2csc(-c3cc(-c4ccc(C5CCCC5)s4)co3)n2)C1CC1CC1,-0.40537040515760414,-37.54997827975264,-0.0,-37.95534868491024,0.34462959484239586,28.77498913987632,0.3023255813953488,200
O=C(CCS(=O)(=O)C1=CC=CC2NCCC2C1)N1CCCN2NC(c3ccccc3)CC2C1c1ccc(C(c2ccccc2)C2CCCC2)cc1,-0.5051391055451999,-56.993506219680626,-0.0,-57.49864532522582,0.24486089445480008,38.49675310984031,0.3,200
CC(F)(c1ccccc1)C1CCCCC1c1ccc(C2C(CC3NCNN3)CN2C(=O)Nc2ccccc2)cc1,-0.4713489762623491,-76.1041102138717,-0.0,-76.57545919013405,0.2786510237376509,48.05205510693585,0.2777777777777778,200
O=C(COc1ccccc1)N1CC(C2NCON2)C2(CCOCC2)C1c1ccc(C2CCCCC2c2ccc(C3CCCC3)cc2)c(Cl)c1,-0.5005960882218522,-67.10912696153027,-0.0,-67.60972304975212,0.24940391177814783,43.55456348076513,0.43023255813953487,200
Cc1csc(-c2ccc(-c3ccc([SH]4C(NC(=O)CC5(N6CC=CC6)CCOCC5)NNC4C4CCCCC4)s3)s2)n1,-0.5839383862952168,-42.76941930590086,-0.0,-43.35335769219608,0.16606161370478317,31.38470965295043,0.32954545454545453,200
O=C1CC2C(CCCC2C(=S)c2ccc(-c3cc(-c4ccoc4)no3)s2)NN1,-0.2568786687014511,-42.0,-0.0,-42.256878668701454,0.4931213312985489,31.0,0.31645569620253167,200
O=C(c1cc(-c2ccc(-c3ccncc3)s2)co1)C1CNCCC1CN1CNNC1C1CCCN1C(=O)CC1CCNCC1,-0.48217319599708597,-58.612976028134185,-0.0,-59.09514922413127,0.26782680400291403,39.30648801406709,0.34146341463414637,200
CC(F)c1csc(-c2csc(-c3ccc(C4NCCCC4CN4CNC5CCCNC54)s3)n2)n1,-0.3234449803757152,-35.78530272392541,-0.0,-36.10874770430113,0.4265550196242848,27.892651361962706,0.31645569620253167,200
O=C1CC2C(CCCC2c2ccc(-c3cc(-c4ccc(N5CCCCC5)s4)on3)s2)NN1,-0.21342239803109075,-29.959983987187186,-0.0,-30.17340638521828,0.5365776019689092,24.979991993593593,0.3780487804878049,200
CC(F)C(c1ccc(C2CN(c3ccccc3)CCN2C2=NCCN2C(=O)c2ccccc2)cc1)c1ccccc1Cl,-0.5080609366218778,-74.31860898041276,-0.0,-74.82666991703464,0.24193906337812227,47.15930449020638,0.3333333333333333,200
CC(F)(c1ccc(CCF)cc1)c1ccc(C2C(CC3NCNN3)CN2C(=O)Nc2ccccc2)cc1Cl,-0.45195310698615804,-50.625774332038304,-0.0,-51.077727439024464,0.29804689301384196,35.31288716601915,0.2608695652173913,200
CNCc1cc(-c2ccc(-c3coc(C4CCCCN5C(=O)N(CC6CC6)NC45)c3)s2)no1,-0.22303351697654117,-31.96152422706632,-0.0,-32.18455774404286,0.5269664830234588,25.98076211353316,0.36470588235294116,200
CNCc1cc(-c2ccc(-c3nc(N4CCC5CC=CCC54)cs3)s2)co1,-0.16429330177178714,-23.77213725647858,-0.0,-23.93643055825037,0.5857066982282129,21.88606862823929,0.39436619718309857,200
O=C(CCNC1C(c2ccccc2)NC2CNCCN21)N1CCSCC1c1ccc(-c2ccc(C3CCCC3C3CCCCC3)cc2)c(Cl)c1,-0.5405051688883991,-67.17797887081348,-0.0,-67.71848403970188,0.20949483111160094,43.58898943540674,0.34615384615384615,200
O=C(CCN1CCCN1)N1CCCC1CCC1NCCN1CC1CC1c1cc(-c2nc(-c3ccc(C4CCCCC4)c(Cl)c3)cs2)no1,-0.5372030534035322,-36.674509261219015,-0.0,-37.211712314622545,0.21279694659646778,28.337254630609507,0.313953488372093,200
O=C(C1CCOC1)N1CCC(OC2NOC(C3CNCCN3)N2)CC1c1cccc(C2CCCC2c2ccc(-c3cccs3)cc2Cl)c1,-0.503793852636289,-57.12327793863537,-0.0,-57.62707179127166,0.24620614736371102,38.561638969317684,0.38202247191011235,200
C1=CC(c2ccc(Cc3ccc(-c4nccs4)s3)s2)CC(C2=CCC(N3CCOCC3)NN2)C1,-0.32791868537095703,-39.295868321494375,-0.0,-39.623787006865335,0.42208131462904297,29.647934160747187,0.32098765432098764,200
C#Cc1cccc(-c2csc(-c3ccc(C4CC4CN4CCNC4CCC4CCCN4C(=O)CCN4CCCN4)s3)n2)c1,-0.46116529110259824,-38.378078077305695,-0.0,-38.83924336840829,0.28883470889740176,29.189039038652847,0.275,200
O=C(COc1ccccc1)N1CC(C2NCON2)C2(CCOCC2)C1c1ccc(C(F)Cc2ccc(C3CCCCC3)cc2Cl)cc1,-0.5012847195302794,-65.44003745317531,-0.0,-65.94132217270558,0.2487152804697206,42.720018726587654,0.42528735632183906,200
Clc1cc(C2(c3nc(-c4ccccc4Cl)cs3)C=CCC(CN3CCC(CCC4NC(C5CCOCC5)NO4)CC3)N2)co1,-0.5269281650500813,-36.85068161420758,-0.0,-37.37760977925766,0.22307183494991864,28.42534080710379,0.34444444444444444,200
C1=CC(c2ccc(-c3ccccc3)c(C3CCCC3c3cscn3)c2)CC(CN2CCNc3ccccc32)C1,-0.49806804240435193,-64.2140130857092,-0.0,-64.71208112811355,0.25193195759564807,42.1070065428546,0.36231884057971014,200
Cc1ccc(Cc2cccc(C3C(CC4NCNN4)CN3C(=O)Nc3ccccc3)c2)cc1Cl,-0.3374524040801184,-57.53708789992051,-0.0,-57.874540304000625,0.4125475959198816,38.768543949960254,0.24719101123595505,200
O=Cc1ccc(C(F)Cc2ccc(C3CCCCC4C(C(=O)NCCC5CCCC5=O)NC(c5ccccc5)N34)cc2Cl)cc1,-0.5187039828527108,-35.85696017507576,-0.0,-36.375664157928476,0.23129601714728923,27.92848008753788,0.3918918918918919,200
C1=CC(C2OCCC2c2ccc(-c3cc(-c4cccs4)co3)s2)CC(C2=CCC(N3CCOCC3)NN2)C1,-0.39439288579101417,-46.90291473471092,-0.0,-47.29730762050193,0.35560711420898583,33.45145736735546,0.3670886075949367,200
CC1CCCCC1c1ccnc(Cc2ccc(C3CCCC34C(C(=O)NCC3CCCN3)c3ccccc3C(=O)N4C3C=CC=CC3)cc2Cl)c1,-0.5033668884577709,-40.56401571890688,-0.0,-41.06738260736465,0.2466331115422291,30.28200785945344,0.35443037974683544,200
CC1CCCCC1c1nc(-c2ccc(CC3CCCC34C(C(=O)NCC3CCCN3)c3ccccc3C(=O)N4C3C=CC=CC3)cc2Cl)cs1,-0.5046280901799451,-48.55654600401044,-0.0,-49.061174094190385,0.24537190982005486,34.27827300200522,0.37037037037037035,200
c1cc(C2OCCC2c2ccc(-c3nc(C4C5CNCC4CNC5)cs3)cc2)on1,-0.08015969616827834,-42.6418390534633,-0.0,-42.72199874963158,0.6698403038317217,31.32091952673165,0.3684210526315789,200
CC(F)(c1ccccc1)c1ccc(C2(C3CCCC3)CSCCN2C(=O)CCNC2C(c3ccccc3)NC3CNCCN32)cc1Cl,-0.5063012041107845,-53.10266752998827,-0.0,-53.60896873409905,0.24369879588921547,36.55133376499413,0.345679012345679,200
O=C(CCC1CCCCC1)NC1CCN(C2CC(N3CCOCC3)CNN2)C1c1ccc(-c2ccc(-c3cscn3)s2)cc1C1CCCCC1,-0.5514853511932036,-40.663003552412405,-0.0,-41.214488903605606,0.19851464880679637,30.331501776206203,0.3614457831325301,200
C1=CC(Cc2ccc(Nc3cscn3)cc2)CC(CN2CCNc3ccccc32)C1,-0.2623050072885551,-58.23042886243178,-0.0,-58.49273386972033,0.4876949927114449,39.11521443121589,0.3150684931506849,200
Cc1ccc(C(C)(F)c2ccc(C3CCCCC4C(C(=O)NCCC5CCCC5=O)NC(c5ccccc5)N34)cc2)c(Cl)c1,-0.477571855432757,-32.91502622129181,-0.0,-33.39259807672457,0.272428144567243,26.457513110645905,0.358974358974359,200
C=Cc1cc(-c2ccc(-c3cc([SH]4C(NC(=O)CC5(N6CC=CC6)CCOCC5)NNC4C4CCCCC4)co3)s2)no1,-0.5771519812159984,-42.76941930590086,-0.0,-43.34657128711686,0.1728480187840016,31.38470965295043,0.3225806451612903,200
O=C(C1CNN(C2CC(c3ncno3)CCN2)C1)N1CCCC1c1cccc(CC(F)c2ccc(-c3ccco3)cc2)c1,-0.45743427605826986,-55.471849056452825,-0.0,-55.9292833325111,0.29256572394173014,37.73592452822641,0.32941176470588235,200
[NH3+]C1CCC(c2ccc(C3CCCCCC3)c(-c3cccc(C4C=CCC(CN5CCNc6ccccc65)C4)c3)c2)C1,-0.5160068586461317,-53.51190379795642,-0.0,-54.02791065660255,0.23399314135386823,36.75595189897821,0.36231884057971014,200
O=C(C1CCOC1)N1CCCC(CCCN2CCCO2)C1c1ccc(-c2ccc(Nc3cccs3)cc2Cl)s1,-0.4699802858401228,-47.85278181474949,-0.0,-48.322762100589614,0.2800197141598772,33.926390907374746,0.38961038961038963,200
CC1CCCCC1C1CCC(c2ccc(C3N(C(=O)COc4ccccc4)CC(C4NCON4)C34CCOCC4)cc2Cl)C1c1ccccc1,-0.5027344562051832,-67.10912696153027,-0.0,-67.61186141773545,0.2472655437948168,43.55456348076513,0.42528735632183906,200
Cc1ccnc(-c2ccc(-c3cc(C4CC(OC5NOC(C6CNCCN6)N5)CCN4C(=O)C4CCOC4)co3)s2)c1,-0.4250568181682677,-62.170554336696554,-0.0,-62.59561115486482,0.3249431818317323,41.08527716834828,0.391304347826087,200
O=C1NN(NCCN2CCNC2c2ccc(-c3cc(-c4csc(C5CCCC5)n4)co3)s2)C1CC1CC1,-0.40537040515760414,-36.0,-0.0,-36.405370405157605,0.34462959484239586,28.0,0.3023255813953488,200
Clc1cccc(C2CCOC2c2csc(-c3ccc(C4C5CNCC4CNC5)s3)n2)c1,-0.2078566314545457,-36.7097875150313,-0.0,-36.91764414648585,0.5421433685454543,28.35489375751565,0.3472222222222222,200
O=C(C1CCOC1)N1CCC(OC2NOC(C3CNCCN3)N2)CC1c1cccc(-c2ccc(C3CCCC3c3ccoc3)s2)c1,-0.46766842574996287,-63.618179841467494,-0.0,-64.08584826721746,0.28233157425003713,41.80908992073375,0.3695652173913043,200
Cc1ccc(Cc2cccc(C3N(C(=O)COc4ccccc4)CC(C4NCON4)C34CCOCC4)c2)c(Cl)c1,-0.3281283560054388,-69.71064596802321,-0.0,-70.03877432402865,0.4218716439945612,44.85532298401161,0.44047619047619047,200
CN(C)c1ccc(-c2cc(-c3cccc(C4C5CNCC4CNC5)c3)on2)cc1,-0.03469494444448884,-50.9929573971954,-0.0,-51.027652341639886,0.7153050555555112,35.4964786985977,0.2898550724637681,200
O=C(CC1CCNCC1)N1CCCC1C1NNCN1CC1CCNCC1c1ccc(CC(F)c2ccc(-c3ccco3)s2)cc1,-0.5008216628793364,-48.26419266350405,-0.0,-48.76501432638339,0.24917833712066362,34.132096331752024,0.3333333333333333,200
O=C(NC1CCCC1C(=O)N1CCc2ccccc2C1)C1=CC=C[SH]1c1cc(-c2ccc(C3CCCC(c4cccs4)C3)s2)no1,-0.5564644728025618,-48.84765791223403,-0.0,-49.40412238503659,0.19353552719743813,34.42382895611701,0.345679012345679,200
O=C1N(CC2CC2)NC2C(c3ccc(CC(F)c4nc(-c5cccs5)cs4)s3)CCCCN12,-0.3451300129876861,-35.53377350765928,-0.0,-35.87890352064697,0.4048699870123139,27.76688675382964,0.29411764705882354,200
c1oc(-c2nc(C3CCCCC3)cs2)cc1-c1cc(C2NCCCC2CN2CNC3CCCNC32)co1,-0.36554944945254825,-29.79959839195493,-0.0,-30.165147841407478,0.38445055054745175,24.899799195977465,0.3717948717948718,200
CNCc1ccc(-c2coc(-c3csc(N4CCC5CC=CCC54)n3)c2)s1,-0.16429330177178725,-23.77213725647858,-0.0,-23.93643055825037,0.5857066982282128,21.88606862823929,0.38028169014084506,200
C1=CC(c2csc(-c3coc(Nc4cccs4)c3)n2)NC(CN2CCC(CCC3NC(C4CCOCC4)NO3)CC2)C1,-0.5394453869556671,-38.58327406350724,-0.0,-39.12271945046291,0.21055461304433287,29.29163703175362,0.3372093023255814,200
CC(F)(c1ccc(C2CCCCC2)c(Cl)c1)c1ccc(C2CCCN2C(=O)C2CNN(C3CC(c4ncno4)CCN3)C2)s1,-0.4512535605257514,-64.0,-0.0,-64.45125356052576,0.2987464394742486,42.0,0.29347826086956524,200
C1=CC(c2cc(-c3ccc(-c4cccs4)s3)on2)(C2CCOC2)NC(CN2CCC(CCC3NC(C4CCOCC4)NO3)CC2)C1,-0.5235183053772977,-44.467045845144796,-0.0,-44.99056415052209,0.2264816946227023,32.2335229225724,0.35555555555555557,200
C1=CC(c2nc(-c3cc(-c4ccccn4)on3)cs2)(C2CCCCC2)NC(CN2CCC(CCC3NC(C4CCOCC4)NO3)CC2)C1,-0.5361368881926931,-42.99206299209449,-0.0,-43.52819988028718,0.21386311180730688,31.496031496047245,0.3409090909090909,200
CC(F)C(c1ccccc1)c1ccc(C2CCCCC3C(C(=O)NCCC4CCCC4=O)NC(c4ccccc4)N23)cc1,-0.4645024285114975,-31.068581339214816,-0.0,-31.533083767726314,0.2854975714885025,25.534290669607408,0.3888888888888889,200
CC(F)(c1coc(CCF)c1)c1ccc(C2CN(c3ccccc3)CCN2C2=NCCN2C(=O)c2ccccc2)c(Cl)c1,-0.522606144923873,-73.33809511662427,-0.0,-73.86070126154814,0.22739385507612692,46.66904755831214,0.3918918918918919,200
O=C(C1CCOC1)N1CCC(OC2NOC(C3CNCCN3)N2)CC1c1ccc(-c2ccc(C3CCCC3c3cccc(Cl)c3)s2)cc1,-0.503793852636289,-59.57386505631105,-0.0,-60.07765890894734,0.24620614736371102,39.786932528155525,0.3707865168539326,200
CC(F)(c1cccc(-c2cccc([SH]3C=CC=C3C(=O)NC3CCCC3C(=O)N3CCc4ccccc4C3)c2)c1)c1cccs1,-0.5493028118658935,-58.153694730319685,-0.0,-58.70299754218558,0.2006971881341065,39.07684736515984,0.3333333333333333,200
O=C(C1CCOC1)N1CCCC(CCCN2CCCO2)C1c1ccc(Cc2nc(-c3ccco3)cs2)s1,-0.4083256432253737,-41.87083319303208,-0.0,-42.27915883625745,0.3416743567746263,30.93541659651604,0.3373493975903614,200
O=C(NCC1CCCO1)C1CCN(C2CNC(N3CCNCC3)NC2)CC1c1ccc(-c2cc(Cc3cccs3)co2)s1,-0.4611420909036197,-56.889531146964345,-0.0,-57.350673237867966,0.2888579090963803,38.44476557348217,0.3924050632911392,200
O=C(NC1CCCC1C(=O)N1CCc2ccccc2C1)C1=CC=C[SH]1c1cccc(C2CCCN(c3cc(-c4ccccc4)no3)C2)c1,-0.547020891574137,-54.51174404078863,-0.0,-55.05876493236276,0.20297910842586295,37.255872020394314,0.3373493975903614,200
O=C(C1CCOC1)N1CCC(OC2NOC(C3CNCCN3)N2)CC1c1cc(-c2coc(-c3ccc(C4CCCCC4)c(Cl)c3)c2)co1,-0.5000246361878481,-61.58431221748455,-0.0,-62.0843368536724,0.2499753638121519,40.792156108742276,0.3953488372093023,200
CC1CCCCC1c1ccc(C(C)(F)c2ccc(C3CCCC34C(C(=O)NCC3CCCN3)c3ccccc3C(=O)N4C3C=CC=CC3)c(Cl)c2)c(Cl)c1,-0.5100464876804977,-46.27216610312357,-0.0,-46.782212590804065,0.23995351231950238,33.13608305156178,0.35,200
C1=CC(c2nc(-c3csc(-c4ccco4)n3)cs2)(C2CCCC2)CC(C2=CCC(N3CCOCC3)NN2)C1,-0.3824597029823487,-43.592452382338585,-0.0,-43.97491208532094,0.3675402970176513,31.796226191169293,0.3253012048192771,200
O=C(c1ccc(C2C3CNCC2CNC3)cc1)c1csc(-c2ccco2)n1,-0.06813769542308878,-39.16079783099616,-0.0,-39.22893552641925,0.6818623045769112,29.58039891549808,0.3088235294117647,200
Cc1cc(C2C(CC3NCNN3)CN2C(=O)Nc2ccccc2)ccc1CC(F)c1cccc(Cl)c1,-0.40822441726133485,-57.56287771866127,-0.0,-57.97110213592261,0.34177558273866515,38.781438859330635,0.25555555555555554,200
O=C(CC1CCNCC1)N1CCCC1C1NNCN1CC1CCNCC1c1cc(Cc2cccc(-c3cccs3)c2)on1,-0.45623106978336847,-47.32013071882734,-0.0,-47.776361788610714,0.29376893021663153,33.66006535941367,0.3253012048192771,200
O=C(C1CNN(C2CC(c3ncno3)CCN2)C1)N1CCCC1c1cccc(Cc2ccc(C3CCCCC3)c(Cl)c2)c1,-0.40471167790639906,-53.83765976789893,-0.0,-54.242371445805325,0.34528832209360094,36.91882988394946,0.313953488372093,200
O=C(Nc1ccccc1)N1CC(CC2NCNN2)C1c1ccc(Cc2ccc(C3CCCC3)cc2)cc1Cl,-0.45446198463449244,-50.171219171395336,-0.0,-50.62568115602983,0.29553801536550756,35.08560958569767,0.25842696629213485,200
Cc1ccc(C(C)(F)c2ccc(C3N(C(=O)COc4ccccc4)CC(C4NCON4)C34CCOCC4)cc2)cc1Cl,-0.3818798340644118,-61.486195149853444,-0.0,-61.86807498391786,0.3681201659355882,40.74309757492672,0.43023255813953487,200
O=C1N(CC2CC2)NC2C(c3ccc(-c4csc(C5CCCCC5c5cccs5)n4)cc3)CCCCN12,-0.3936516732401759,-37.54997827975264,-0.0,-37.943629952992815,0.3563483267598241,28.77498913987632,0.32926829268292684,200
CC(F)(c1cccs1)c1ccc(-c2ccc(C3CC(OC4NOC(C5CNCCN5)N4)CCN3C(=O)C3CCOC3)s2)s1,-0.46006890287292823,-58.153694730319685,-0.0,-58.61376363319261,0.28993109712707177,39.07684736515984,0.37777777777777777,200
CC(F)(c1cccc(C2CCCC2)c1)c1ccc(C2C3CC(c4ccccc4)NN3CCCN2C(=O)CCS(=O)(=O)C2=CC=CC3NCCC3C2)c(Cl)c1,-0.5224890857821824,-53.972968035627716,-0.0,-54.4954571214099,0.22751091421781758,36.98648401781386,0.3020833333333333,200
O=C1Nc2ccccc2OCC1CC(=O)N1CCN(C2CCCCN2)CC1c1ccc(C(c2ccccc2)c2ccco2)s1,-0.4765853027594843,-99.73303637676612,-0.0,-100.20962167952561,0.2734146972405157,59.86651818838306,0.4523809523809524,200
CC1CCCCC1c1ccc(C2CCCCC2c2ccc(C3C4CC(c5ccccc5)NN4CCCN3C(=O)CCS(=O)(=O)C3=CC=CC4NCCC4C3)c(Cl)c2)cc1,-0.5264782674759719,-57.691698398220126,-0.0,-58.2181766656961,0.2235217325240281,38.84584919911006,0.33707865168539325,200
CNCC1(c2nc(-c3ccc(-c4cccc(Cl)c4)s3)cs2)C=CCC(N2CCCC2)C1,-0.3305617922027273,-31.691391933280343,-0.0,-32.02195372548307,0.4194382077972727,25.84569596664017,0.3013698630136986,200
CNCC1(c2ccc(-c3cc(-c4cccs4)on3)s2)C=CCC(C2NCCN3CCNC23)C1,-0.28381502586042906,-29.79959839195493,-0.0,-30.083413417815358,0.46618497413957094,24.899799195977465,0.36,200
CC(F)c1ccc(Cc2ccc(C3N(C(=O)COc4ccccc4)CC(C4NCON4)C34CCOCC4)c(Cl)c2)cc1,-0.40315595737852994,-63.618179841467494,-0.0,-64.02133579884602,0.34684404262147006,41.80908992073375,0.43529411764705883,200
CC(F)(c1ccccc1)c1ccc(C2(C3CCCC3)CSCCN2C(=O)CCNC2C(c3ccccc3)NC3CNCCN32)cc1Cl,-0.5063012041107845,-53.10266752998827,-0.0,-53.60896873409905,0.24369879588921547,36.55133376499413,0.345679012345679,200
CC(F)C(F)(Cc1ccc(C2N(C(=O)COc3ccccc3)CC(C3NCON3)C23CCOCC3)cc1)c1cccc(Cl)c1,-0.44084288202133115,-65.44003745317531,-0.0,-65.88088033519664,0.30915711797866885,42.720018726587654,0.42045454545454547,200
S=C(c1ccc(C2C=CCC(CN3CCNc4ccccc43)C2)cc1)c1ccc(C2CCCCC2)cc1,-0.5450358830566951,-37.79273310719956,-0.0,-38.33776899025626,0.20496411694330488,28.89636655359978,0.36363636363636365,200
CC1CCCCC1C1CCC(c2ccc(C3C(C4NC(Cc5ccccc5)NO4)CN3S(=O)(=O)c3ccccc3)cc2Cl)C1c1ccccc1Cl,-0.5711658791264584,-80.81666528902848,-0.0,-81.38783116815493,0.17883412087354159,50.40833264451424,0.28431372549019607,200
CNCc1nc(-c2ccc(-c3ccc(C4C5CNCC4CNC5)s3)cc2Cl)cs1,-0.20566576447169627,-36.142675390472796,-0.0,-36.34834115494449,0.5443342355283037,28.071337695236398,0.2753623188405797,200
Cc1ccc(C2C=CCC(C3NCCN4CCNC34)C2)cc1-c1ccc(-c2cccs2)s1,-0.26218917158034294,-49.39740629158989,-0.0,-49.659595463170234,0.48781082841965706,34.698703145794944,0.352112676056338,200
O=C(NC1CCCC1C(=O)N1CCc2ccccc2C1)C1=CC=C[SH]1c1coc(-c2nc(C3CCCCC3c3ccoc3)cs2)c1,-0.5529612220741464,-41.741396161732524,-0.0,-42.29435738380667,0.1970387779258535,30.870698080866262,0.379746835443038,200
O=C1CCCC1CCNC(=O)C1NC(c2ccccc2)N2C(c3cccc(Cc4ccc(C5CCCC5)c(Cl)c4)c3)CCCCC12,-0.5027397881408707,-35.17245689653489,-0.0,-35.67519668467576,0.24726021185912928,27.586228448267445,0.3835616438356164,200
CC(F)(c1cc(-c2cccs2)no1)c1ccc([SH]2C(NC(=O)CC3(N4CC=CC4)CCOCC3)NNC2C2CCCCC2)s1,-0.5911993534633814,-46.0,-0.0,-46.59119935346338,0.15880064653661863,33.0,0.32978723404255317,200
CC(F)(c1cc(-c2ccco2)co1)c1ccc(C2COCCN2C23NC(=O)NC(=O)C2NCC3=O)s1,-0.27635375291294517,-58.2559901860554,-0.0,-58.532343938968346,0.47364624708705483,39.1279950930277,0.4117647058823529,200
CNCc1ccc(-c2ccc(-c3ccc(C4C5CNCC4CNC5)s3)s2)s1,-0.17374828701061262,-40.266076693277455,-0.0,-40.439824980288066,0.5762517129893874,30.133038346638727,0.2698412698412698,200
CC1CCCCC1c1coc(Cc2ccc(C3COCCN3C34NC(=O)NC(=O)C3NCC4=O)cc2)c1,-0.17854476391497276,-81.70545708072896,-0.0,-81.88400184464393,0.5714552360850272,50.85272854036448,0.4430379746835443,200
CC(F)(c1ccc(-c2ccon2)cc1)c1ccc(C2COCCN2C23NC(=O)NC(=O)C2NCC3=O)c(Cl)c1,-0.30974522904033785,-68.27230596285564,-0.0,-68.58205119189597,0.44025477095966215,44.13615298142782,0.38636363636363635,200
O=C1CC2C(CCCC2c2ccc(-c3ccc(-c4cc(S)no4)s3)s2)NN1,-0.20931714033363147,-28.33218389437829,-0.0,-28.54150103471192,0.5406828596663685,24.166091947189145,0.2962962962962963,200
CC(c1cccc(C2C=CCC(CN3CCNc4ccccc43)C2)c1)c1ccccc1Cl,-0.3381130872192095,-38.378078077305695,-0.0,-38.7161911645249,0.4118869127807905,29.189039038652847,0.37209302325581395,200
CC(F)c1ccc(-c2nc(-c3cc(C4C=CCC(CN5CCC(CCC6NC(C7CCOCC7)NO6)CC5)N4)no3)cs2)cc1,-0.5234212767815298,-33.51635264103861,-0.0,-34.039773917820135,0.2265787232184701,26.758176320519304,0.34831460674157305,200
C#Cc1cc(C2C=CCC(CN3CCNc4ccccc43)C2)ccc1Cc1ccccc1,-0.3603712611233795,-40.92618484691127,-0.0,-41.286556108034645,0.3896287388766205,30.463092423455635,0.37349397590361444,200
Cc1cccc(Cc2ccc(C3CC(N4CNNN4)CC=C3C(=O)NC3=CCC4NC(=O)C5CCCN5C(=O)C4C3)cc2Cl)c1,-0.41658158579482607,-74.29740187301027,-0.0,-74.7139834588051,0.33341841420517393,47.148700936505136,0.3258426966292135,200
O=C1N(CC2CC2)NC2C(c3ccc(-c4cc(Cc5cccs5)on4)s3)CCCCN12,-0.20107768600404052,-31.96152422706632,-0.0,-32.16260191307036,0.5489223139959595,25.98076211353316,0.34523809523809523,200
CNCc1coc(-c2cc(-c3cc(N4CCC5CC=CCC54)on3)on2)c1,-0.06309736802163235,-24.45222154178574,-0.0,-24.515318909807373,0.6869026319783677,22.22611077089287,0.36486486486486486,200
Clc1ccccc1C1CCCCC1c1nc(-c2csc(C3C4CNCC3CNC4)n2)cs1,-0.2651718814580923,-37.23635208501674,-0.0,-37.501523966474835,0.4848281185419077,28.61817604250837,0.273972602739726,200
O=C(C1CNN(C2CC(c3ncno3)CCN2)C1)N1CCCC1c1ccc(C2CCC(c3cccs3)C2c2ccoc2)c(Cl)c1,-0.5124824050114457,-62.70429251254133,-0.0,-63.216774917552776,0.2375175949885543,41.352146256270665,0.30337078651685395,200
O=S(=O)(c1ccccc1)N1CC(C2NC(Cc3ccccc3)NO2)C1c1ccc(C2CCCCC2c2ccc(C3CCCCC3)c(Cl)c2)cc1Cl,-0.5713030080979686,-82.70345661174214,-0.0,-83.27475961984011,0.1786969919020313,51.35172830587107,0.24509803921568626,200
CC1(Oc2cccc(Cc3ccccc3)c2)C=CCC(CN2CCNc3ccccc32)C1,-0.2808479420610367,-39.02541825349483,-0.0,-39.306266195555864,0.4691520579389633,29.512709126747414,0.4927536231884058,200
O=C(CC1(N2CC=CC2)CCOCC1)NC1NNC(C2CCCCC2)[SH]1c1csc(-c2ccc(C3CCCC3c3cccs3)cc2Cl)n1,-0.6181817374405985,-55.736384915045946,-0.0,-56.35456665248655,0.13181826255940154,37.86819245752297,0.31521739130434784,200
O=C(C1CCOC1)N1CCC(OC2NOC(C3CNCCN3)N2)CC1Cc1ccc(C(=S)c2cccs2)c(Cl)c1,-0.4827269356670107,-80.99504938362078,-0.0,-81.4777763192878,0.2672730643329893,50.49752469181039,0.3888888888888889,200
O=C(CCN1CCCN1)N1CCCC1CCC1NCCN1CC1CC1c1cc(-c2ccc(C3CCCCC3c3ccccc3Cl)s2)no1,-0.5418200614507038,-45.23802572120036,-0.0,-45.779845782651066,0.20817993854929615,32.61901286060018,0.3176470588235294,200
CNCC12CC=CCC1N(c1cc(-c3cc(-c4nccs4)co3)no1)CC2,-0.08251014491354103,-31.303021353522638,-0.0,-31.38553149843618,0.667489855086459,25.65151067676132,0.345679012345679,200
C1=CCC2C(C1)CCN2c1csc(-c2csc(-c3coc(C4CCCC4)c3)n2)n1,-0.3136208572499489,-31.92301994298868,-0.0,-32.23664080023863,0.4363791427500511,25.96150997149434,0.3188405797101449,200
CN(C)c1ccc(-c2ccc(-c3cc(C4C5CNCC4CNC5)on3)s2)s1,-0.05092883433818396,-40.266076693277455,-0.0,-40.31700552761564,0.699071165661816,30.133038346638727,0.30985915492957744,200
O=S(=O)(c1ccccc1)N1CC(C2NC(Cc3ccccc3)NO2)C1c1ccc(C2C(c3ccccc3)CCCC2C2CCCC2)c(Cl)c1,-0.5663504350405993,-79.43842315724842,-0.0,-80.00477359228903,0.18364956495940066,49.71921157862421,0.24509803921568626,200
O=C(CCS(=O)(=O)C1=CC=CC2NCCC2C1)N1CCCN2NC(c3ccccc3)CC2C1c1ccc(Cc2ccccc2C2CCCC2)cc1,-0.5036415054922088,-52.993150363578636,-0.0,-53.49679186907085,0.24635849450779126,36.49657518178932,0.3111111111111111,200
Clc1cc(-c2cc(-c3cc(C4C=CCC(CN5CCC(CCC6NC(C7CCOCC7)NO6)CC5)N4)on3)co2)ccc1C1CCCC1,-0.5618791059122602,-34.99090833947008,-0.0,-35.55278744538234,0.18812089408773983,27.49545416973504,0.38372093023255816,200
CC(F)(c1ccc(CCF)cc1)c1ccc(C2C(CC3NCNN3)CN2C(=O)Nc2ccccc2)c(Cl)c1,-0.45195310698615804,-50.171219171395336,-0.0,-50.623172278381496,0.29804689301384196,35.08560958569767,0.2608695652173913,200
O=C(COc1ccccc1)N1CC(C2NCON2)C2(CCOCC2)C1c1ccc(Cc2ccc(CCF)s2)cc1,-0.35572177373200803,-68.24964589164084,-0.0,-68.60536766537285,0.39427822626799197,44.12482294582042,0.41379310344827586,200
O=C(CCS(=O)(=O)C1=CC=CC2NCCC2C1)N1CCCN2NC(c3ccccc3)CC2C1c1ccc(C2CCCCC2)c(C2CCCCC2c2cccc(Cl)c2)c1,-0.5261369344032639,-55.07329751649384,-0.0,-55.5994344508971,0.22386306559673608,37.53664875824692,0.2978723404255319,200
CC(F)(c1ccc(C2CCCCC2)cc1)c1ccc(C2C3CC(c4ccccc4)NN3CCCN2C(=O)CCS(=O)(=O)C2=CC=CC3NCCC3C2)s1,-0.5208886104486321,-55.33923280734945,-0.0,-55.86012141779808,0.22911138955136787,37.66961640367472,0.29473684210526313,200
CC(F)c1ccc(C2CCCCC2c2ccc(C3CCCN3C(=O)C3CNN(C4CC(c5ncno5)CCN4)C3)cc2)s1,-0.418536382031159,-65.97674104081871,-0.0,-66.39527742284987,0.331463617968841,42.988370520409354,0.29545454545454547,200
CC(c1ccc(C2N(C(=O)COc3ccccc3)CC(C3NCON3)C23CCOCC3)cc1)c1cccc(Cl)c1,-0.34086652984358834,-61.486195149853444,-0.0,-61.82706167969703,0.40913347015641166,40.74309757492672,0.43023255813953487,200
ClN1CCC2(c3csc(-c4cccc(-c5cccs5)c4)n3)CC=CCC12,-0.3731205178879961,-35.17245689653489,-0.0,-35.54557741442289,0.3768794821120039,27.586228448267445,0.24324324324324326,200
c1csc(C2CCCC2c2ccc(-c3csc(C4NCCCC4CN4CNC5CCCNC54)n3)cc2)c1,-0.38186954007367485,-33.70288632839021,-0.0,-34.08475586846388,0.36813045992632515,26.851443164195103,0.3157894736842105,200
CC(F)c1nc(-c2csc(-c3ccc(C4CNCCC4CN4CNNC4C4CCCN4C(=O)CC4CCNCC4)s3)n2)cs1,-0.4891928761448368,-44.49806198638839,-0.0,-44.98725486253323,0.2608071238551632,32.2490309931942,0.30120481927710846,200
CN(Cc1ccc(-c2nc(N3CCC4CC=CCC43)cs2)s1)c1ccccc1,-0.27021859653580865,-33.0659966456864,-0.0,-33.3362152422222,0.47978140346419135,26.5329983228432,0.3484848484848485,200
O=C(NC1=CCC2NC(=O)C3CCCN3C(=O)C2C1)C1=CCC(N2CNNN2)CC1c1cccc(-c2ccc(CC(F)c3cccs3)cc2)c1,-0.5146534002106067,-74.36100889668359,-0.0,-74.87566229689419,0.23534659978939326,47.18050444834179,0.30526315789473685,200
O=C(NC1CCCC1C(=O)N1CCc2ccccc2C1)C1=CC=C[SH]1c1ccc(C=Cc2coc(-c3cccs3)c2)s1,-0.5411718002318422,-44.09368143584827,-0.0,-44.63485323608011,0.2088281997681578,32.046840717924134,0.3815789473684211,200
O=C(C1CCOC1)N1CCCC(CCCN2CCCO2)C1c1cc(C(=S)c2nc(-c3ccoc3)cs2)co1,-0.49689070027366666,-44.89992295835181,-0.0,-45.396813658625476,0.25310929972633334,32.449961479175904,0.3333333333333333,200
O=C(NC1CCCC1C(=O)N1CCc2ccccc2C1)C1=CC=C[SH]1c1cc(C2CCCC2c2cccc(-c3ccco3)c2)no1,-0.5455179616293969,-47.468511173732,-0.0,-48.0140291353614,0.2044820383706031,33.734255586866,0.35365853658536583,200
FCOc1ccc(-c2nc(-c3cc(C4C=CCC(N5CCCC5)C4)on3)cs2)cc1Cl,-0.34661827434528203,-31.497572758334933,-0.0,-31.844191032680214,0.40338172565471797,25.748786379167466,0.4342105263157895,200
O=C(CC1(N2CC=CC2)CCOCC1)NC1NNC(C2CCCCC2)[SH]1c1cc(-c2csc(-c3ccc(C4CCCCC4)cc3)n2)co1,-0.6147432887036923,-48.64400920692205,-0.0,-49.25875249562574,0.13525671129630762,34.322004603461025,0.32954545454545453,200
O=C1NC(c2ccccc2)NC2C1CCNC2c1cccc(Cc2ccc(C3CCCCC3)c(Cl)c2)c1,-0.3810626204049519,-43.84355879804947,-0.0,-44.224621418454426,0.3689373795950481,31.921779399024736,0.30985915492957744,200
CN(C)c1nc(-c2ccc(-c3cc(C4C5CNCC4CNC5)on3)s2)cs1,-0.049723274339929735,-44.62197768561404,-0.0,-44.671700959953974,0.7002767256600703,32.31098884280702,0.3013698630136986,200
O=C(CC1CCNCC1)N1CCCC1C1NNCN1CC1CCNCC1c1ccc(-c2cc(-c3csc(C4CCCCC4)n3)no2)cc1,-0.5085134831437332,-45.02307282803544,-0.0,-45.53158631117917,0.24148651685626682,32.51153641401772,0.32142857142857145,200
CNCc1coc(-c2ccc(-c3ccc(C4CC4CN4CCNC4CCC4CCCN4C(=O)CCN4CCCN4)s3)cc2)c1,-0.5031927547724855,-45.23802572120036,-0.0,-45.74121847597284,0.2468072452275145,32.61901286060018,0.3291139240506329,200
CC(F)C1(c2ccc(-c3ccc(-c4ccon4)s3)cc2Cl)C=CCC(CN2CCC(CCC3NC(C4CCOCC4)NO3)CC2)N1,-0.5485244538610632,-34.55272678794342,-0.0,-35.10125124180448,0.2014755461389368,27.27636339397171,0.3516483516483517,200
O=C(C1CCOC1)N1CCC(OC2NOC(C3CNCCN3)N2)CC1c1ccc(-c2ccc(C3CCCCC3c3ccoc3)c(Cl)c2)s1,-0.5063805314973835,-61.092539730853176,-0.0,-61.59892026235056,0.24361946850261645,40.54626986542659,0.38202247191011235,200
O=C(COc1ccccc1)N1CC(C2NCON2)C2(CCOCC2)C1c1ccc(-c2ccc(Cc3ccoc3)s2)cc1,-0.46279703114366394,-70.68627239003708,-0.0,-71.14906942118074,0.28720296885633606,45.34313619501854,0.4175824175824176,200
O=C1CCCC1CCNC(=O)C1NC(c2ccccc2)N2C(c3ccc(CC(F)c4ccccc4Cl)cc3C3CCCC3)CCCCC12,-0.5238679022779216,-38.9915248150105,-0.0,-39.51539271728842,0.22613209772207848,29.49576240750525,0.3783783783783784,200
CNCc1ccc(-c2cc(-c3ccc(C4C=CCC(C5NCCN6CCNC56)C4)s3)no2)s1,-0.28915405863452126,-25.077710678338576,-0.0,-25.3668647369731,0.46084594136547874,22.538855339169288,0.36,200
Clc1cc(C2CCCCC2)ccc1C1(c2csc(-c3nccs3)n2)C=CCC(CN2CCC(CCC3NC(C4CCOCC4)NO3)CC2)N1,-0.5670947371373146,-32.191953402799555,-0.0,-32.75904813993687,0.18290526286268535,26.095976701399778,0.3333333333333333,200
Cc1cc(-c2nc(-c3cc(C4C=CCC(C5=CCC(N6CCOCC6)NN5)C4)on3)cs2)no1,-0.22269829082029902,-36.674509261219015,-0.0,-36.89720755203931,0.527301709179701,28.337254630609507,0.35714285714285715,200
O=C(CCS(=O)(=O)C1=CC=CC2NCCC2C1)N1CCCN2NC(c3ccccc3)CC2C1c1ccc(C2CCCC2c2ccc(C3CCCCC3)cc2)cc1,-0.52382139374822,-53.810568348983736,-0.0,-54.33438974273196,0.22617860625178002,36.90528417449187,0.3,200
O=C(C1CCOC1)N1CCC(OC2NOC(C3CNCCN3)N2)CC1c1coc(-c2cccc(Cc3ccco3)c2)c1,-0.4322414928974949,-58.99367063252599,-0.0,-59.42591212542349,0.3177585071025051,39.496835316262995,0.39325842696629215,200
O=C(CC1(N2CC=CC2)CCOCC1)NC1NNC(C2CCCCC2)[SH]1c1ccc(-c2ccc(-c3csc(CCF)n3)s2)s1,-0.608311338133563,-42.76941930590086,-0.0,-43.37773064403442,0.141688661866437,31.38470965295043,0.3111111111111111,200
O=C(CC1CCNCC1)N1CCCC1C1NNCN1CC1CCNCC1c1cc(-c2nc(-c3ccc(C4CCCC4)s3)cs2)co1,-0.5133702329564971,-40.530983801686226,-0.0,-41.04435403464272,0.23662976704350286,30.265491900843113,0.3333333333333333,200
C=Cc1cc(-c2ccc(-c3csc(C4C=CCC(CN5CCC(CCC6NC(C7CCOCC7)NO6)CC5)N4)n3)s2)on1,-0.5083132181065687,-34.954526656136345,-0.0,-35.46283987424292,0.2416867818934313,27.477263328068172,0.3488372093023256,200
CC(F)c1cc(-c2csc(-c3ccc(C4CCCCN5C(=O)N(CC6CC6)NC45)s3)n2)co1,-0.3125552934273143,-25.607017003965517,-0.0,-25.919572297392833,0.4374447065726857,22.80350850198276,0.3411764705882353,200
CC(F)(Cc1ccccc1)c1ccc(C2CN(c3ccccc3)CCN2C2=NCCN2C(=O)c2ccccc2)cc1,-0.4724033477130999,-77.85703858180054,-0.0,-78.32944192951364,0.2775966522869001,48.92851929090027,0.3287671232876712,200
O=C(C1CCOC1)N1CCCC(CCCN2CCCO2)C1c1ccc(-c2ccc(-c3ccc(C4CCCC4)s3)cc2)s1,-0.5044884191626653,-52.773621594641014,-0.0,-53.278110013803676,0.2455115808373347,36.38681079732051,0.35443037974683544,200
O=C(Nc1ccccc1)N1CC(CC2NCNN2)C1c1ccc(Cc2ccc(C3CCCC3)cc2)cc1Cl,-0.45446198463449244,-50.171219171395336,-0.0,-50.62568115602983,0.29553801536550756,35.08560958569767,0.25842696629213485,200
O=C1CCCC1CCNC(=O)C1NC(c2ccccc2)N2C(c3ccc(-c4ccc(C5CCCCC5)c(Cl)c4)cc3CCF)CCCCC12,-0.5264023115828038,-30.27922035990614,-0.0,-30.805622671488944,0.2235976884171962,25.13961017995307,0.3918918918918919,200
O=C(C1CNN(C2CC(c3ncno3)CCN2)C1)N1CCCC1c1cc(-c2ccc(C3CCCC3c3cccs3)cc2Cl)co1,-0.5207999311191915,-55.65712127751095,-0.0,-56.177921208630146,0.22920006888080852,37.82856063875548,0.3146067415730337,200
O=C(CC1CCNCC1)N1CCCC1C1NNCN1CC1CCNCC1c1ccc(-c2cc(CC(F)c3ccccc3Cl)on2)s1,-0.5124062443870242,-42.609903369994115,-0.0,-43.12230961438114,0.23759375561297583,31.304951684997057,0.3181818181818182,200
CC(F)c1ccc(C(C)(F)c2ccc(C3CN(c4ccccc4)CCN3C3=NCCN3C(=O)c3ccccc3)cc2)s1,-0.512653155941802,-74.78396488858229,-0.0,-75.2966180445241,0.23734684405819798,47.391982444291145,0.32,200
O=C(Nc1ccccc1)N1CC(CC2NCNN2)C1c1ccc(C=Cc2ccc(CCF)c(Cl)c2)cc1Cl,-0.501330472799018,-61.21576201698781,-0.0,-61.71709248978683,0.248669527200982,40.607881008493905,0.25274725274725274,200
Cc1ccc(C(C)(F)c2ccc(C3C4CC(c5ccccc5)NN4CCCN3C(=O)CCS(=O)(=O)C3=CC=CC4NCCC4C3)cc2)cc1,-0.4654355354283249,-52.993150363578636,-0.0,-53.45858589900696,0.2845644645716751,36.49657518178932,0.30851063829787234,200
c1cc(-c2ccc(C3CCCC3)s2)ccc1-c1cc(C2C3CNCC2CNC3)on1,-0.14363061748853567,-47.82329983125268,-0.0,-47.966930448741216,0.6063693825114643,33.91164991562634,0.3088235294117647,200
CN(Cc1coc(C2CCCCN3C(=O)N(CC4CC4)NC23)c1)c1ccc(-c2cccs2)s1,-0.29801249663799806,-35.06359959174482,-0.0,-35.36161208838281,0.45198750336200194,27.53179979587241,0.35365853658536583,200
Cc1ccc(Cc2ccc(C3C(C4NC(Cc5ccccc5)NO4)CN3S(=O)(=O)c3ccccc3)cc2)cc1Cl,-0.46376284271020507,-78.89388252060893,-0.0,-79.35764536331914,0.28623715728979493,49.44694126030446,0.24,200
C=Cc1ccc(C2CCCCC3C(C(=O)NCCC4CCCC4=O)NC(c4ccccc4)N23)cc1C1CCCCC1c1ccco1,-0.4973595511558968,-42.321745803531535,-0.0,-42.81910535468743,0.2526404488441032,31.160872901765767,0.4027777777777778,200
C=Cc1ccc(C(C)(F)c2ccc(C3N(C(=O)COc4ccccc4)CC(C4NCON4)C34CCOCC4)s2)cc1Cl,-0.42734408600433826,-68.34025130143111,-0.0,-68.76759538743545,0.32265591399566174,44.170125650715555,0.41304347826086957,200
O=C(C1CNN(C2CC(c3ncno3)CCN2)C1)N1CCCC1c1ccc(-c2csc(C3CCCCC3c3ccco3)n2)c(Cl)c1,-0.5200132677797574,-63.40263784797217,-0.0,-63.92265111575193,0.2299867322202426,41.701318923986086,0.3111111111111111,200
FC(F)(F)c1ccc(C(=S)c2ccc(C3C=CCC(CN4CCNc5ccccc54)C3)cc2)s1,-0.527446116750843,-45.1766829472013,-0.0,-45.704129063952145,0.22255388324915706,32.58834147360065,0.32432432432432434,200
O=C(CC1CCNCC1)N1CCCC1C1NNCN1CC1CCNCC1c1ccc(-c2nc(C3CCCCC3c3cccs3)cs2)cc1,-0.5328081403198589,-42.25752966509352,-0.0,-42.79033780541338,0.2171918596801411,31.12876483254676,0.3,200
FCCc1nc(-c2coc(-c3nc(C4C5CNCC4CNC5)cs3)c2)cs1,-0.06916657857938158,-43.71812928829596,-0.0,-43.78729586687535,0.6808334214206184,31.85906464414798,0.34285714285714286,200
O=C(NC1=CCC2NC(=O)C3CCCN3C(=O)C2C1)C1=CCC(N2CNNN2)CC1c1ccc(Cc2ccc(-c3cccs3)cc2Cl)s1,-0.5052493205463926,-66.69486720677297,-0.0,-67.20011652731937,0.24475067945360734,43.347433603386484,0.3125,200
S=C(Cc1ccc(C2C=CCC(CN3CCNc4ccccc43)C2)cc1Cl)c1cccc(Cl)c1,-0.5428058042402436,-52.332565280100496,-0.0,-52.87537108434074,0.20719419575975642,36.16628264005025,0.35714285714285715,200
CC(F)(c1nccs1)c1ccc(-c2cccc(C3NCCN3CCNN3NC(=O)C3CC3CC3)c2)cc1Cl,-0.41040222172540114,-48.46897107449476,-0.0,-48.87937329622016,0.33959777827459886,34.23448553724738,0.2903225806451613,200
CC(C)(Nc1csc(-c2cc(C3C=CCC(C4NCCN5CCNC45)C3)no2)n1)c1cccs1,-0.31497648760231334,-36.24944444170093,-0.0,-36.564420929303246,0.43502351239768666,28.124722220850465,0.34615384615384615,200
O=C(CC1CCNCC1)N1CCCC1C1NNCN1CC1CCNCC1c1cccc(C2CCCCC2c2nc(-c3cccs3)cs2)c1,-0.5328081403198589,-42.12889826803627,-0.0,-42.661706408356125,0.2171918596801411,31.064449134018133,0.3,200
S=Cc1ccc(C2(c3cc(-c4nccs4)co3)C=CCC(CN3CCC(CCC4NC(C5CCOCC5)NO4)CC3)N2)c(Cl)c1,-0.5785844910658738,-36.42694391866354,-0.0,-37.005528409729415,0.17141550893412613,28.21347195933177,0.3516483516483517,200
O=S(=O)(c1ccccc1)N1CC(C2NC(Cc3ccccc3)NO2)C1c1cccc(Cc2ccc(C3CCCCC3)c(Cl)c2)c1,-0.5501260442084177,-89.78160137290766,-0.0,-90.33172741711607,0.19987395579158232,54.89080068645383,0.24509803921568626,200
O=C1Nc2ccccc2OCC1CC(=O)N1CCN(C2CCCCN2)CC1c1ccc(-c2ccc(Cc3ccccc3)cc2)cc1,-0.49303783637613496,-75.58242516278817,-0.0,-76.0754629991643,0.25696216362386504,47.791212581394085,0.45,200
O=C1N(CC2CC2)NC2C(c3nc(-c4ccc(-c5nc(C6CCCCC6)cs5)s4)cs3)CCCCN12,-0.39269434505209244,-33.925875050851054,-0.0,-34.31856939590315,0.35730565494790756,26.962937525425527,0.3170731707317073,200
Cc1cccc(-c2ccc(C3CCCCC4C(C(=O)NCCC5CCCC5=O)NC(c5ccccc5)N34)cc2C(C)F)c1,-0.4611670731858102,-28.33218389437829,-0.0,-28.7933509675641,0.2888329268141898,24.166091947189145,0.3783783783783784,200
CC(F)C(F)(Cc1ccc(C2N(C(=O)COc3ccccc3)CC(C3NCON3)C23CCOCC3)c(Cl)c1)c1ccccc1,-0.44084288202133115,-66.55634003352961,-0.0,-66.99718291555094,0.30915711797866885,43.278170016764804,0.43023255813953487,200
O=C(NC1CCCC1C(=O)N1CCc2ccccc2C1)C1=CC=CS1(CCF)c1ccc(-c2cc(-c3cccs3)co2)s1,-0.5366855715107394,-54.672618810377884,-0.0,-55.20930438188862,0.21331442848926066,37.33630940518894,0.38461538461538464,200
O=C(CC1(N2CC=CC2)CCOCC1)NC1NNC(C2CCCCC2)[SH]1c1csc(Cc2ccc(-c3cccs3)cc2)n1,-0.5807975350246521,-60.14985963805552,-0.0,-60.73065717308017,0.1692024649753478,40.07492981902776,0.3181818181818182,200
CC(F)c1cc(Cc2ccc(C3C(CC4NCNN4)CN3C(=O)Nc3ccccc3)cc2)co1,-0.3344446423288028,-52.8285658241325,-0.0,-53.1630104664613,0.4155553576711972,36.41428291206625,0.2727272727272727,200
O=C(c1ccccc1)N1CCN=C1N1CCN(c2ccccc2)CC1c1ccc(C2CCCC(C3CCCCC3)C2c2cccs2)c(Cl)c1,-0.5478014253177992,-67.54427451295716,-0.0,-68.09207593827496,0.20219857468220076,43.77213725647858,0.3108108108108108,200
CC(F)(c1ccc(C2CCCCC2)cc1)c1ccc(C2C3CC(c4ccccc4)NN3CCCN2C(=O)CCS(=O)(=O)C2=CC=CC3NCCC3C2)cc1,-0.5202036664504113,-52.993150363578636,-0.0,-53.51335403002905,0.22979633354958873,36.49657518178932,0.2978723404255319,200
CN(C)c1ccc(-c2csc(-c3ccc(C4C=CCC(N5CCCC5)C4)s3)n2)c(Cl)c1,-0.38058557683247796,-31.691391933280343,-0.0,-32.07197751011282,0.36941442316752204,25.84569596664017,0.35714285714285715,200
CNCc1ccc(Cc2ccc(C3C=CCC(CN4CCNc5ccccc54)C3)cc2)cc1Cl,-0.37161853464088623,-36.674509261219015,-0.0,-37.0461277958599,0.37838146535911377,28.337254630609507,0.3595505617977528,200
CC(F)(c1cscn1)c1cc(C2(Cl)C3CNCC2CNC3)on1,-0.0,-81.66612021711067,-0.0,-81.66612021711067,0.8257378809850943,50.83306010855534,0.2465753424657534,200
O=C(C1CCOC1)N1CCCC(CCCN2CCCO2)C1c1coc(CC(F)c2ccc(-c3cccs3)s2)c1,-0.489538711939803,-47.85278181474949,-0.0,-48.34232052668929,0.260461288060197,33.926390907374746,0.35365853658536583,200
O=C(C1CCOC1)N1CCCC(CCCN2CCCO2)C1C=Cc1cc(-c2csc(-c3ccccc3)n2)on1,-0.40266749929326245,-43.90618123468183,-0.0,-44.3088487339751,0.34733250070673755,31.953090617340916,0.3372093023255814,200
CC1CCCCC1c1cc(C2CCCCC2c2ccc(C3CC(N4CNNN4)CC=C3C(=O)NC3=CCC4NC(=O)C5CCCN5C(=O)C4C3)cc2)co1,-0.5111616247719157,-87.66615066955816,-0.0,-88.17731229433008,0.23883837522808427,53.83307533477908,0.32954545454545453,200
